symbol,timestamp,open,high,low,close,volume
ETH/USD,2025-01-15,3224.4,3474.3,3185.2,3452.2,8974.83508469
ETH/USD,2025-01-16,3451.5,3459.5,3265.7,3306.0,7294.17961204
ETH/USD,2025-01-17,3309.3,3526.7,3307.6,3474.6,8446.20936699
ETH/USD,2025-01-18,3475.5,3495.8,3227.0,3305.2,10814.37515587
ETH/USD,2025-01-19,3304.1,3445.3,3127.0,3211.8,15520.18956842
ETH/USD,2025-01-20,3210.1,3448.7,3140.5,3280.3,12670.28690966
ETH/USD,2025-01-21,3277.5,3368.3,3201.5,3327.6,9588.1192117
ETH/USD,2025-01-22,3330.5,3365.1,3222.1,3239.8,7676.30734227
ETH/USD,2025-01-23,3238.4,3346.6,3183.0,3339.1,6448.56804778
ETH/USD,2025-01-24,3341.4,3427.4,3275.9,3311.0,6021.69432698
ETH/USD,2025-01-25,3309.7,3350.0,3269.7,3317.9,2165.65298635
ETH/USD,2025-01-26,3320.9,3359.6,3229.5,3231.3,3371.92050419
ETH/USD,2025-01-27,3228.0,3251.5,3024.0,3181.9,16821.74301423
ETH/USD,2025-01-28,3181.7,3224.9,3039.0,3075.8,4970.19146861
ETH/USD,2025-01-29,3077.6,3181.1,3055.0,3114.2,4377.18334445
ETH/USD,2025-01-30,3114.3,3283.1,3092.2,3247.8,5651.86284548
ETH/USD,2025-01-31,3247.2,3437.9,3214.0,3300.1,8634.67643534
ETH/USD,2025-02-01,3299.5,3331.5,3101.6,3116.8,3380.51704713
ETH/USD,2025-02-02,3115.0,3162.5,2751.0,2869.1,14960.17996076
ETH/USD,2025-02-03,2869.6,2923.0,2118.0,2883.2,46609.82125989
ETH/USD,2025-02-04,2883.1,2891.4,2633.9,2731.4,28393.92306441
ETH/USD,2025-02-05,2731.5,2827.5,2700.1,2788.7,18123.51419583
ETH/USD,2025-02-06,2788.6,2857.0,2655.3,2687.0,18291.88811049
ETH/USD,2025-02-07,2687.4,2798.5,2564.2,2623.5,11100.25994478
ETH/USD,2025-02-08,2622.8,2666.8,2589.0,2633.0,38899.79906123
ETH/USD,2025-02-09,2633.2,2698.6,2524.0,2628.6,10286.47001115
ETH/USD,2025-02-10,2627.2,2693.6,2563.7,2661.7,6630.57754143
ETH/USD,2025-02-11,2661.6,2725.0,2560.5,2601.7,9253.95410812
ETH/USD,2025-02-12,2601.1,2795.0,2548.6,2738.0,11834.52128994
ETH/USD,2025-02-13,2738.9,2757.8,2613.6,2676.0,7220.42011177
ETH/USD,2025-02-14,2676.0,2792.2,2665.2,2725.7,6782.85041018
ETH/USD,2025-02-15,2726.6,2739.0,2666.5,2693.8,3019.37615668
ETH/USD,2025-02-16,2693.7,2725.7,2653.4,2661.6,2585.91038618
ETH/USD,2025-02-17,2660.8,2849.5,2638.5,2743.6,9503.76207414
ETH/USD,2025-02-18,2743.6,2756.1,2605.0,2670.1,13885.60442574
ETH/USD,2025-02-19,2670.1,2735.9,2655.5,2715.4,8287.12940417
ETH/USD,2025-02-20,2715.4,2770.2,2707.9,2738.5,5605.99824924
ETH/USD,2025-02-21,2738.6,2844.6,2614.9,2660.5,26490.31372739
ETH/USD,2025-02-22,2661.1,2797.7,2652.4,2763.4,12466.06041915
ETH/USD,2025-02-23,2763.4,2865.0,2746.0,2819.1,8957.1291272
ETH/USD,2025-02-24,2819.4,2838.8,2472.9,2513.2,21009.44104808
ETH/USD,2025-02-25,2513.3,2530.5,2317.4,2491.9,46561.30575615
ETH/USD,2025-02-26,2492.6,2503.6,2253.0,2332.2,9405.40196366
ETH/USD,2025-02-27,2333.5,2378.6,2229.0,2305.3,7994.74077255
ETH/USD,2025-02-28,2305.4,2312.0,2074.0,2235.8,31463.93049357
ETH/USD,2025-03-01,2236.8,2279.8,2143.4,2216.5,6972.21626315
ETH/USD,2025-03-02,2215.5,2551.4,2172.5,2518.1,30555.15144329
ETH/USD,2025-03-03,2518.3,2523.2,2093.1,2147.5,18407.265125
ETH/USD,2025-03-04,2146.9,2221.5,1990.6,2171.0,43071.7843738
ETH/USD,2025-03-05,2170.1,2272.2,2155.2,2241.5,15003.06031417
ETH/USD,2025-03-06,2240.8,2320.2,2176.9,2202.5,10370.70443928
ETH/USD,2025-03-07,2203.5,2258.0,2103.0,2140.8,12781.17804213
ETH/USD,2025-03-08,2138.1,2231.7,2108.3,2203.0,5774.89781721
ETH/USD,2025-03-09,2203.0,2211.2,1985.4,2019.6,18758.16731478
ETH/USD,2025-03-10,2020.1,2147.1,1810.0,1864.3,46885.14608239
ETH/USD,2025-03-11,1865.7,1961.8,1754.2,1922.2,18260.87095819
ETH/USD,2025-03-12,1923.0,1955.7,1829.3,1908.0,13624.31349027
ETH/USD,2025-03-13,1908.0,1918.7,1822.3,1863.7,12990.72169006
ETH/USD,2025-03-14,1864.0,1945.5,1825.4,1911.7,11385.63770475
ETH/USD,2025-03-15,1911.6,1956.6,1903.8,1937.4,2849.62443311
ETH/USD,2025-03-16,1937.4,1941.0,1862.2,1887.5,4459.44986594
ETH/USD,2025-03-17,1887.0,1951.9,1880.0,1926.4,7095.22207117
ETH/USD,2025-03-18,1926.4,1935.7,1873.2,1931.2,6596.81991577
ETH/USD,2025-03-19,1931.2,2070.5,1927.8,2056.8,13218.0099415
ETH/USD,2025-03-20,2058.2,2067.9,1952.1,1982.6,7623.60438191
ETH/USD,2025-03-21,1982.6,1995.4,1935.6,1965.2,6849.36225046
ETH/USD,2025-03-22,1965.2,2005.3,1964.1,1980.6,2334.53821043
ETH/USD,2025-03-23,1979.8,2020.0,1976.8,2005.9,3513.50239206
ETH/USD,2025-03-24,2003.7,2103.3,1978.4,2081.1,7216.48191181
ETH/USD,2025-03-25,2081.5,2095.1,2037.9,2066.5,5865.24931756
ETH/USD,2025-03-26,2066.8,2078.8,1981.5,2009.6,7990.14857374
ETH/USD,2025-03-27,2009.6,2037.1,1987.7,2003.2,8338.97576601
ETH/USD,2025-03-28,2003.1,2015.7,1859.2,1896.0,15001.63757727
ETH/USD,2025-03-29,1896.1,1911.9,1777.0,1827.2,4386.88795793
ETH/USD,2025-03-30,1827.8,1847.9,1768.1,1806.7,4706.47509827
ETH/USD,2025-03-31,1807.3,1852.7,1777.9,1821.8,6678.28183494
ETH/USD,2025-04-01,1821.0,1927.3,1817.9,1905.6,16098.34798024
ETH/USD,2025-04-02,1905.1,1952.9,1782.4,1795.4,18039.72924801
ETH/USD,2025-04-03,1794.7,1841.1,1750.0,1815.5,10657.92497237
ETH/USD,2025-04-04,1816.7,1834.5,1758.8,1815.7,4877.42414275
ETH/USD,2025-04-05,1816.5,1826.3,1763.1,1805.4,2436.62781501
ETH/USD,2025-04-06,1805.0,1815.7,1538.0,1579.2,31191.78263209
ETH/USD,2025-04-07,1580.0,1636.7,1411.2,1551.0,24242.44185708
ETH/USD,2025-04-08,1552.2,1617.5,1432.0,1471.9,18323.61124326
ETH/USD,2025-04-09,1472.3,1687.2,1385.7,1668.9,16415.58921175
ETH/USD,2025-04-10,1668.9,1668.9,1473.0,1521.6,11264.36924419
ETH/USD,2025-04-11,1521.1,1590.1,1505.2,1567.2,8344.91420013
ETH/USD,2025-04-12,1566.3,1668.5,1545.9,1643.9,8199.54633377
ETH/USD,2025-04-13,1643.9,1648.8,1563.1,1596.8,7213.28812904
ETH/USD,2025-04-14,1597.2,1690.5,1595.2,1623.7,10236.45743186
ETH/USD,2025-04-15,1623.6,1660.7,1585.0,1588.9,5496.20317648
ETH/USD,2025-04-16,1588.8,1613.2,1539.4,1576.9,8963.40290881
ETH/USD,2025-04-17,1577.2,1616.0,1564.2,1583.9,5755.7504112
ETH/USD,2025-04-18,1584.0,1600.5,1574.0,1588.4,3353.05391337
ETH/USD,2025-04-19,1588.4,1630.1,1585.0,1612.5,12323.12205937
ETH/USD,2025-04-20,1612.8,1618.5,1565.7,1587.4,17191.98129544
ETH/USD,2025-04-21,1587.4,1657.6,1563.8,1579.6,10951.66855345
ETH/USD,2025-04-22,1579.5,1777.9,1540.0,1756.7,22977.64845634
ETH/USD,2025-04-23,1757.2,1835.0,1746.0,1796.0,21854.48957473
ETH/USD,2025-04-24,1795.7,1802.9,1723.9,1770.1,8113.03864954
ETH/USD,2025-04-25,1770.5,1827.3,1740.0,1786.5,15863.41051755
ETH/USD,2025-04-26,1785.7,1841.1,1780.4,1821.0,3628.39412734
ETH/USD,2025-04-27,1821.1,1855.7,1783.9,1792.3,4641.97371388
ETH/USD,2025-04-28,1791.9,1828.0,1746.8,1800.2,10247.33553408
ETH/USD,2025-04-29,1801.0,1842.6,1781.6,1798.9,7794.04733939
ETH/USD,2025-04-30,1798.1,1816.9,1733.2,1794.0,6917.49954208
ETH/USD,2025-05-01,1794.1,1873.2,1792.7,1839.0,5500.69498464
ETH/USD,2025-05-02,1838.2,1870.0,1814.9,1843.0,3454.01490625
ETH/USD,2025-05-03,1842.1,1849.0,1811.0,1834.2,2079.99250199
ETH/USD,2025-05-04,1834.1,1849.4,1803.9,1808.7,1576.6278248
ETH/USD,2025-05-05,1808.3,1832.6,1783.2,1820.2,2954.98083819
ETH/USD,2025-05-06,1820.1,1820.3,1753.2,1816.4,3428.15622526
ETH/USD,2025-05-07,1816.8,1849.3,1788.0,1811.6,5599.89341779
ETH/USD,2025-05-08,1811.3,2225.0,1809.1,2208.4,21528.12424801
ETH/USD,2025-05-09,2206.8,2489.2,2184.6,2344.8,23224.94717748
ETH/USD,2025-05-10,2344.7,2600.0,2317.9,2585.2,11404.13028785
ETH/USD,2025-05-11,2584.5,2606.5,2437.1,2512.7,8248.44227895
ETH/USD,2025-05-12,2514.6,2624.5,2407.5,2495.5,13935.46530525
ETH/USD,2025-05-13,2495.5,2738.9,2415.9,2680.3,15759.77657271
ETH/USD,2025-05-14,2679.5,2720.0,2549.0,2610.2,6236.7682269
ETH/USD,2025-05-15,2610.1,2646.0,2478.8,2548.7,8208.43669006
ETH/USD,2025-05-16,2549.9,2649.0,2530.4,2536.5,10654.35987549
ETH/USD,2025-05-17,2537.4,2537.4,2447.5,2476.2,5332.48239231
ETH/USD,2025-05-18,2477.2,2587.7,2325.0,2499.6,11355.72938957
ETH/USD,2025-05-19,2499.4,2547.3,2349.5,2529.2,17878.45852162
ETH/USD,2025-05-20,2528.6,2587.9,2442.4,2524.6,10468.60291592
ETH/USD,2025-05-21,2525.7,2616.2,2454.0,2552.1,16841.32168338
ETH/USD,2025-05-22,2552.4,2692.2,2547.3,2665.8,9221.15160639
ETH/USD,2025-05-23,2663.3,2734.0,2500.0,2527.0,18363.7239836
ETH/USD,2025-05-24,2526.6,2576.5,2515.8,2531.1,3618.16177805
ETH/USD,2025-05-25,2531.7,2555.5,2465.4,2552.3,4611.29537686
ETH/USD,2025-05-26,2553.4,2600.6,2526.7,2564.8,4576.48725292
ETH/USD,2025-05-27,2564.6,2713.8,2512.0,2662.2,10990.15091589
ETH/USD,2025-05-28,2661.6,2690.0,2611.7,2682.3,7583.09985464
ETH/USD,2025-05-29,2682.5,2789.0,2619.6,2632.5,10677.61442778
ETH/USD,2025-05-30,2631.5,2648.0,2510.0,2532.2,7092.30057631
ETH/USD,2025-05-31,2531.0,2551.8,2479.7,2529.4,4944.78743593
ETH/USD,2025-06-01,2529.4,2548.6,2464.5,2539.2,4924.797122
ETH/USD,2025-06-02,2540.3,2616.8,2476.6,2608.6,10673.40970075
ETH/USD,2025-06-03,2608.9,2657.3,2581.6,2594.9,17682.41367392
ETH/USD,2025-06-04,2593.8,2680.0,2585.3,2609.0,6467.36888073
ETH/USD,2025-06-05,2609.1,2643.0,2391.8,2415.5,19126.15599191
ETH/USD,2025-06-06,2415.3,2531.9,2385.1,2478.1,12306.90397619
ETH/USD,2025-06-07,2478.3,2546.1,2458.9,2525.9,3504.0011013
ETH/USD,2025-06-08,2526.0,2549.0,2494.4,2510.7,3017.60975039
ETH/USD,2025-06-09,2510.1,2695.0,2479.0,2681.3,9173.70531171
ETH/USD,2025-06-10,2681.1,2827.5,2656.7,2816.7,20178.65213652
ETH/USD,2025-06-11,2816.3,2880.3,2743.9,2772.5,8603.41906721
ETH/USD,2025-06-12,2772.2,2784.6,2618.0,2645.2,10752.2086165
ETH/USD,2025-06-13,2644.1,2644.2,2439.9,2580.3,15394.45813599
ETH/USD,2025-06-14,2579.9,2580.3,2490.9,2532.5,6864.43535832
ETH/USD,2025-06-15,2532.9,2559.3,2489.9,2548.0,6088.3250986
ETH/USD,2025-06-16,2548.5,2681.1,2516.2,2537.4,15051.6983003
ETH/USD,2025-06-17,2545.2,2618.1,2436.4,2509.9,12297.18095434
ETH/USD,2025-06-18,2510.4,2548.6,2466.5,2524.7,8277.00193526
ETH/USD,2025-06-19,2525.5,2546.9,2485.5,2521.3,7123.09160244
ETH/USD,2025-06-20,2522.2,2569.4,2366.7,2407.6,10760.83101385
ETH/USD,2025-06-21,2407.2,2448.6,2218.6,2295.7,8342.74756191
ETH/USD,2025-06-22,2299.1,2313.9,2115.6,2229.1,12266.32588463
ETH/USD,2025-06-23,2228.6,2439.2,2190.3,2413.6,15428.36638874
ETH/USD,2025-06-24,2413.9,2482.8,2379.1,2449.8,13204.6090905
ETH/USD,2025-06-25,2449.9,2468.3,2392.0,2419.9,7011.15276738
ETH/USD,2025-06-26,2420.3,2521.1,2395.5,2417.3,8556.22919316
ETH/USD,2025-06-27,2417.1,2465.8,2384.5,2424.3,16999.53988151
ETH/USD,2025-06-28,2424.6,2448.8,2407.3,2437.1,3219.58916709
ETH/USD,2025-06-29,2437.7,2525.0,2413.9,2501.4,4676.79070189
ETH/USD,2025-06-30,2501.5,2523.6,2432.6,2486.0,11587.75069262
ETH/USD,2025-07-01,2486.1,2500.9,2385.1,2405.7,6001.78809559
ETH/USD,2025-07-02,2405.7,2619.0,2374.6,2571.5,19856.5207118
ETH/USD,2025-07-03,2571.3,2636.8,2558.2,2592.0,9313.85482264
ETH/USD,2025-07-04,2592.5,2603.3,2475.4,2508.7,7508.12442036
ETH/USD,2025-07-05,2508.6,2529.4,2488.8,2517.0,3746.59640069
ETH/USD,2025-07-06,2517.9,2605.5,2504.2,2571.0,4376.35239509
ETH/USD,2025-07-07,2571.3,2590.5,2514.4,2542.6,6248.68963325
ETH/USD,2025-07-08,2542.3,2628.5,2523.8,2616.1,11791.97049633
ETH/USD,2025-07-09,2616.7,2795.5,2591.0,2769.9,11441.42033862
ETH/USD,2025-07-10,2769.9,3000.7,2756.5,2951.1,19432.92244765
ETH/USD,2025-07-11,2951.4,3039.7,2915.1,2959.3,15819.26022818
ETH/USD,2025-07-12,2959.4,2980.6,2905.5,2944.2,6978.51784678
ETH/USD,2025-07-13,2944.6,3020.9,2937.4,2973.7,7812.23326278
ETH/USD,2025-07-14,2974.1,3082.5,2965.0,3014.7,14080.16027539
ETH/USD,2025-07-15,3014.6,3143.2,2927.2,3140.0,13511.28545575
ETH/USD,2025-07-16,3138.6,3425.0,3101.8,3373.2,20910.01338521
ETH/USD,2025-07-17,3373.0,3526.8,3312.0,3480.0,20382.55428181
ETH/USD,2025-07-18,3479.8,3676.2,3463.5,3549.0,26152.97553951
ETH/USD,2025-07-19,3549.6,3610.6,3509.8,3593.9,4958.57405858
ETH/USD,2025-07-20,3594.4,3825.7,3581.9,3758.5,11699.65715015
ETH/USD,2025-07-21,3759.4,3859.3,3704.0,3763.3,11228.19942368
ETH/USD,2025-07-22,3765.6,3799.8,3620.0,3748.3,10997.98562468
ETH/USD,2025-07-23,3748.3,3765.7,3529.8,3630.3,14989.89186717
ETH/USD,2025-07-24,3629.7,3773.5,3508.2,3708.0,16214.47285694
ETH/USD,2025-07-25,3708.8,3746.4,3576.5,3725.8,16387.48816914
ETH/USD,2025-07-26,3725.7,3794.3,3679.9,3741.6,4981.68399556
ETH/USD,2025-07-27,3744.1,3880.3,3733.3,3874.0,4817.07014426
ETH/USD,2025-07-28,3870.1,3940.5,3751.2,3797.8,15617.71588355
ETH/USD,2025-07-29,3799.1,3884.9,3716.9,3793.4,8408.47928041
ETH/USD,2025-07-30,3792.9,3833.3,3675.8,3809.0,8447.66698284
ETH/USD,2025-07-31,3807.4,3878.3,3684.7,3698.2,7538.9498291
ETH/USD,2025-08-01,3698.0,3723.1,3428.9,3487.4,16910.53774965
ETH/USD,2025-08-02,3486.5,3536.7,3368.0,3392.7,11113.99489299
ETH/USD,2025-08-03,3392.7,3521.7,3355.9,3497.5,5633.45993919
ETH/USD,2025-08-04,3497.7,3737.4,3491.8,3721.2,10680.60656487
ETH/USD,2025-08-05,3721.2,3721.2,3539.0,3611.0,10394.91989189
ETH/USD,2025-08-06,3611.3,3698.4,3563.7,3683.6,10682.52559133
ETH/USD,2025-08-07,3683.3,3927.9,3648.4,3911.2,22871.31650674
ETH/USD,2025-08-08,3911.2,4070.0,3881.0,4009.8,48506.01816913
ETH/USD,2025-08-09,4010.4,4325.6,4007.4,4262.8,29811.35902308
ETH/USD,2025-08-10,4262.8,4332.7,4159.5,4251.6,17911.36294681
ETH/USD,2025-08-11,4251.6,4365.8,4165.5,4224.2,23008.43374654
ETH/USD,2025-08-12,4224.2,4638.3,4220.0,4590.5,31154.30477584
ETH/USD,2025-08-13,4590.2,4786.1,4565.7,4751.7,37880.03072745
ETH/USD,2025-08-14,4751.2,4791.5,4455.0,4550.9,47526.73319793
ETH/USD,2025-08-15,4550.8,4671.6,4370.9,4444.1,25475.7230879
ETH/USD,2025-08-16,4443.4,4493.7,4376.8,4424.2,14122.29950434
ETH/USD,2025-08-17,4425.1,4578.1,4398.7,4475.7,12144.05781523
ETH/USD,2025-08-18,4475.0,4483.6,4228.8,4315.9,22545.96560456
ETH/USD,2025-08-19,4315.9,4355.4,4067.6,4075.5,28195.77837615
ETH/USD,2025-08-20,4075.8,4378.8,4064.1,4335.4,20875.28252728
ETH/USD,2025-08-21,4335.1,4339.8,4204.3,4224.3,14523.67505376
ETH/USD,2025-08-22,4223.7,4885.4,4207.0,4829.6,28047.68484409
ETH/USD,2025-08-23,4829.5,4829.5,4658.7,4776.8,16451.25539111
ETH/USD,2025-08-24,4776.6,4955.3,4708.6,4779.6,14304.59525246
ETH/USD,2025-08-25,4780.9,4797.1,4336.9,4378.0,21727.6411538
ETH/USD,2025-08-26,4376.5,4633.3,4314.3,4601.1,19381.22311202
ETH/USD,2025-08-27,4602.1,4663.3,4479.1,4508.3,14507.26815703
ETH/USD,2025-08-28,4507.7,4633.0,4430.0,4512.5,13782.10932581
ETH/USD,2025-08-29,4512.4,4517.0,4259.6,4359.6,21854.44231346
ETH/USD,2025-08-30,4361.0,4415.1,4258.9,4374.4,5653.98175383
ETH/USD,2025-08-31,4374.1,4498.2,4374.0,4393.1,14569.26685117
ETH/USD,2025-09-01,4391.6,4491.2,4212.2,4315.0,11617.94104845
ETH/USD,2025-09-02,4314.8,4416.5,4257.7,4326.3,15770.23639377
ETH/USD,2025-09-03,4326.7,4492.1,4283.5,4452.8,14886.64257151
ETH/USD,2025-09-04,4452.7,4483.9,4265.9,4297.8,15951.21989903
ETH/USD,2025-09-05,4298.1,4490.9,4127.8,4307.3,26897.28867233
ETH/USD,2025-09-06,4307.2,4328.7,4238.2,4274.0,6834.15651212
ETH/USD,2025-09-07,4274.3,4335.0,4270.9,4306.1,6035.98580702
ETH/USD,2025-09-08,4304.6,4383.9,4278.4,4306.1,9296.48941827
ETH/USD,2025-09-09,4306.1,4381.6,4277.5,4310.0,10110.70851293
ETH/USD,2025-09-10,4309.9,4453.9,4285.1,4350.0,14635.43523364
ETH/USD,2025-09-11,4350.4,4481.0,4339.8,4460.8,13226.23558063
ETH/USD,2025-09-12,4460.9,4749.9,4452.4,4715.1,19433.22783933
ETH/USD,2025-09-13,4715.2,4768.6,4607.8,4669.1,7273.91998208
ETH/USD,2025-09-14,4669.1,4694.1,4580.5,4605.9,4185.85665145
ETH/USD,2025-09-15,4605.9,4671.2,4465.0,4524.8,12183.93850312
ETH/USD,2025-09-16,4524.5,4539.0,4426.1,4502.7,9846.70628156
ETH/USD,2025-09-17,4502.7,4618.8,4380.0,4592.3,20764.24652727
ETH/USD,2025-09-18,4592.5,4645.6,4555.2,4589.6,14349.89080414
ETH/USD,2025-09-19,4589.6,4621.7,4439.0,4471.1,12688.91860474
ETH/USD,2025-09-20,4471.0,4511.3,4456.4,4482.3,6781.7373112
ETH/USD,2025-09-21,4482.3,4500.4,4417.8,4447.8,5216.30221064
ETH/USD,2025-09-22,4446.3,4457.9,4059.2,4202.6,23180.99477042
ETH/USD,2025-09-23,4202.6,4231.5,4117.5,4165.3,14124.65607495
ETH/USD,2025-09-24,4165.3,4208.1,4075.2,4153.9,11501.8802245
ETH/USD,2025-09-25,4154.3,4162.4,3820.0,3874.6,43358.81857781
ETH/USD,2025-09-26,3876.1,4070.9,3869.7,4034.4,21003.5143355
ETH/USD,2025-09-27,4034.3,4040.3,3974.8,4019.5,5531.88619625
ETH/USD,2025-09-28,4020.7,4146.3,3964.44,4144.67,6379.74823974
ETH/USD,2025-09-29,4143.89,4238.75,4077.55,4218.84,14979.979599
ETH/USD,2025-09-30,4218.84,4249.38,4093.67,4145.29,12878.267524
ETH/USD,2025-10-01,4146.07,4356.46,4124.39,4350.78,17990.960831
ETH/USD,2025-10-02,4350.33,4529.64,4335.1,4487.79,18136.972938
ETH/USD,2025-10-03,4487.36,4595.53,4431.95,4515.84,16291.549895
ETH/USD,2025-10-04,4515.53,4521.69,4443.21,4490.24,6104.459594
ETH/USD,2025-10-05,4490.61,4619.33,4469.6,4515.02,10866.243784
ETH/USD,2025-10-06,4515.02,4738.43,4490.42,4685.98,19778.76899
ETH/USD,2025-10-07,4685.98,4758.23,4428.83,4449.38,29034.369726
ETH/USD,2025-10-08,4450.2,4559.3,4412.73,4527.76,22824.809383
ETH/USD,2025-10-09,4527.48,4532.78,4268.95,4371.0,19828.026183
ETH/USD,2025-10-10,4371.11,4396.47,3436.29,3836.7,39280.01459
ETH/USD,2025-10-11,3835.4,3887.53,3648.48,3749.86,31171.107655
ETH/USD,2025-10-12,3751.07,4201.45,3698.97,4156.76,31117.407031
ETH/USD,2025-10-13,4156.59,4295.78,4041.32,4244.29,19546.936456
ETH/USD,2025-10-14,4244.29,4266.99,3891.8,4126.87,41125.44382
ETH/USD,2025-10-15,4126.73,4218.45,3930.07,3987.34,19438.434913
ETH/USD,2025-10-16,3987.34,4087.11,3827.11,3895.15,14352.553451
ETH/USD,2025-10-17,3894.85,3950.52,3675.37,3832.92,32083.845216
ETH/USD,2025-10-18,3833.57,3928.64,3820.51,3890.28,7097.334042
ETH/USD,2025-10-19,3890.31,4032.77,3822.68,3984.53,13499.337474
ETH/USD,2025-10-20,3983.66,4085.52,3910.62,3980.61,12441.846056
ETH/USD,2025-10-21,3980.57,4112.73,3841.3,3874.98,24040.261565
ETH/USD,2025-10-22,3874.96,3891.06,3710.23,3805.51,20706.770321
ETH/USD,2025-10-23,3805.8,3935.43,3796.87,3858.48,10699.448266
ETH/USD,2025-10-24,3859.64,4025.06,3847.48,3935.92,11900.198039
ETH/USD,2025-10-25,3935.8,3969.11,3913.55,3954.59,3501.312252
ETH/USD,2025-10-26,3954.58,4181.2,3920.5,4159.0,9336.146128
ETH/USD,2025-10-27,4158.79,4253.16,4095.31,4119.95,16993.351215
ETH/USD,2025-10-28,4119.76,4175.34,3933.63,3980.06,12201.920636
ETH/USD,2025-10-29,3979.43,4036.83,3840.0,3905.4,16103.123822
ETH/USD,2025-10-30,3905.49,3949.27,3678.14,3804.28,26509.852824
ETH/USD,2025-10-31,3804.73,3904.55,3795.85,3846.42,13531.110485
ETH/USD,2025-11-01,3846.42,3907.14,3830.01,3873.37,3706.198072
ETH/USD,2025-11-02,3872.28,3916.92,3838.66,3906.45,6679.958593
ETH/USD,2025-11-03,3905.69,3913.43,3550.0,3603.1,20231.042358
ETH/USD,2025-11-04,3602.93,3652.66,3057.81,3286.17,39934.624411
ETH/USD,2025-11-05,3285.9,3480.38,3166.63,3424.61,19751.995455
ETH/USD,2025-11-06,3422.93,3456.02,3243.62,3312.96,19815.053429
ETH/USD,2025-11-07,3313.43,3472.24,3192.4,3434.41,20788.248058
ETH/USD,2025-11-08,3434.88,3483.4,3355.31,3400.25,8909.805364
ETH/USD,2025-11-09,3401.59,3620.85,3357.89,3582.64,12288.400466
ETH/USD,2025-11-10,3581.68,3658.44,3506.45,3566.11,20911.49309
ETH/USD,2025-11-11,3566.12,3646.78,3403.81,3415.62,15725.641424
ETH/USD,2025-11-12,3415.8,3587.77,3370.21,3413.49,21520.260204
ETH/USD,2025-11-13,3413.61,3564.81,3152.92,3229.53,27007.00867
ETH/USD,2025-11-14,3229.25,3255.46,3068.19,3110.03,37121.991953
ETH/USD,2025-11-15,3110.01,3228.11,3108.49,3165.95,10199.131603
ETH/USD,2025-11-16,3165.95,3246.4,3003.33,3093.01,24817.432329
ETH/USD,2025-11-17,3092.8,3219.98,2955.78,3027.4,25815.686058
ETH/USD,2025-11-18,3027.86,3168.07,2944.18,3121.73,30837.202366
ETH/USD,2025-11-19,3121.72,3123.18,2870.11,3022.54,30170.84199
ETH/USD,2025-11-20,3022.2,3059.96,2788.14,2830.99,36031.647896
ETH/USD,2025-11-21,2830.71,2882.6,2621.04,2763.7,43600.159922
ETH/USD,2025-11-22,2763.71,2797.04,2702.47,2768.51,12977.629494
ETH/USD,2025-11-23,2768.2,2856.83,2762.65,2800.93,14870.718461
ETH/USD,2025-11-24,2800.1,2983.87,2761.98,2952.4,26565.693639
ETH/USD,2025-11-25,2952.48,2978.73,2855.63,2958.57,22521.039093
ETH/USD,2025-11-26,2958.54,3044.23,2887.97,3026.39,21113.313121
ETH/USD,2025-11-27,3026.38,3070.83,2985.97,3014.73,10583.585753
ETH/USD,2025-11-28,3014.92,3098.37,2993.99,3031.85,21441.57102
ETH/USD,2025-11-29,3031.48,3053.08,2963.49,2989.63,8943.644967
ETH/USD,2025-11-30,2989.63,3052.17,2977.04,2992.08,5189.756446
ETH/USD,2025-12-01,2991.65,2998.79,2716.35,2798.35,23037.020666
ETH/USD,2025-12-02,2798.49,3034.4,2782.02,2996.88,23720.073754
ETH/USD,2025-12-03,2996.88,3216.79,2986.69,3189.25,19453.234575
ETH/USD,2025-12-04,3189.26,3240.58,3034.29,3133.78,15758.629901
ETH/USD,2025-12-05,3133.77,3193.7,2974.72,3022.28,20284.995477
ETH/USD,2025-12-06,3022.28,3068.76,3013.26,3038.84,5226.90077
ETH/USD,2025-12-07,3038.53,3150.05,2914.11,3060.05,12978.283203
ETH/USD,2025-12-08,3060.56,3180.0,3041.34,3124.69,13025.396604
ETH/USD,2025-12-09,3124.69,3397.04,3091.18,3318.73,15723.942135
ETH/USD,2025-12-10,3318.51,3449.83,3250.0,3325.02,15995.711791
ETH/USD,2025-12-11,3324.29,3327.91,3146.36,3237.65,21814.011637
ETH/USD,2025-12-12,3237.64,3266.07,3044.88,3084.96,19500.691211
ETH/USD,2025-12-13,3085.27,3135.68,3079.0,3115.26,7555.134373
ETH/USD,2025-12-14,3114.55,3130.0,3028.09,3061.44,43066.620177
ETH/USD,2025-12-15,3062.2,3176.06,2894.22,2964.01,33631.809346
ETH/USD,2025-12-16,2964.0,2980.68,2874.74,2961.95,12659.938937
ETH/USD,2025-12-17,2961.8,3029.12,2790.02,2832.23,23104.220794
ETH/USD,2025-12-18,2832.53,2994.95,2773.07,2826.95,21255.100186
ETH/USD,2025-12-19,2826.64,3018.06,2805.86,2978.04,22085.369383
ETH/USD,2025-12-20,2978.04,2992.53,2966.39,2976.71,5888.748813
ETH/USD,2025-12-21,2976.86,3011.4,2936.32,3001.15,10355.529254
ETH/USD,2025-12-22,3001.15,3075.71,2962.66,3006.6,18500.410023
ETH/USD,2025-12-23,3007.31,3033.77,2900.06,2962.8,12480.573189
ETH/USD,2025-12-24,2963.62,2975.67,2881.62,2945.08,6871.536942
ETH/USD,2025-12-25,2944.92,2968.52,2888.95,2902.62,7136.771981
ETH/USD,2025-12-26,2901.02,2990.95,2892.89,2925.54,11424.212621
ETH/USD,2025-12-27,2926.01,2958.37,2916.16,2946.49,3568.514972
ETH/USD,2025-12-28,2946.65,2957.48,2924.3,2948.39,4444.780849
ETH/USD,2025-12-29,2948.56,3052.29,2907.53,2934.77,15356.358757
ETH/USD,2025-12-30,2934.39,3004.66,2914.44,2970.08,11383.556926
ETH/USD,2025-12-31,2969.8,3022.28,2956.33,2966.62,13150.435905
ETH/USD,2026-01-01,2966.79,3005.76,2966.43,2999.96,4557.607447
ETH/USD,2026-01-02,2999.96,3148.51,2920.0,3124.11,30207.948736
ETH/USD,2026-01-03,3124.11,3134.8,3075.26,3125.51,5922.810808
ETH/USD,2026-01-04,3124.89,3165.24,3116.52,3143.19,6606.702891
ETH/USD,2026-01-05,3143.03,3263.84,3133.62,3224.99,17296.818975
ETH/USD,2026-01-06,3224.99,3307.17,3181.6,3295.39,14079.234945
ETH/USD,2026-01-07,3295.4,3295.4,3123.35,3165.48,19982.309147
ETH/USD,2026-01-08,3165.48,3180.84,3050.53,3103.48,22643.128532
ETH/USD,2026-01-09,3103.48,3144.43,3048.5,3083.79,24718.742574
ETH/USD,2026-01-10,3083.79,3099.26,3074.2,3081.71,29100.815311
ETH/USD,2026-01-11,3081.71,3142.21,3080.06,3117.95,30627.313116
ETH/USD,2026-01-12,3117.94,3166.55,3063.14,3091.79,26653.161851
ETH/USD,2026-01-13,3091.65,3374.39,3088.34,3323.28,22359.624247
ETH/USD,2026-01-14,3323.28,3403.2,3279.17,3354.74,27133.364936
ETH/USD,2026-01-15,3354.41,3382.9,3272.65,3317.96,12749.060047
ETH/USD,2026-01-16,3317.97,3326.01,3251.31,3294.78,11338.123121
ETH/USD,2026-01-17,3294.79,3328.65,3282.5,3308.84,3407.219598
ETH/USD,2026-01-18,3308.84,3367.15,3277.26,3282.84,4002.044165
ETH/USD,2026-01-19,3282.83,3283.2,3163.05,3186.89,13092.647856
ETH/USD,2026-01-20,3186.64,3198.01,2874.77,2936.45,26951.270728
ETH/USD,2026-01-21,2936.75,3067.07,2863.42,2979.74,18647.938388
ETH/USD,2026-01-22,2979.57,3035.58,2901.76,2949.11,10102.795283
ETH/USD,2026-01-23,2949.11,3016.2,2888.77,2953.03,11023.157918
ETH/USD,2026-01-24,2953.03,2966.02,2940.08,2948.87,2142.928
ETH/USD,2026-01-25,2948.87,2955.53,2784.1,2813.95,13808.871576
ETH/USD,2026-01-26,2813.69,2947.77,2809.62,2926.66,17112.055672
ETH/USD,2026-01-27,2926.95,3031.24,2896.52,3022.13,14586.393094
ETH/USD,2026-01-28,3022.96,3041.04,2980.0,3006.22,9258.667303
ETH/USD,2026-01-29,3006.32,3008.67,2750.42,2817.69,16872.813162
ETH/USD,2026-01-30,2818.07,2824.03,2632.94,2702.79,23322.651955
ETH/USD,2026-01-31,2702.79,2709.91,2243.91,2449.23,60310.897172
ETH/USD,2026-02-01,2449.23,2473.26,2220.95,2267.39,29660.426966
ETH/USD,2026-02-02,2268.02,2394.02,2155.75,2343.79,40486.511938
ETH/USD,2026-02-03,2345.0,2357.42,2107.62,2230.64,34729.606961
ETH/USD,2026-02-04,2230.63,2292.44,2072.81,2143.89,40024.737337
ETH/USD,2026-02-05,2143.44,2169.84,1811.39,1823.69,50114.188201
ETH/USD,2026-02-06,1823.69,2091.1,1741.79,2061.45,63261.829349
ETH/USD,2026-02-07,2061.69,2119.96,1993.56,2086.09,21502.030174
ETH/USD,2026-02-08,2086.39,2149.86,2064.71,2088.28,13052.50007
ETH/USD,2026-02-09,2088.27,2145.56,2004.68,2103.86,18344.552037
ETH/USD,2026-02-10,2103.86,2123.01,1987.99,2021.61,20993.456472
ETH/USD,2026-02-11,2021.56,2030.96,1902.17,1940.61,28441.058036
ETH/USD,2026-02-12,1939.87,1999.97,1893.91,1945.89,14624.703068
ETH/USD,2026-02-13,1945.58,2072.03,1923.21,2048.43,16987.944981
ETH/USD,2026-02-14,2047.8,2106.27,2041.75,2085.78,8877.462257
ETH/USD,2026-02-15,2085.14,2102.44,1928.11,1965.37,19699.773163
ETH/USD,2026-02-16,1965.67,2021.72,1934.31,1997.28,13408.757225
ETH/USD,2026-02-17,1997.41,2014.69,1940.28,1990.59,17826.003106
ETH/USD,2026-02-18,1990.89,2037.76,1923.06,1955.7,17897.822758
ETH/USD,2026-02-19,1955.32,1986.69,1906.4,1947.99,14232.708473
ETH/USD,2026-02-20,1947.98,1980.69,1922.81,1968.03,14814.478168
ETH/USD,2026-02-21,1968.01,1994.98,1956.07,1973.5,6084.518732
ETH/USD,2026-02-22,1972.92,1982.55,1934.68,1957.14,6601.245172
ETH/USD,2026-02-23,1956.89,1957.57,1837.24,1855.72,25522.502087
ETH/USD,2026-02-24,1855.72,1868.6,1799.82,1851.87,19471.797792
ETH/USD,2026-02-25,1852.13,2147.39,1846.67,2057.57,65625.849132
ETH/USD,2026-02-26,2057.91,2083.31,1975.46,2027.79,25224.307854
ETH/USD,2026-02-27,2027.79,2063.28,1886.12,1929.74,30749.071285
ETH/USD,2026-02-28,1929.59,1985.19,1835.9,1965.1,30897.647261
ETH/USD,2026-03-01,1964.79,2054.85,1907.8,1939.31,24497.412443
ETH/USD,2026-03-02,1939.7,2091.6,1920.94,2027.23,24766.827494
ETH/USD,2026-03-03,2027.25,2041.06,1928.65,1983.0,21747.715437
ETH/USD,2026-03-04,1982.69,2200.0,1945.42,2127.94,23851.251318
ETH/USD,2026-03-05,2128.31,2164.18,2055.38,2073.32,14622.460487
ETH/USD,2026-03-06,2073.33,2093.72,1956.0,1978.35,10249.022588
ETH/USD,2026-03-07,1979.03,1995.43,1948.48,1969.49,3561.690444
ETH/USD,2026-03-08,1969.7,1979.87,1913.73,1937.41,11408.513837
ETH/USD,2026-03-09,1937.27,2053.96,1929.78,1993.81,12969.581212
ETH/USD,2026-03-10,1992.31,2088.72,1991.26,2037.27,12933.467276
ETH/USD,2026-03-11,2037.12,2086.28,2008.05,2052.88,8665.778283
ETH/USD,2026-03-12,2052.22,2095.16,2019.34,2073.87,7833.175576
ETH/USD,2026-03-13,2072.71,2209.6,2070.32,2093.56,18629.405284
ETH/USD,2026-03-14,2091.84,2105.98,2062.39,2096.73,3200.132931
ETH/USD,2026-03-15,2096.64,2202.96,2083.89,2178.45,8174.660311
ETH/USD,2026-03-16,2178.79,2386.03,2165.31,2352.77,20967.788959
ETH/USD,2026-03-17,2352.72,2376.21,2297.09,2318.08,15250.299383
ETH/USD,2026-03-18,2318.4,2350.31,2153.65,2203.21,12101.724996
ETH/USD,2026-03-19,2203.29,2233.88,2099.4,2137.73,11051.898232
ETH/USD,2026-03-20,2138.61,2176.67,2116.85,2146.24,8334.426599
ETH/USD,2026-03-21,2146.76,2167.37,2070.82,2084.08,2961.362121
ETH/USD,2026-03-22,2083.39,2126.77,2025.68,2052.91,8232.915743
ETH/USD,2026-03-23,2054.85,2196.1,2022.4,2151.67,15323.214097
ETH/USD,2026-03-24,2152.18,2175.06,2102.6,2155.69,7871.392866
ETH/USD,2026-03-25,2155.69,2199.4,2146.15,2168.15,8462.093125
ETH/USD,2026-03-26,2168.92,2171.25,2032.87,2059.07,9279.628799
ETH/USD,2026-03-27,2058.8,2075.57,1965.77,1990.66,9660.503557
ETH/USD,2026-03-28,1990.86,2043.28,1981.44,1993.46,6074.400089
ETH/USD,2026-03-29,1992.87,2017.86,1937.45,1982.53,6026.283163
ETH/USD,2026-03-30,1983.48,2082.95,1978.9,2024.42,8049.341199
ETH/USD,2026-03-31,2024.55,2121.64,2010.72,2103.32,11568.229142
ETH/USD,2026-04-01,2102.54,2167.19,2080.77,2139.54,9669.752252
ETH/USD,2026-04-02,2139.96,2158.88,2016.53,2056.79,10278.118082
ETH/USD,2026-04-03,2057.43,2081.11,2040.85,2053.47,3519.789341
ETH/USD,2026-04-04,2052.71,2083.18,2044.56,2065.44,2745.09838
ETH/USD,2026-04-05,2064.94,2121.79,2021.85,2109.34,6144.391401
ETH/USD,2026-04-06,2109.45,2174.11,2088.18,2107.24,11308.174788
ETH/USD,2026-04-07,2106.41,2272.73,2060.46,2240.32,10826.417166
ETH/USD,2026-04-08,2239.71,2270.55,2179.68,2190.75,9517.491571
ETH/USD,2026-04-09,2189.1,2246.4,2157.36,2189.89,7600.485717
ETH/USD,2026-04-10,2188.25,2263.5,2176.66,2246.28,14451.882796
ETH/USD,2026-04-11,2246.3,2330.21,2230.51,2285.57,9008.435081
ETH/USD,2026-04-12,2285.14,2289.25,2176.64,2191.94,8283.467834
ETH/USD,2026-04-13,2191.71,2395.0,2175.85,2370.7,10456.083164
ETH/USD,2026-04-14,2370.16,2416.81,2304.36,2323.52,13746.930875
ETH/USD,2026-04-15,2323.04,2386.66,2310.0,2359.58,7796.729168
ETH/USD,2026-04-16,2360.35,2369.43,2285.42,2349.2,10064.949296
ETH/USD,2026-04-17,2348.83,2465.85,2318.2,2421.73,16720.854971
ETH/USD,2026-04-18,2419.73,2428.31,2340.41,2351.14,5613.162005
ETH/USD,2026-04-19,2351.14,2355.98,2253.41,2263.62,7687.243505
ETH/USD,2026-04-20,2263.97,2347.86,2261.2,2315.49,10216.703579
ETH/USD,2026-04-21,2315.25,2340.46,2284.98,2328.22,8277.164103
ETH/USD,2026-04-22,2327.9,2424.29,2313.8,2375.2,14998.280198
ETH/USD,2026-04-23,2375.2,2382.42,2285.59,2331.08,9794.659518
ETH/USD,2026-04-24,2331.08,2337.54,2301.05,2315.94,6307.559592
ETH/USD,2026-04-25,2315.41,2323.42,2301.49,2319.76,1789.778911
ETH/USD,2026-04-26,2320.03,2380.85,2307.21,2370.19,7326.207848
ETH/USD,2026-04-27,2373.26,2404.57,2248.0,2303.39,9374.850777
ETH/USD,2026-04-28,2303.62,2310.87,2257.97,2289.53,9555.126155
ETH/USD,2026-04-29,2289.16,2346.33,2219.09,2252.51,7709.676238
ETH/USD,2026-04-30,2252.15,2278.2,2231.03,2256.4,5256.364593
ETH/USD,2026-05-01,2256.76,2326.29,2256.56,2295.45,5907.975929
ETH/USD,2026-05-02,2295.38,2341.88,2293.36,2316.71,2615.988474
ETH/USD,2026-05-03,2316.72,2356.31,2297.75,2322.28,3825.684319
ETH/USD,2026-05-04,2322.44,2398.75,2308.93,2346.68,13949.996863
ETH/USD,2026-05-05,2347.13,2399.54,2345.04,2361.25,10250.439122
ETH/USD,2026-05-06,2360.4,2423.84,2337.51,2350.9,8220.086419
ETH/USD,2026-05-07,2350.7,2352.48,2279.03,2290.86,7064.041138
ETH/USD,2026-05-08,2291.13,2321.02,2264.42,2307.1,7215.614509
ETH/USD,2026-05-09,2307.04,2337.88,2299.45,2327.17,2042.082172
ETH/USD,2026-05-10,2326.07,2382.28,2312.25,2371.03,4136.651586
ETH/USD,2026-05-11,2371.77,2374.68,2302.09,2339.53,5497.218188
ETH/USD,2026-05-12,2339.52,2340.07,2255.85,2274.73,10242.019953
ETH/USD,2026-05-13,2274.43,2322.81,2233.41,2257.98,5552.876635
ETH/USD,2026-05-14,2257.31,2319.37,2237.77,2282.88,9458.563744
ETH/USD,2026-05-15,2283.05,2299.8,2203.91,2222.97,8835.274031
ETH/USD,2026-05-16,2223.33,2230.4,2161.82,2179.39,3933.808836
ETH/USD,2026-05-17,2180.28,2197.61,2089.43,2130.32,3945.348664
ETH/USD,2026-05-18,2129.71,2156.44,2076.4,2128.68,7522.352352
ETH/USD,2026-05-19,2129.96,2144.74,2093.2,2110.2,5944.919419
ETH/USD,2026-05-20,2109.76,2147.39,2101.33,2127.42,5407.478769
ETH/USD,2026-05-21,2127.61,2155.11,2103.14,2131.52,7359.819908
ETH/USD,2026-05-22,2131.68,2139.39,2055.43,2064.2,7341.97581
ETH/USD,2026-05-23,2063.71,2147.14,2007.15,2115.0,15482.542589
ETH/USD,2026-05-24,2115.23,2128.68,2060.04,2097.18,5371.988009
ETH/USD,2026-05-25,2098.04,2140.28,2090.04,2111.34,5450.44391
ETH/USD,2026-05-26,2111.82,2137.94,2052.63,2070.98,9547.677285
ETH/USD,2026-05-27,2071.56,2093.64,2012.52,2022.02,6765.3127
ETH/USD,2026-05-28,2022.02,2027.07,1964.18,2007.14,13914.295714
ETH/USD,2026-05-29,2006.82,2018.25,1994.59,2010.22,4933.707628
XRP/USD,2025-01-15,2.66605,3.2002,2.64901,3.1429,41818536.929201
XRP/USD,2025-01-16,3.14461,3.4,2.92,3.24393,54563955.90136159
XRP/USD,2025-01-17,3.245,3.35362,3.17724,3.29261,31707549.98314737
XRP/USD,2025-01-18,3.29402,3.29916,3.05634,3.26709,22563614.83059447
XRP/USD,2025-01-19,3.26404,3.28923,2.8,2.95454,27131824.49825735
XRP/USD,2025-01-20,2.95641,3.36489,2.907,3.10244,32354417.84483641
XRP/USD,2025-01-21,3.10229,3.24113,3.01153,3.17451,15882403.79645318
XRP/USD,2025-01-22,3.1748,3.28435,3.13366,3.17744,16173323.74182466
XRP/USD,2025-01-23,3.17922,3.18512,3.03641,3.11927,18023433.15748714
XRP/USD,2025-01-24,3.11992,3.20392,3.05538,3.10109,17251418.52079784
XRP/USD,2025-01-25,3.09772,3.1438,3.07782,3.10728,10091967.78041869
XRP/USD,2025-01-26,3.10765,3.14282,3.0081,3.02179,9448147.42021985
XRP/USD,2025-01-27,3.01965,3.05868,2.65,3.05451,38423250.64546709
XRP/USD,2025-01-28,3.05035,3.21368,3.006,3.05574,20215853.61083079
XRP/USD,2025-01-29,3.05567,3.13595,2.9,3.06809,15957797.94247309
XRP/USD,2025-01-30,3.0724,3.15456,3.04786,3.1282,10124936.03377607
XRP/USD,2025-01-31,3.13003,3.13415,3.00096,3.03522,11412297.01676479
XRP/USD,2025-02-01,3.03341,3.07128,2.82759,2.87663,13326502.27286734
XRP/USD,2025-02-02,2.88162,2.95443,2.45944,2.57928,21004421.49490114
XRP/USD,2025-02-03,2.57901,2.78779,1.76839,2.70475,62205553.48417996
XRP/USD,2025-02-04,2.70547,2.79098,2.42161,2.52818,21200508.34171526
XRP/USD,2025-02-05,2.5275,2.57142,2.34333,2.3812,20425206.00968253
XRP/USD,2025-02-06,2.3812,2.47082,2.27979,2.32738,18462862.86444405
XRP/USD,2025-02-07,2.326,2.54224,2.26868,2.39857,24864727.38034547
XRP/USD,2025-02-08,2.3933,2.43696,2.35255,2.41987,5521482.34027621
XRP/USD,2025-02-09,2.4231,2.50848,2.31095,2.39471,14961409.6685069
XRP/USD,2025-02-10,2.39343,2.47368,2.32463,2.42388,8586086.29227327
XRP/USD,2025-02-11,2.42607,2.52922,2.3707,2.41252,13717590.27073248
XRP/USD,2025-02-12,2.4124,2.49642,2.32646,2.47337,14642000.40224994
XRP/USD,2025-02-13,2.47457,2.60588,2.41563,2.5594,14939223.0378679
XRP/USD,2025-02-14,2.55925,2.83651,2.53094,2.73894,19994192.61504614
XRP/USD,2025-02-15,2.73842,2.83246,2.71251,2.763,8827668.17055129
XRP/USD,2025-02-16,2.76262,2.80522,2.6899,2.72832,8685933.61341416
XRP/USD,2025-02-17,2.72817,2.76375,2.60644,2.66052,16095563.38407549
XRP/USD,2025-02-18,2.65997,2.66927,2.46872,2.56074,25285600.67538379
XRP/USD,2025-02-19,2.56163,2.74722,2.512,2.73797,16656948.39926694
XRP/USD,2025-02-20,2.7405,2.74788,2.6679,2.68858,8762630.56963309
XRP/USD,2025-02-21,2.68857,2.71521,2.50751,2.57,14564481.73200172
XRP/USD,2025-02-22,2.57101,2.60889,2.55024,2.574,3946453.60106917
XRP/USD,2025-02-23,2.57397,2.60164,2.52056,2.57466,5089121.82692887
XRP/USD,2025-02-24,2.57647,2.61073,2.23558,2.27612,36599359.70936397
XRP/USD,2025-02-25,2.27542,2.36515,2.06398,2.31901,33864144.16340984
XRP/USD,2025-02-26,2.31901,2.32862,2.14575,2.19557,11113936.27854355
XRP/USD,2025-02-27,2.19914,2.25496,2.14315,2.1961,9780951.81455569
XRP/USD,2025-02-28,2.19681,2.19869,1.94858,2.14488,20552199.45630302
XRP/USD,2025-03-01,2.14485,2.21866,2.12168,2.18906,3861909.09894654
XRP/USD,2025-03-02,2.189,3.02859,2.17373,2.93929,35243317.36059491
XRP/USD,2025-03-03,2.93932,2.96755,2.29466,2.38577,31762561.46351612
XRP/USD,2025-03-04,2.38343,2.53749,2.21135,2.45447,22307605.50026798
XRP/USD,2025-03-05,2.45372,2.54,2.40489,2.49999,17445846.30189173
XRP/USD,2025-03-06,2.50019,2.64541,2.47183,2.59884,23979204.74051559
XRP/USD,2025-03-07,2.59995,2.62,2.34232,2.38408,29785685.25726345
XRP/USD,2025-03-08,2.3843,2.40948,2.30155,2.32347,5934092.64718874
XRP/USD,2025-03-09,2.32473,2.35005,2.08265,2.1367,17065013.08039669
XRP/USD,2025-03-10,2.13685,2.26233,1.99264,2.0176,21883346.69056286
XRP/USD,2025-03-11,2.02032,2.21337,1.89708,2.16904,23959667.85055159
XRP/USD,2025-03-12,2.17352,2.2742,2.13319,2.23903,30325644.49381826
XRP/USD,2025-03-13,2.23887,2.34799,2.21463,2.25013,17940385.66976903
XRP/USD,2025-03-14,2.25159,2.38902,2.23757,2.35463,14956623.04680313
XRP/USD,2025-03-15,2.35629,2.47557,2.35405,2.39145,4959667.23750532
XRP/USD,2025-03-16,2.39203,2.41,2.26817,2.29635,5731279.35671018
XRP/USD,2025-03-17,2.29469,2.37783,2.29191,2.33863,10850316.56939292
XRP/USD,2025-03-18,2.33845,2.3386,2.22242,2.28498,8745242.27712868
XRP/USD,2025-03-19,2.28481,2.59053,2.26566,2.54354,24678778.47504198
XRP/USD,2025-03-20,2.54744,2.5642,2.38825,2.43253,14218486.80836071
XRP/USD,2025-03-21,2.43306,2.46497,2.35481,2.37919,9090369.43087845
XRP/USD,2025-03-22,2.37851,2.41531,2.35913,2.37026,3336700.69621899
XRP/USD,2025-03-23,2.36968,2.44128,2.36566,2.44006,10670456.86536002
XRP/USD,2025-03-24,2.43984,2.50417,2.41405,2.45012,11480563.46244636
XRP/USD,2025-03-25,2.45031,2.47753,2.408,2.44928,5629039.1414974
XRP/USD,2025-03-26,2.45128,2.47899,2.32666,2.34958,13661838.16543941
XRP/USD,2025-03-27,2.34723,2.38958,2.30204,2.33942,10231311.8929568
XRP/USD,2025-03-28,2.33944,2.34263,2.15297,2.20375,19464628.93669271
XRP/USD,2025-03-29,2.2067,2.22466,2.06063,2.13378,9715459.85078581
XRP/USD,2025-03-30,2.13349,2.21349,2.10601,2.13569,6145867.41389294
XRP/USD,2025-03-31,2.13755,2.14021,2.02062,2.08992,14357708.95724526
XRP/USD,2025-04-01,2.08875,2.19813,2.06512,2.1383,23321845.20050713
XRP/USD,2025-04-02,2.13865,2.235,1.98485,2.02352,20409220.27103328
XRP/USD,2025-04-03,2.02349,2.08085,1.95944,2.0624,13105552.12781912
XRP/USD,2025-04-04,2.06365,2.1594,2.01707,2.12846,10367376.44328875
XRP/USD,2025-04-05,2.12809,2.17558,2.11242,2.14412,5336116.9354131
XRP/USD,2025-04-06,2.14352,2.15793,1.86057,1.92127,16886713.54379429
XRP/USD,2025-04-07,1.92078,2.00994,1.61184,1.89584,46243234.42610598
XRP/USD,2025-04-08,1.8979,1.97428,1.77637,1.79462,20287829.45429921
XRP/USD,2025-04-09,1.79592,2.09,1.72069,2.05176,26734238.64278377
XRP/USD,2025-04-10,2.05528,2.05578,1.92081,1.96565,14738105.87097256
XRP/USD,2025-04-11,1.96414,2.06354,1.94605,2.02171,10232770.48409256
XRP/USD,2025-04-12,2.02185,2.18802,2.00269,2.16042,11023677.46393509
XRP/USD,2025-04-13,2.15945,2.24611,2.08001,2.11776,12309326.97014931
XRP/USD,2025-04-14,2.11625,2.17973,2.104,2.12646,11334923.62055246
XRP/USD,2025-04-15,2.12737,2.18457,2.084,2.084,11544232.15840867
XRP/USD,2025-04-16,2.08404,2.1289,2.03445,2.08313,12990365.9772921
XRP/USD,2025-04-17,2.08244,2.11364,2.05299,2.06736,7632566.06346105
XRP/USD,2025-04-18,2.06732,2.08927,2.04401,2.06199,4621740.64547714
XRP/USD,2025-04-19,2.06098,2.09726,2.05852,2.08754,6687032.29114743
XRP/USD,2025-04-20,2.08635,2.09395,2.04,2.07835,4573880.89978905
XRP/USD,2025-04-21,2.07781,2.14146,2.0596,2.08523,7433328.34287616
XRP/USD,2025-04-22,2.08527,2.25,2.06713,2.21404,14148700.29980076
XRP/USD,2025-04-23,2.21657,2.30133,2.19012,2.21882,14065859.98234527
XRP/USD,2025-04-24,2.21848,2.23409,2.11923,2.20574,12182220.4840899
XRP/USD,2025-04-25,2.20595,2.22,2.1652,2.1828,10234390.56979974
XRP/USD,2025-04-26,2.18335,2.2492,2.18068,2.19204,3563471.94272463
XRP/USD,2025-04-27,2.19234,2.29576,2.16048,2.25312,6630293.06250824
XRP/USD,2025-04-28,2.25251,2.36216,2.2202,2.29532,12512057.31104004
XRP/USD,2025-04-29,2.29603,2.3149,2.22234,2.23901,6944890.25587086
XRP/USD,2025-04-30,2.23869,2.25958,2.12468,2.19102,8522018.59388787
XRP/USD,2025-05-01,2.19088,2.25663,2.18798,2.21337,4384336.94716607
XRP/USD,2025-05-02,2.21335,2.24101,2.1923,2.21053,7551524.42754719
XRP/USD,2025-05-03,2.20917,2.22072,2.17756,2.18851,2190981.66364359
XRP/USD,2025-05-04,2.18677,2.21891,2.15171,2.15651,2458002.57572548
XRP/USD,2025-05-05,2.15594,2.20017,2.1067,2.13035,8036078.86463706
XRP/USD,2025-05-06,2.13124,2.15915,2.07752,2.15433,5922966.77874814
XRP/USD,2025-05-07,2.15514,2.17162,2.10503,2.12661,6451006.17238167
XRP/USD,2025-05-08,2.12799,2.33061,2.11822,2.32692,14903167.34862
XRP/USD,2025-05-09,2.32701,2.42874,2.28643,2.344,10800864.0890908
XRP/USD,2025-05-10,2.34401,2.47576,2.33631,2.47144,5239364.71796069
XRP/USD,2025-05-11,2.47066,2.4832,2.32811,2.36749,4637677.76910736
XRP/USD,2025-05-12,2.366,2.6584,2.35272,2.54533,20161142.23068564
XRP/USD,2025-05-13,2.54455,2.60626,2.42192,2.58293,12447522.55751074
XRP/USD,2025-05-14,2.58318,2.6501,2.52023,2.55161,8458894.38792707
XRP/USD,2025-05-15,2.55098,2.5716,2.35421,2.38591,9403903.79644482
XRP/USD,2025-05-16,2.38657,2.44005,2.34728,2.38031,11361639.02867999
XRP/USD,2025-05-17,2.38031,2.38977,2.3,2.35438,6432707.29560845
XRP/USD,2025-05-18,2.35405,2.44932,2.33381,2.42891,5647592.50841472
XRP/USD,2025-05-19,2.42997,2.44064,2.28429,2.38052,9895600.90512012
XRP/USD,2025-05-20,2.38121,2.4088,2.31564,2.35746,7163293.8301216
XRP/USD,2025-05-21,2.35525,2.42996,2.332,2.39591,7905595.38025125
XRP/USD,2025-05-22,2.39645,2.45551,2.38752,2.43126,9430171.07417686
XRP/USD,2025-05-23,2.43042,2.47963,2.28504,2.29623,11702440.79185253
XRP/USD,2025-05-24,2.29675,2.36004,2.28711,2.33194,2308738.53393205
XRP/USD,2025-05-25,2.33127,2.34568,2.26679,2.34397,4631922.59451859
XRP/USD,2025-05-26,2.34423,2.35972,2.29681,2.31147,5328543.81833675
XRP/USD,2025-05-27,2.31119,2.35487,2.26913,2.31797,5095066.90032321
XRP/USD,2025-05-28,2.31694,2.32353,2.22746,2.2751,6976243.91247369
XRP/USD,2025-05-29,2.275,2.31316,2.23803,2.24424,7047281.53678146
XRP/USD,2025-05-30,2.24375,2.25255,2.13171,2.14091,11003913.24374461
XRP/USD,2025-05-31,2.14053,2.20712,2.08073,2.17396,5510634.68832143
XRP/USD,2025-06-01,2.17516,2.18879,2.12454,2.18045,4050464.23658082
XRP/USD,2025-06-02,2.18022,2.20542,2.13703,2.19741,5458744.4207025
XRP/USD,2025-06-03,2.19798,2.28378,2.18563,2.24585,8280821.25477232
XRP/USD,2025-06-04,2.24672,2.2666,2.19669,2.20228,6633488.99075562
XRP/USD,2025-06-05,2.2013,2.22749,2.05938,2.09486,11352557.3755837
XRP/USD,2025-06-06,2.09497,2.19221,2.08314,2.16177,8696043.36431554
XRP/USD,2025-06-07,2.16103,2.19211,2.14913,2.17808,2601790.89854886
XRP/USD,2025-06-08,2.17812,2.29646,2.16818,2.26772,5151963.48485669
XRP/USD,2025-06-09,2.26748,2.3301,2.22392,2.32178,5995962.91748581
XRP/USD,2025-06-10,2.32017,2.32699,2.26135,2.30757,6246112.69241575
XRP/USD,2025-06-11,2.30632,2.33861,2.25374,2.27088,6795512.99764704
XRP/USD,2025-06-12,2.2705,2.27298,2.17081,2.19059,7526721.4967554
XRP/USD,2025-06-13,2.18972,2.19274,2.0854,2.14847,14650515.51645475
XRP/USD,2025-06-14,2.1484,2.17933,2.11023,2.14036,2799517.81192897
XRP/USD,2025-06-15,2.141,2.17608,2.13939,2.16637,2270833.09047344
XRP/USD,2025-06-16,2.16556,2.33734,2.15198,2.23742,10898569.13822977
XRP/USD,2025-06-17,2.23722,2.25777,2.14155,2.15917,8549526.61802233
XRP/USD,2025-06-18,2.15972,2.18093,2.11883,2.17113,8060768.40216347
XRP/USD,2025-06-19,2.1709,2.18509,2.14486,2.16522,5011884.2827503
XRP/USD,2025-06-20,2.16501,2.17974,2.0867,2.11958,7668128.08607249
XRP/USD,2025-06-21,2.11924,2.14529,1.99001,2.06382,8520012.67616015
XRP/USD,2025-06-22,2.06448,2.09009,1.909,2.01848,14207328.03037995
XRP/USD,2025-06-23,2.01813,2.17206,1.96289,2.15997,16204558.82045114
XRP/USD,2025-06-24,2.16009,2.21746,2.13292,2.19087,9206446.42927899
XRP/USD,2025-06-25,2.19172,2.231,2.17106,2.18651,7988080.00108381
XRP/USD,2025-06-26,2.18689,2.2136,2.09634,2.10621,11632298.81550045
XRP/USD,2025-06-27,2.1059,2.15591,2.06835,2.14276,11469495.64240421
XRP/USD,2025-06-28,2.14375,2.20844,2.13566,2.18638,3663514.26376291
XRP/USD,2025-06-29,2.18583,2.22024,2.17633,2.20666,2725743.91471684
XRP/USD,2025-06-30,2.20678,2.32749,2.16546,2.23863,15045886.8832257
XRP/USD,2025-07-01,2.23614,2.25403,2.1479,2.1724,8283661.88893464
XRP/USD,2025-07-02,2.17206,2.29237,2.158,2.23431,9314468.83453629
XRP/USD,2025-07-03,2.23431,2.31467,2.22593,2.25749,7886557.00878497
XRP/USD,2025-07-04,2.25729,2.26867,2.19778,2.22121,4817871.55182802
XRP/USD,2025-07-05,2.22122,2.23432,2.20232,2.21841,1735684.9218876
XRP/USD,2025-07-06,2.21837,2.28988,2.20975,2.27145,3197302.32119194
XRP/USD,2025-07-07,2.27138,2.35335,2.25535,2.27087,8588992.14430523
XRP/USD,2025-07-08,2.27027,2.32271,2.24881,2.31131,6115442.4730699
XRP/USD,2025-07-09,2.311,2.42819,2.2984,2.40469,12341438.20968098
XRP/USD,2025-07-10,2.4049,2.56893,2.39527,2.54745,17021316.52353541
XRP/USD,2025-07-11,2.54531,2.97637,2.51179,2.73337,38793090.96055417
XRP/USD,2025-07-12,2.73255,2.84812,2.66027,2.73981,18486060.45197978
XRP/USD,2025-07-13,2.74028,2.89559,2.72465,2.83714,15941472.77969441
XRP/USD,2025-07-14,2.8377,3.03481,2.82315,2.95958,28937615.35186541
XRP/USD,2025-07-15,2.95868,2.95868,2.80378,2.91968,18410160.86199357
XRP/USD,2025-07-16,2.91768,3.10213,2.87853,3.03954,17842027.83370346
XRP/USD,2025-07-17,3.03937,3.55226,2.98856,3.48446,44176445.97646878
XRP/USD,2025-07-18,3.48401,3.66596,3.34388,3.41643,38115088.88690408
XRP/USD,2025-07-19,3.41515,3.48738,3.3561,3.42546,11700145.25780744
XRP/USD,2025-07-20,3.42762,3.5586,3.38784,3.45724,18489363.87564403
XRP/USD,2025-07-21,3.45305,3.65216,3.40912,3.5513,26931226.51166884
XRP/USD,2025-07-22,3.55108,3.58076,3.42409,3.55233,25935444.97415083
XRP/USD,2025-07-23,3.55237,3.55361,3.04651,3.18493,32022749.00174787
XRP/USD,2025-07-24,3.18616,3.26754,2.95783,3.14704,27877967.07528197
XRP/USD,2025-07-25,3.14708,3.16236,3.0,3.14269,25964331.88381758
XRP/USD,2025-07-26,3.14172,3.21924,3.1095,3.16601,8565770.43918887
XRP/USD,2025-07-27,3.16601,3.25176,3.157,3.23924,10676714.81569398
XRP/USD,2025-07-28,3.24108,3.33127,3.105,3.12258,18854449.65084126
XRP/USD,2025-07-29,3.12366,3.1849,3.05396,3.12767,12122866.95434089
XRP/USD,2025-07-30,3.12788,3.16217,3.00057,3.09547,13838751.83143212
XRP/USD,2025-07-31,3.09544,3.17786,3.00921,3.02223,13355326.84156394
XRP/USD,2025-08-01,3.02197,3.0583,2.8928,2.95967,23713742.2769591
XRP/USD,2025-08-02,2.95922,3.01883,2.73853,2.76872,18336735.86312596
XRP/USD,2025-08-03,2.76966,2.96293,2.72755,2.94893,10955386.13488868
XRP/USD,2025-08-04,2.94873,3.09081,2.93243,3.07112,12808657.17352716
XRP/USD,2025-08-05,3.07101,3.10648,2.91647,2.96154,11483887.58787375
XRP/USD,2025-08-06,2.96107,3.01934,2.90219,2.99103,7864126.9025446
XRP/USD,2025-08-07,2.99103,3.33476,2.96494,3.32021,18049298.8604693
XRP/USD,2025-08-08,3.3205,3.383,3.20546,3.28622,21229558.55065381
XRP/USD,2025-08-09,3.28569,3.34764,3.21,3.22645,11708412.93713362
XRP/USD,2025-08-10,3.227,3.27949,3.15322,3.18806,10961325.05582558
XRP/USD,2025-08-11,3.18776,3.33264,3.11693,3.12965,15873554.64713236
XRP/USD,2025-08-12,3.12861,3.30646,3.10327,3.26761,15306096.78170258
XRP/USD,2025-08-13,3.26658,3.33643,3.20286,3.27602,13676748.39212825
XRP/USD,2025-08-14,3.27604,3.35289,2.99879,3.08151,25476688.83027924
XRP/USD,2025-08-15,3.08028,3.14509,3.0038,3.07987,13860800.67388214
XRP/USD,2025-08-16,3.07902,3.15808,3.07443,3.10785,5585971.96423417
XRP/USD,2025-08-17,3.10707,3.14831,3.07957,3.08933,6489161.67969058
XRP/USD,2025-08-18,3.0887,3.09882,2.94223,3.06248,19182589.15923851
XRP/USD,2025-08-19,3.06365,3.08006,2.84782,2.85973,21450504.85753937
XRP/USD,2025-08-20,2.86018,2.99,2.81849,2.95125,16423857.8276576
XRP/USD,2025-08-21,2.95102,2.95792,2.84191,2.85077,10675016.68891636
XRP/USD,2025-08-22,2.8494,3.10476,2.78254,3.07353,17750362.70570742
XRP/USD,2025-08-23,3.07208,3.07234,2.96804,3.04759,10866516.22146696
XRP/USD,2025-08-24,3.04765,3.1271,2.98478,3.02479,12347844.27189501
XRP/USD,2025-08-25,3.02548,3.05261,2.82376,2.8588,19536893.89504271
XRP/USD,2025-08-26,2.85858,3.08228,2.84633,3.01327,18620656.01115663
XRP/USD,2025-08-27,3.01286,3.04582,2.96,2.96941,13517402.55796761
XRP/USD,2025-08-28,2.96854,3.02583,2.94261,2.96733,8376623.68457191
XRP/USD,2025-08-29,2.96708,2.97624,2.77361,2.81944,25317873.10304579
XRP/USD,2025-08-30,2.81955,2.83569,2.76139,2.81865,6818442.23750792
XRP/USD,2025-08-31,2.81875,2.86887,2.77137,2.77593,5500459.98849208
XRP/USD,2025-09-01,2.77414,2.83952,2.69569,2.75708,16154301.46936962
XRP/USD,2025-09-02,2.75891,2.8645,2.74881,2.86215,15724862.1167887
XRP/USD,2025-09-03,2.86186,2.88716,2.8116,2.8451,9455955.36422389
XRP/USD,2025-09-04,2.84509,2.86212,2.785,2.79454,17359185.09091549
XRP/USD,2025-09-05,2.79443,2.885,2.77837,2.81456,12394638.38175627
XRP/USD,2025-09-06,2.81447,2.829,2.79319,2.80988,4682576.51511055
XRP/USD,2025-09-07,2.81007,2.92769,2.81007,2.87738,8735000.74687869
XRP/USD,2025-09-08,2.87738,2.99574,2.86284,2.96947,14938497.63568211
XRP/USD,2025-09-09,2.96946,3.03641,2.93394,2.94687,12624482.16844605
XRP/USD,2025-09-10,2.94736,3.02446,2.93541,2.98366,10328610.91317499
XRP/USD,2025-09-11,2.98358,3.04999,2.949,3.04082,13055933.37405952
XRP/USD,2025-09-12,3.04118,3.13978,3.01836,3.10688,16106660.9701372
XRP/USD,2025-09-13,3.10799,3.18759,3.072,3.12107,14729818.60547095
XRP/USD,2025-09-14,3.12012,3.12737,3.012,3.02898,8832449.67145125
XRP/USD,2025-09-15,3.02897,3.06804,2.955,2.99793,15224532.72802138
XRP/USD,2025-09-16,2.99759,3.05961,2.96501,3.03817,12838833.155359
XRP/USD,2025-09-17,3.03731,3.10879,2.98215,3.08477,24741293.44694388
XRP/USD,2025-09-18,3.08597,3.14049,3.05643,3.0745,17293875.2596533
XRP/USD,2025-09-19,3.07505,3.09495,2.9803,2.9913,14623226.87896298
XRP/USD,2025-09-20,2.99129,3.01049,2.96771,2.97696,5203233.5579271
XRP/USD,2025-09-21,2.97689,3.01521,2.95302,2.97332,7316127.79006945
XRP/USD,2025-09-22,2.97106,2.97698,2.6944,2.85449,28357862.59073058
XRP/USD,2025-09-23,2.85426,2.898,2.80242,2.82527,19106630.94524272
XRP/USD,2025-09-24,2.82537,2.99648,2.78895,2.92635,14965343.0505452
XRP/USD,2025-09-25,2.92682,2.94471,2.7253,2.74463,27666578.97849922
XRP/USD,2025-09-26,2.74584,2.81098,2.69798,2.78478,25881549.37567557
XRP/USD,2025-09-27,2.78378,2.83046,2.7632,2.80553,6741761.17953292
XRP/USD,2025-09-28,2.80641,2.868,2.768,2.86784,7692409.89528983
XRP/USD,2025-09-29,2.868,2.929,2.8466,2.88144,15959573.97266812
XRP/USD,2025-09-30,2.881,2.90845,2.81436,2.84667,13162182.22810331
XRP/USD,2025-10-01,2.84668,2.96254,2.81508,2.95005,16235064.59984679
XRP/USD,2025-10-02,2.95059,3.10367,2.94202,3.04052,25097108.59876581
XRP/USD,2025-10-03,3.04092,3.09686,2.99795,3.04106,16964468.57642251
XRP/USD,2025-10-04,3.04215,3.0548,2.94046,2.97001,11172818.19162437
XRP/USD,2025-10-05,2.96984,3.07158,2.94763,2.97052,12274550.49503334
XRP/USD,2025-10-06,2.97054,3.05143,2.95658,2.98892,13301926.27109551
XRP/USD,2025-10-07,2.98892,3.00219,2.85045,2.85315,21903922.3841725
XRP/USD,2025-10-08,2.85361,2.9262,2.832,2.88012,17799819.38485766
XRP/USD,2025-10-09,2.88042,2.8809,2.77369,2.80352,20204185.13049422
XRP/USD,2025-10-10,2.80332,2.83782,1.58,2.37404,39849768.56025698
XRP/USD,2025-10-11,2.37507,2.50896,2.3,2.38452,42550849.68118979
XRP/USD,2025-10-12,2.38452,2.58567,2.31426,2.53096,33895411.06859909
XRP/USD,2025-10-13,2.5308,2.6479,2.51619,2.60673,32931588.4306224
XRP/USD,2025-10-14,2.60656,2.62234,2.39083,2.50497,28145913.0531133
XRP/USD,2025-10-15,2.50419,2.5491,2.37726,2.41212,23790471.15251847
XRP/USD,2025-10-16,2.41228,2.46675,2.28464,2.32806,24415300.12190943
XRP/USD,2025-10-17,2.32807,2.40023,2.1894,2.29412,35906873.07678877
XRP/USD,2025-10-18,2.29462,2.39252,2.29016,2.36029,12275406.63292794
XRP/USD,2025-10-19,2.36003,2.42054,2.3185,2.39147,12481901.11674852
XRP/USD,2025-10-20,2.39095,2.5538,2.3559,2.49572,22209204.8504226
XRP/USD,2025-10-21,2.49532,2.53307,2.4025,2.42335,30537961.57509348
XRP/USD,2025-10-22,2.42265,2.43878,2.32619,2.36478,22347848.9730216
XRP/USD,2025-10-23,2.36492,2.42637,2.33699,2.395,13692209.4743553
XRP/USD,2025-10-24,2.39556,2.51544,2.38753,2.51075,14460474.41896119
XRP/USD,2025-10-25,2.51012,2.65277,2.50322,2.59631,13304784.05299764
XRP/USD,2025-10-26,2.59643,2.66186,2.59297,2.64634,13044869.93027329
XRP/USD,2025-10-27,2.64584,2.6967,2.60101,2.63403,14210085.99734988
XRP/USD,2025-10-28,2.63386,2.68859,2.5677,2.60437,19769739.34700845
XRP/USD,2025-10-29,2.6032,2.66381,2.53378,2.55044,15797291.80651697
XRP/USD,2025-10-30,2.55004,2.59384,2.37625,2.43899,24036385.56053141
XRP/USD,2025-10-31,2.43764,2.55241,2.43426,2.50829,16886858.28936995
XRP/USD,2025-11-01,2.50829,2.52155,2.38276,2.5043,8725449.99183489
XRP/USD,2025-11-02,2.50363,2.55269,2.47795,2.52752,9033098.44752968
XRP/USD,2025-11-03,2.52737,2.53167,2.2618,2.30866,31282661.16040811
XRP/USD,2025-11-04,2.30877,2.36451,2.06605,2.20485,44705891.19331671
XRP/USD,2025-11-05,2.20443,2.37636,2.10123,2.34303,29063243.04309132
XRP/USD,2025-11-06,2.34174,2.41467,2.17928,2.2118,23503208.49593605
XRP/USD,2025-11-07,2.21151,2.371,2.15214,2.3138,32447416.49398089
XRP/USD,2025-11-08,2.31515,2.33542,2.24251,2.28643,12394357.5812202
XRP/USD,2025-11-09,2.28523,2.40066,2.23715,2.36531,12889638.73489884
XRP/USD,2025-11-10,2.3653,2.58,2.33867,2.52521,24704543.19204301
XRP/USD,2025-11-11,2.52524,2.56842,2.37846,2.39053,15934495.38734023
XRP/USD,2025-11-12,2.3907,2.45358,2.3151,2.38688,21655759.98216072
XRP/USD,2025-11-13,2.38649,2.52571,2.26825,2.32063,31102230.35097813
XRP/USD,2025-11-14,2.32048,2.33874,2.22417,2.24243,54489944.26245809
XRP/USD,2025-11-15,2.24225,2.30123,2.21053,2.23547,11353284.88195774
XRP/USD,2025-11-16,2.23561,2.278,2.14947,2.21361,29121191.97052704
XRP/USD,2025-11-17,2.21318,2.30403,2.11198,2.16131,42316252.88672938
XRP/USD,2025-11-18,2.1617,2.24,2.083,2.21567,45524353.89668337
XRP/USD,2025-11-19,2.21579,2.21691,2.02398,2.10821,36037888.33768289
XRP/USD,2025-11-20,2.1074,2.14766,1.97315,1.99692,33171213.89097142
XRP/USD,2025-11-21,1.9969,2.02837,1.81796,1.94942,55263237.36001306
XRP/USD,2025-11-22,1.94994,1.96561,1.88799,1.94936,13998607.36131842
XRP/USD,2025-11-23,1.94968,2.0834,1.94888,2.04833,22662142.75549798
XRP/USD,2025-11-24,2.04774,2.28551,2.0233,2.22682,32893095.60686711
XRP/USD,2025-11-25,2.22657,2.26414,2.14697,2.19982,24137463.55057893
XRP/USD,2025-11-26,2.20125,2.25379,2.14413,2.22248,14470686.64246477
XRP/USD,2025-11-27,2.22247,2.2345,2.17249,2.20009,8166580.1362149
XRP/USD,2025-11-28,2.19944,2.27526,2.15677,2.1797,15792770.23863743
XRP/USD,2025-11-29,2.17982,2.22255,2.1671,2.20167,7030955.43611704
XRP/USD,2025-11-30,2.20166,2.21496,2.1524,2.15483,6686387.58439209
XRP/USD,2025-12-01,2.15483,2.16104,1.98309,2.02978,37015548.75611103
XRP/USD,2025-12-02,2.02936,2.18368,1.99503,2.15367,24994083.22062153
XRP/USD,2025-12-03,2.15364,2.21947,2.14205,2.19819,21916220.8364641
XRP/USD,2025-12-04,2.19895,2.21438,2.06988,2.09639,16425708.2291049
XRP/USD,2025-12-05,2.09639,2.1134,2.01242,2.03469,18394677.50717862
XRP/USD,2025-12-06,2.03481,2.05093,2.01576,2.03118,7821885.36642742
XRP/USD,2025-12-07,2.03118,2.11114,1.99,2.04431,19149303.71596068
XRP/USD,2025-12-08,2.0434,2.12404,2.03222,2.07245,18277732.35033484
XRP/USD,2025-12-09,2.07221,2.17751,2.0421,2.10711,18848276.58850524
XRP/USD,2025-12-10,2.10618,2.11071,2.03326,2.04258,16241162.38379672
XRP/USD,2025-12-11,2.04222,2.05715,1.97,2.03412,22394508.62177982
XRP/USD,2025-12-12,2.03413,2.04798,1.96985,2.00732,17055382.89599108
XRP/USD,2025-12-13,2.00767,2.04888,2.00695,2.02318,6955946.41664855
XRP/USD,2025-12-14,2.02317,2.03067,1.95,1.97872,9622225.97841793
XRP/USD,2025-12-15,1.97853,2.01407,1.86932,1.8976,20212312.34113299
XRP/USD,2025-12-16,1.89773,1.94774,1.8526,1.9291,21934934.77104523
XRP/USD,2025-12-17,1.9285,1.98684,1.84667,1.86177,25526291.00298378
XRP/USD,2025-12-18,1.86196,1.93332,1.8,1.8064,26541392.24895015
XRP/USD,2025-12-19,1.80663,1.91981,1.77064,1.90818,23802303.1418194
XRP/USD,2025-12-20,1.9082,1.95749,1.8931,1.93267,7562775.47396898
XRP/USD,2025-12-21,1.93259,1.94912,1.89447,1.92108,8139651.61781253
XRP/USD,2025-12-22,1.92209,1.94796,1.89053,1.90191,13502925.3044335
XRP/USD,2025-12-23,1.90214,1.90863,1.86247,1.87183,10476713.45093967
XRP/USD,2025-12-24,1.87226,1.87702,1.83571,1.86137,10308453.96508029
XRP/USD,2025-12-25,1.86063,1.88719,1.82769,1.83138,7292168.26430446
XRP/USD,2025-12-26,1.83118,1.88182,1.82289,1.84204,11856257.12856025
XRP/USD,2025-12-27,1.84204,1.87708,1.83971,1.87195,5221530.47372235
XRP/USD,2025-12-28,1.8721,1.87777,1.84607,1.86357,3809283.97527877
XRP/USD,2025-12-29,1.86408,1.91572,1.84264,1.84891,12900896.57820337
XRP/USD,2025-12-30,1.84845,1.88439,1.84176,1.87528,9466253.64206157
XRP/USD,2025-12-31,1.87422,1.882,1.80919,1.8393,16350779.76747898
XRP/USD,2026-01-01,1.83943,1.87853,1.82322,1.87728,8248196.84187454
XRP/USD,2026-01-02,1.87729,2.02998,1.8668,2.00593,17840499.86844768
XRP/USD,2026-01-03,2.00585,2.05511,1.98347,2.01721,13693545.48221095
XRP/USD,2026-01-04,2.0166,2.11927,2.01566,2.09051,14348065.31761498
XRP/USD,2026-01-05,2.08976,2.3685,2.08688,2.34734,35593019.15328732
XRP/USD,2026-01-06,2.34723,2.41615,2.20404,2.30344,41049092.14309829
XRP/USD,2026-01-07,2.30334,2.31974,2.15,2.16306,18632055.56194728
XRP/USD,2026-01-08,2.16358,2.18936,2.0634,2.1212,19882560.69628772
XRP/USD,2026-01-09,2.12096,2.15948,2.07,2.09313,16522200.400451
XRP/USD,2026-01-10,2.0929,2.1075,2.07792,2.08795,4400354.83477486
XRP/USD,2026-01-11,2.08795,2.10707,2.04276,2.07115,6316653.19679259
XRP/USD,2026-01-12,2.07132,2.10671,2.03234,2.05196,14738405.8264921
XRP/USD,2026-01-13,2.0512,2.18379,2.04518,2.16449,20335425.56761448
XRP/USD,2026-01-14,2.16664,2.19053,2.11051,2.1391,18754213.91465303
XRP/USD,2026-01-15,2.1391,2.14303,2.05236,2.07824,14704143.08136479
XRP/USD,2026-01-16,2.07709,2.08618,2.02549,2.06674,12937541.75140044
XRP/USD,2026-01-17,2.0669,2.08237,2.05281,2.0622,5174524.48045234
XRP/USD,2026-01-18,2.06148,2.06696,1.98577,1.99065,6619538.9526564
XRP/USD,2026-01-19,1.99027,2.02857,1.84166,1.98454,20762885.46984078
XRP/USD,2026-01-20,1.98466,1.98937,1.86571,1.88752,23361173.05082442
XRP/USD,2026-01-21,1.88784,1.98781,1.86944,1.94579,21174347.03887703
XRP/USD,2026-01-22,1.9457,1.96537,1.89937,1.92172,11333434.61894094
XRP/USD,2026-01-23,1.92209,1.96337,1.88486,1.91716,13737821.45724471
XRP/USD,2026-01-24,1.91782,1.92489,1.90767,1.91153,4635217.51024106
XRP/USD,2026-01-25,1.91092,1.9139,1.80894,1.8333,16760618.7102058
XRP/USD,2026-01-26,1.83348,1.94385,1.83138,1.90204,16900490.62315888
XRP/USD,2026-01-27,1.90204,1.92668,1.87179,1.91297,13049890.94123712
XRP/USD,2026-01-28,1.913,1.93979,1.89175,1.90847,14034843.77203226
XRP/USD,2026-01-29,1.90913,1.91031,1.77499,1.80451,24861164.76976445
XRP/USD,2026-01-30,1.80464,1.80974,1.7093,1.73244,34500799.67087379
XRP/USD,2026-01-31,1.73252,1.75186,1.50076,1.64544,38356488.54007768
XRP/USD,2026-02-01,1.64443,1.67824,1.5516,1.58919,21699962.30246772
XRP/USD,2026-02-02,1.58931,1.65621,1.52926,1.61806,31480226.28621378
XRP/USD,2026-02-03,1.6183,1.63371,1.52602,1.57684,28126919.55554368
XRP/USD,2026-02-04,1.57675,1.60992,1.49154,1.50872,25048102.62899624
XRP/USD,2026-02-05,1.50862,1.51149,1.1346,1.21267,72928854.54889177
XRP/USD,2026-02-06,1.21198,1.5434,1.11845,1.46838,85156725.58183867
XRP/USD,2026-02-07,1.46831,1.48623,1.38472,1.42199,29262864.11535981
XRP/USD,2026-02-08,1.422,1.46786,1.40892,1.43026,19735483.34470833
XRP/USD,2026-02-09,1.42976,1.4636,1.37131,1.4361,23406632.05617607
XRP/USD,2026-02-10,1.4362,1.45211,1.39145,1.39899,19800479.98151069
XRP/USD,2026-02-11,1.39888,1.41948,1.34149,1.36832,30865784.37533433
XRP/USD,2026-02-12,1.36851,1.40723,1.3452,1.36233,18646161.89705863
XRP/USD,2026-02-13,1.36233,1.42783,1.34728,1.40677,17033982.50792459
XRP/USD,2026-02-14,1.40618,1.51255,1.40442,1.50859,16553409.11961759
XRP/USD,2026-02-15,1.5076,1.67,1.44427,1.4744,43266562.48735956
XRP/USD,2026-02-16,1.47444,1.51592,1.44791,1.48663,20401935.39654438
XRP/USD,2026-02-17,1.48676,1.49377,1.42607,1.47357,19032601.37132151
XRP/USD,2026-02-18,1.47363,1.49295,1.40968,1.42118,20504294.65203127
XRP/USD,2026-02-19,1.42142,1.43764,1.38169,1.40607,20824765.13789541
XRP/USD,2026-02-20,1.40555,1.4507,1.37739,1.4285,15028419.06851162
XRP/USD,2026-02-21,1.42851,1.46415,1.41942,1.43018,10045217.25048668
XRP/USD,2026-02-22,1.4298,1.43332,1.3796,1.39265,9614698.28014733
XRP/USD,2026-02-23,1.39267,1.42451,1.33015,1.35146,24839589.96491716
XRP/USD,2026-02-24,1.35195,1.36759,1.3124,1.34822,20218647.03382924
XRP/USD,2026-02-25,1.34807,1.49281,1.34092,1.43399,27068042.84616464
XRP/USD,2026-02-26,1.43328,1.46912,1.38276,1.40271,21193009.25896343
XRP/USD,2026-02-27,1.40264,1.42543,1.33854,1.35603,28768707.22757832
XRP/USD,2026-02-28,1.35604,1.39304,1.27066,1.37645,32410293.01248289
XRP/USD,2026-03-01,1.37627,1.43324,1.33698,1.35227,36251094.0355186
XRP/USD,2026-03-02,1.35227,1.42268,1.3338,1.39025,28301392.65770815
XRP/USD,2026-03-03,1.38998,1.3951,1.33685,1.36072,16155845.76140676
XRP/USD,2026-03-04,1.36076,1.47335,1.34536,1.43133,24770994.40709564
XRP/USD,2026-03-05,1.431,1.4521,1.39648,1.40401,17077828.43226745
XRP/USD,2026-03-06,1.40409,1.4153,1.34613,1.36308,16817794.23692147
XRP/USD,2026-03-07,1.36292,1.37502,1.34705,1.35683,8484451.52394159
XRP/USD,2026-03-08,1.35706,1.37133,1.3222,1.34002,8140344.79176175
XRP/USD,2026-03-09,1.34003,1.38397,1.33287,1.36328,14061291.82317181
XRP/USD,2026-03-10,1.36318,1.44301,1.36069,1.38657,19709219.72808005
XRP/USD,2026-03-11,1.38675,1.41134,1.3707,1.38453,12056858.69102825
XRP/USD,2026-03-12,1.38453,1.39359,1.36561,1.38517,9581066.94228202
XRP/USD,2026-03-13,1.38473,1.45313,1.38353,1.39925,21119973.02686498
XRP/USD,2026-03-14,1.39901,1.40874,1.3851,1.40654,4536123.97914855
XRP/USD,2026-03-15,1.40654,1.46491,1.40256,1.44918,9582301.39813258
XRP/USD,2026-03-16,1.44911,1.55237,1.43564,1.54331,26355621.14116497
XRP/USD,2026-03-17,1.54301,1.60749,1.49457,1.51833,23562777.10195659
XRP/USD,2026-03-18,1.51864,1.54183,1.43597,1.46481,12014888.13178617
XRP/USD,2026-03-19,1.464,1.48113,1.42232,1.44712,11821566.76171061
XRP/USD,2026-03-20,1.4477,1.46618,1.42463,1.4447,10544635.09515706
XRP/USD,2026-03-21,1.44428,1.45225,1.4,1.40855,6605074.64367917
XRP/USD,2026-03-22,1.40811,1.42593,1.37137,1.38451,11035549.0300993
XRP/USD,2026-03-23,1.38457,1.46572,1.36152,1.43218,21796513.01314719
XRP/USD,2026-03-24,1.43301,1.4347,1.38353,1.41531,13014026.59746276
XRP/USD,2026-03-25,1.41529,1.43707,1.40159,1.41414,11063960.9643919
XRP/USD,2026-03-26,1.41442,1.4159,1.33507,1.36,20246241.10250165
XRP/USD,2026-03-27,1.36027,1.37142,1.31743,1.32461,31978173.12423853
XRP/USD,2026-03-28,1.32427,1.35716,1.31836,1.33235,5715762.82005213
XRP/USD,2026-03-29,1.33235,1.3421,1.29405,1.32688,6507379.55163374
XRP/USD,2026-03-30,1.3279,1.36537,1.31569,1.3227,8651487.81596999
XRP/USD,2026-03-31,1.32277,1.34899,1.30338,1.33988,9905334.27547632
XRP/USD,2026-04-01,1.33959,1.36782,1.33082,1.34766,7700184.75904052
XRP/USD,2026-04-02,1.3476,1.35666,1.28034,1.31999,11355165.76568
XRP/USD,2026-04-03,1.32042,1.33547,1.30328,1.3182,7116061.63006054
XRP/USD,2026-04-04,1.3182,1.32274,1.30643,1.31499,4065061.65929101
XRP/USD,2026-04-05,1.31508,1.3315,1.27925,1.32536,8209423.56898394
XRP/USD,2026-04-06,1.32579,1.35695,1.31235,1.32067,11619641.25596704
XRP/USD,2026-04-07,1.32066,1.39574,1.29478,1.37841,13651124.33895414
XRP/USD,2026-04-08,1.37845,1.38985,1.33915,1.3431,11111559.17677016
XRP/USD,2026-04-09,1.3428,1.3695,1.32204,1.34347,8421994.5127039
XRP/USD,2026-04-10,1.3437,1.36642,1.33492,1.35644,8231661.9793157
XRP/USD,2026-04-11,1.35666,1.37554,1.3404,1.35521,5228533.53637191
XRP/USD,2026-04-12,1.35513,1.35645,1.32013,1.32484,6516642.78608184
XRP/USD,2026-04-13,1.32447,1.38409,1.31997,1.37622,7970292.95047544
XRP/USD,2026-04-14,1.3762,1.39618,1.35318,1.36236,9547494.04539313
XRP/USD,2026-04-15,1.36234,1.40892,1.35129,1.39199,9143296.44970363
XRP/USD,2026-04-16,1.39285,1.46672,1.38743,1.45343,19515804.54027586
XRP/USD,2026-04-17,1.45339,1.51094,1.42299,1.47712,15853900.6785301
XRP/USD,2026-04-18,1.47613,1.48268,1.4243,1.43279,8298762.55638938
XRP/USD,2026-04-19,1.43291,1.44747,1.39248,1.39473,7130807.65505554
XRP/USD,2026-04-20,1.39419,1.44603,1.39419,1.42489,11454176.60888537
XRP/USD,2026-04-21,1.42506,1.44943,1.41187,1.43415,8202336.30106227
XRP/USD,2026-04-22,1.4351,1.46289,1.42709,1.42985,23297910.27931334
XRP/USD,2026-04-23,1.4298,1.44141,1.4096,1.43903,15092392.02520288
XRP/USD,2026-04-24,1.43915,1.45095,1.42434,1.43385,16943455.61204128
XRP/USD,2026-04-25,1.43343,1.43802,1.41913,1.42372,9352934.1150413
XRP/USD,2026-04-26,1.42394,1.4363,1.41843,1.43113,11434290.03838564
XRP/USD,2026-04-27,1.43136,1.44682,1.38394,1.40057,14353384.74612258
XRP/USD,2026-04-28,1.39969,1.39976,1.36801,1.38067,8484109.44084917
XRP/USD,2026-04-29,1.38009,1.40637,1.34532,1.36905,8637463.49888066
XRP/USD,2026-04-30,1.36928,1.38427,1.35839,1.36738,6977089.40925835
XRP/USD,2026-05-01,1.36748,1.39968,1.36431,1.38548,5696841.0312669
XRP/USD,2026-05-02,1.38643,1.40021,1.38104,1.39364,4228166.87891389
XRP/USD,2026-05-03,1.39364,1.40395,1.38151,1.38788,4175158.28613686
XRP/USD,2026-05-04,1.38751,1.42024,1.38328,1.39151,9876857.10175412
XRP/USD,2026-05-05,1.39126,1.42199,1.39029,1.41272,6620371.77798172
XRP/USD,2026-05-06,1.41256,1.45705,1.40786,1.42478,9893915.35256003
XRP/USD,2026-05-07,1.42487,1.42559,1.38013,1.38709,8976894.62775979
XRP/USD,2026-05-08,1.38669,1.4271,1.37785,1.41801,11197669.30240745
XRP/USD,2026-05-09,1.41807,1.43493,1.41129,1.41999,5769729.03437491
XRP/USD,2026-05-10,1.41988,1.50766,1.41164,1.4729,11944747.89759226
XRP/USD,2026-05-11,1.47338,1.48813,1.44001,1.47754,11832400.94663796
XRP/USD,2026-05-12,1.4775,1.48466,1.41833,1.43705,10796474.48082525
XRP/USD,2026-05-13,1.43759,1.46892,1.4112,1.42666,9732377.40354778
XRP/USD,2026-05-14,1.42669,1.54974,1.42041,1.48502,15407929.66661994
XRP/USD,2026-05-15,1.48474,1.49991,1.42698,1.43373,17230108.27573677
XRP/USD,2026-05-16,1.43324,1.43837,1.39571,1.41327,3815073.96175081
XRP/USD,2026-05-17,1.41383,1.42845,1.355,1.40095,5175736.22466414
XRP/USD,2026-05-18,1.40091,1.40189,1.36344,1.38927,8545353.70989852
XRP/USD,2026-05-19,1.38952,1.3968,1.35203,1.36026,5877425.78979485
XRP/USD,2026-05-20,1.35982,1.37936,1.34655,1.36606,6580428.44516086
XRP/USD,2026-05-21,1.36562,1.38474,1.35008,1.37219,7702180.50062401
XRP/USD,2026-05-22,1.37275,1.37471,1.3286,1.3326,12634365.5868033
XRP/USD,2026-05-23,1.33309,1.37445,1.288,1.35662,10324870.93696286
XRP/USD,2026-05-24,1.35677,1.36927,1.33053,1.34926,5417264.52393596
XRP/USD,2026-05-25,1.34956,1.3643,1.34179,1.34903,5003963.79323197
XRP/USD,2026-05-26,1.349,1.3637,1.32505,1.32711,6591408.41688176
XRP/USD,2026-05-27,1.3278,1.34072,1.30158,1.3059,10573905.01045998
XRP/USD,2026-05-28,1.30532,1.33644,1.26454,1.31361,13164249.02321624
XRP/USD,2026-05-29,1.31492,1.32683,1.30201,1.32213,2940960.44625772
LTC/USD,2025-01-15,102.44,118.79,100.83,116.94,19219.33298271
LTC/USD,2025-01-16,117.03,130.2,114.24,124.39,71816.97794002
LTC/USD,2025-01-17,124.4,141.0,124.4,137.09,73264.76905802
LTC/USD,2025-01-18,137.1,139.51,123.28,125.31,63213.546176
LTC/USD,2025-01-19,125.26,128.4,111.42,115.41,63166.13952654
LTC/USD,2025-01-20,115.41,127.5,112.89,118.45,45758.4199559
LTC/USD,2025-01-21,118.5,124.7,113.64,119.16,11664.70972693
LTC/USD,2025-01-22,118.99,120.24,114.36,115.31,11879.21793863
LTC/USD,2025-01-23,115.24,117.26,111.23,116.48,12413.00436794
LTC/USD,2025-01-24,116.62,123.09,112.98,118.79,21768.07628718
LTC/USD,2025-01-25,118.77,129.3,118.24,123.81,24741.18902598
LTC/USD,2025-01-26,123.93,125.0,116.97,117.13,5200.26152811
LTC/USD,2025-01-27,116.79,117.83,106.21,115.04,20755.71320223
LTC/USD,2025-01-28,115.12,116.9,109.25,110.29,12236.19552605
LTC/USD,2025-01-29,109.87,119.31,109.83,115.65,15875.33377823
LTC/USD,2025-01-30,116.43,133.94,114.27,130.12,33880.51047685
LTC/USD,2025-01-31,130.15,135.14,125.27,127.99,12655.73733136
LTC/USD,2025-02-01,127.94,131.17,117.74,118.01,23171.65920882
LTC/USD,2025-02-02,118.06,121.33,104.03,108.93,24598.90970404
LTC/USD,2025-02-03,108.83,109.06,80.81,107.14,58510.03371955
LTC/USD,2025-02-04,107.3,108.73,98.67,101.23,14611.27308289
LTC/USD,2025-02-05,101.01,109.22,100.7,103.4,17365.82672224
LTC/USD,2025-02-06,103.11,109.57,99.64,101.73,28722.24232852
LTC/USD,2025-02-07,101.97,108.07,100.63,103.16,11174.11836629
LTC/USD,2025-02-08,102.98,105.16,101.77,104.84,3207.62072348
LTC/USD,2025-02-09,104.77,109.13,102.37,107.22,29204.71561823
LTC/USD,2025-02-10,108.43,122.4,107.43,120.16,32405.89824974
LTC/USD,2025-02-11,120.2,132.11,117.98,119.3,46023.69697104
LTC/USD,2025-02-12,118.46,124.86,111.54,121.96,30103.08092507
LTC/USD,2025-02-13,121.65,129.4,119.03,126.71,34034.38620122
LTC/USD,2025-02-14,126.91,133.67,124.51,124.92,32740.5780385
LTC/USD,2025-02-15,125.23,134.92,124.44,133.86,17212.74902301
LTC/USD,2025-02-16,133.88,137.67,125.2,125.72,18161.08088768
LTC/USD,2025-02-17,125.57,128.77,120.07,122.34,20213.22609804
LTC/USD,2025-02-18,122.5,129.67,119.82,129.67,29033.43283556
LTC/USD,2025-02-19,129.7,139.75,129.7,134.99,54152.20685468
LTC/USD,2025-02-20,134.89,135.22,126.01,130.93,29491.3728013
LTC/USD,2025-02-21,130.77,140.0,123.7,128.21,65073.52314575
LTC/USD,2025-02-22,128.09,131.27,125.71,125.96,32227.74537828
LTC/USD,2025-02-23,125.9,130.3,125.28,129.95,12811.92400422
LTC/USD,2025-02-24,129.93,130.45,112.0,114.77,53177.05698181
LTC/USD,2025-02-25,114.77,117.11,106.11,114.59,174199.42312589
LTC/USD,2025-02-26,114.35,128.53,113.86,124.5,117581.97869201
LTC/USD,2025-02-27,124.51,132.0,121.73,126.82,82100.38076167
LTC/USD,2025-02-28,126.77,129.4,114.14,128.1,94390.11791422
LTC/USD,2025-03-01,127.83,130.93,123.01,124.28,9895.79229314
LTC/USD,2025-03-02,124.14,130.18,117.92,127.61,31534.81097569
LTC/USD,2025-03-03,128.2,130.3,106.78,109.79,31435.07843462
LTC/USD,2025-03-04,109.77,110.84,94.15,103.59,65647.06707021
LTC/USD,2025-03-05,103.61,106.82,100.64,104.75,24416.63282816
LTC/USD,2025-03-06,104.74,112.93,102.15,103.4,37273.83024423
LTC/USD,2025-03-07,103.51,106.52,97.29,103.7,23629.7398166
LTC/USD,2025-03-08,103.55,108.57,101.75,102.32,7364.73305547
LTC/USD,2025-03-09,102.26,102.7,93.66,94.53,12102.93025152
LTC/USD,2025-03-10,94.63,98.97,86.71,87.33,25793.79605616
LTC/USD,2025-03-11,87.51,93.08,83.2,90.44,15852.92105181
LTC/USD,2025-03-12,90.43,92.79,87.33,91.53,13284.90934769
LTC/USD,2025-03-13,91.59,91.74,86.32,88.02,9882.20961487
LTC/USD,2025-03-14,88.1,92.75,87.81,91.26,9742.74746471
LTC/USD,2025-03-15,91.36,94.23,91.05,92.49,4350.77638185
LTC/USD,2025-03-16,92.37,92.68,88.39,90.24,4978.2446193
LTC/USD,2025-03-17,90.29,94.37,90.25,92.34,9031.85388944
LTC/USD,2025-03-18,92.34,92.34,87.18,90.11,5981.72567362
LTC/USD,2025-03-19,90.11,94.29,89.4,94.11,44344.94711429
LTC/USD,2025-03-20,94.19,94.53,90.08,93.27,17614.28912297
LTC/USD,2025-03-21,93.26,93.84,90.8,90.8,5852.1259152
LTC/USD,2025-03-22,90.8,92.21,90.41,91.4,2916.62622524
LTC/USD,2025-03-23,91.42,92.97,90.75,91.47,2538.05059565
LTC/USD,2025-03-24,91.48,95.64,90.87,93.74,12109.77137223
LTC/USD,2025-03-25,93.76,94.74,92.04,94.37,7831.28367721
LTC/USD,2025-03-26,94.43,96.55,90.95,92.36,19814.21201337
LTC/USD,2025-03-27,92.47,95.0,92.25,92.81,15038.51234476
LTC/USD,2025-03-28,92.75,93.43,85.76,87.35,23821.48880439
LTC/USD,2025-03-29,87.29,87.99,84.14,85.41,7258.37239698
LTC/USD,2025-03-30,85.45,86.8,84.74,86.06,9439.91131697
LTC/USD,2025-03-31,86.14,86.2,80.82,83.01,10019.58021008
LTC/USD,2025-04-01,82.93,85.87,82.89,84.5,13056.34238636
LTC/USD,2025-04-02,84.41,88.59,81.09,81.55,13445.0532969
LTC/USD,2025-04-03,81.44,84.71,80.18,83.44,8423.07865064
LTC/USD,2025-04-04,83.46,85.08,81.74,84.44,5690.66410982
LTC/USD,2025-04-05,84.41,84.92,81.68,82.69,4616.93983316
LTC/USD,2025-04-06,82.63,83.09,68.46,70.58,24626.53245724
LTC/USD,2025-04-07,70.5,72.74,63.21,71.1,11160.76937022
LTC/USD,2025-04-08,70.95,73.51,68.21,69.12,12655.85817806
LTC/USD,2025-04-09,69.06,78.41,66.5,76.06,14635.35970077
LTC/USD,2025-04-10,76.02,76.11,71.09,73.83,12679.44533991
LTC/USD,2025-04-11,73.81,77.43,73.75,76.18,6293.19107742
LTC/USD,2025-04-12,76.13,80.05,74.94,78.65,4331.5274753
LTC/USD,2025-04-13,78.68,80.03,76.5,77.78,5531.01662682
LTC/USD,2025-04-14,77.81,80.54,75.92,77.13,4403.29612341
LTC/USD,2025-04-15,77.18,78.7,74.75,75.29,8877.74684205
LTC/USD,2025-04-16,75.26,76.5,73.46,74.35,7354.06600364
LTC/USD,2025-04-17,74.38,76.49,73.74,74.91,6836.4921703
LTC/USD,2025-04-18,74.99,77.07,74.69,76.03,5336.77608994
LTC/USD,2025-04-19,76.02,76.77,74.38,76.13,4914.47947695
LTC/USD,2025-04-20,76.12,78.49,75.46,77.79,3941.76335805
LTC/USD,2025-04-21,77.81,81.61,77.47,78.16,6894.29936673
LTC/USD,2025-04-22,78.15,84.69,77.53,83.5,10547.9856698
LTC/USD,2025-04-23,83.53,85.24,82.33,83.33,6677.65105175
LTC/USD,2025-04-24,83.36,84.63,80.81,84.34,5343.62846989
LTC/USD,2025-04-25,84.37,87.3,83.01,86.4,6607.38341997
LTC/USD,2025-04-26,86.54,88.09,85.42,87.11,7266.46271323
LTC/USD,2025-04-27,87.23,87.62,84.62,85.54,3659.09741099
LTC/USD,2025-04-28,85.35,88.09,83.86,85.71,8775.97510589
LTC/USD,2025-04-29,85.72,87.37,84.6,85.61,7796.7936192
LTC/USD,2025-04-30,85.72,86.64,81.52,83.59,9742.13839844
LTC/USD,2025-05-01,83.58,91.09,83.36,88.92,12790.32815026
LTC/USD,2025-05-02,88.97,91.11,87.24,88.04,6745.8336115
LTC/USD,2025-05-03,88.03,88.03,85.65,86.58,2924.18350528
LTC/USD,2025-05-04,86.52,86.93,84.88,85.09,2671.71803098
LTC/USD,2025-05-05,84.91,89.51,82.18,83.26,29666.74141835
LTC/USD,2025-05-06,83.24,92.51,81.13,91.61,19958.45633894
LTC/USD,2025-05-07,91.66,93.52,87.28,89.52,13142.87444403
LTC/USD,2025-05-08,89.57,95.42,89.43,94.99,13333.0416386
LTC/USD,2025-05-09,94.97,101.52,93.93,100.59,10384.26542006
LTC/USD,2025-05-10,100.63,107.05,100.59,105.29,8774.82351548
LTC/USD,2025-05-11,105.29,105.95,98.15,100.13,9895.99572957
LTC/USD,2025-05-12,100.32,104.98,98.68,103.91,10809.57988032
LTC/USD,2025-05-13,103.82,104.97,99.64,103.46,15200.088653
LTC/USD,2025-05-14,103.45,105.85,98.68,101.01,7874.76607255
LTC/USD,2025-05-15,100.99,101.96,95.67,99.24,12627.43378349
LTC/USD,2025-05-16,99.36,102.24,98.32,99.53,9601.9294571
LTC/USD,2025-05-17,99.58,101.24,95.72,96.16,7922.50764006
LTC/USD,2025-05-18,96.12,102.44,95.97,101.02,5832.30070171
LTC/USD,2025-05-19,101.1,101.32,94.41,98.32,5960.04478647
LTC/USD,2025-05-20,98.32,99.7,92.41,94.45,14333.82728217
LTC/USD,2025-05-21,94.39,98.4,93.52,97.24,8842.13116251
LTC/USD,2025-05-22,97.19,101.0,97.05,100.32,8241.92937894
LTC/USD,2025-05-23,100.33,102.92,94.6,95.32,14509.63540863
LTC/USD,2025-05-24,95.1,97.81,94.98,95.66,5264.37544035
LTC/USD,2025-05-25,95.62,96.12,93.21,95.76,9107.01408941
LTC/USD,2025-05-26,95.77,97.67,94.42,95.08,10448.11105653
LTC/USD,2025-05-27,95.06,97.05,93.29,95.99,8182.76031797
LTC/USD,2025-05-28,95.96,97.53,93.6,95.43,5076.33357757
LTC/USD,2025-05-29,95.44,98.9,92.91,93.22,12172.89045183
LTC/USD,2025-05-30,93.23,93.91,85.0,85.73,12998.6100221
LTC/USD,2025-05-31,85.7,88.0,83.3,87.07,7446.10582368
LTC/USD,2025-06-01,87.11,88.78,85.95,88.43,6776.06912597
LTC/USD,2025-06-02,88.46,89.99,87.07,89.56,7784.00238892
LTC/USD,2025-06-03,89.56,90.63,88.79,89.58,5867.82723535
LTC/USD,2025-06-04,89.58,91.03,87.49,88.05,4610.02753401
LTC/USD,2025-06-05,88.14,89.15,82.0,83.66,7097.63977932
LTC/USD,2025-06-06,83.73,87.74,83.28,87.33,7481.79988072
LTC/USD,2025-06-07,87.32,89.37,86.76,88.35,4043.89551516
LTC/USD,2025-06-08,88.35,88.7,86.66,87.31,3337.23190737
LTC/USD,2025-06-09,87.27,90.83,86.78,90.8,5524.50160161
LTC/USD,2025-06-10,90.79,93.51,89.57,93.35,13089.93744604
LTC/USD,2025-06-11,93.35,94.16,90.41,91.59,6715.71751698
LTC/USD,2025-06-12,91.65,91.92,86.08,86.21,6906.73836282
LTC/USD,2025-06-13,86.19,86.76,81.51,86.63,11538.30587726
LTC/USD,2025-06-14,86.55,86.95,84.27,85.25,5878.11160133
LTC/USD,2025-06-15,85.24,86.62,85.0,86.31,3426.04464109
LTC/USD,2025-06-16,86.31,88.98,85.39,86.69,7695.71671875
LTC/USD,2025-06-17,86.59,87.76,82.58,84.23,7519.23458158
LTC/USD,2025-06-18,84.36,85.71,83.45,85.14,5284.54778795
LTC/USD,2025-06-19,85.11,85.97,84.27,85.15,11149.60280777
LTC/USD,2025-06-20,85.15,86.01,81.05,82.95,7876.40954457
LTC/USD,2025-06-21,82.96,84.14,78.54,80.29,6315.52829442
LTC/USD,2025-06-22,80.33,82.03,76.25,80.26,6022.36491255
LTC/USD,2025-06-23,80.26,85.47,79.56,84.94,10528.74690343
LTC/USD,2025-06-24,85.03,85.43,83.94,84.91,4139.63236563
LTC/USD,2025-06-25,84.9,85.45,83.99,84.74,15498.95945293
LTC/USD,2025-06-26,84.73,86.01,83.81,84.27,6760.11849824
LTC/USD,2025-06-27,84.3,85.69,83.24,84.89,5837.47434492
LTC/USD,2025-06-28,84.94,87.41,84.65,86.36,4263.20927928
LTC/USD,2025-06-29,86.36,88.48,85.91,88.01,5158.67523481
LTC/USD,2025-06-30,88.0,88.38,84.79,86.05,9890.14924309
LTC/USD,2025-07-01,86.12,86.86,82.43,83.27,8510.96523761
LTC/USD,2025-07-02,83.17,88.64,82.97,87.34,14434.40541247
LTC/USD,2025-07-03,87.47,92.29,86.99,89.05,12774.7858415
LTC/USD,2025-07-04,89.21,89.34,85.76,86.86,8740.814909
LTC/USD,2025-07-05,86.84,87.87,85.89,87.6,4339.99857132
LTC/USD,2025-07-06,87.63,88.48,86.55,87.38,4025.17674292
LTC/USD,2025-07-07,87.39,88.3,85.2,86.1,4656.85776904
LTC/USD,2025-07-08,86.07,88.03,85.57,87.77,5371.41391572
LTC/USD,2025-07-09,87.86,91.4,87.16,90.69,8537.4027602
LTC/USD,2025-07-10,90.86,95.32,90.17,94.94,11583.94418081
LTC/USD,2025-07-11,94.87,98.3,92.72,94.34,17486.62077285
LTC/USD,2025-07-12,94.35,95.44,90.79,92.83,8976.29462533
LTC/USD,2025-07-13,92.89,96.9,92.54,94.68,9787.80276799
LTC/USD,2025-07-14,94.73,97.93,94.17,95.74,10885.21731225
LTC/USD,2025-07-15,95.65,96.65,91.24,96.4,16735.39465971
LTC/USD,2025-07-16,96.32,100.01,95.21,97.55,9236.24087555
LTC/USD,2025-07-17,97.53,103.51,95.39,101.63,14827.12559716
LTC/USD,2025-07-18,101.8,112.25,100.22,101.73,28499.76568268
LTC/USD,2025-07-19,101.81,114.19,99.18,113.22,41769.91718035
LTC/USD,2025-07-20,113.33,121.45,110.61,116.78,48801.84520869
LTC/USD,2025-07-21,116.56,121.86,114.72,115.49,25674.27113612
LTC/USD,2025-07-22,115.51,119.92,112.31,119.8,19210.60966547
LTC/USD,2025-07-23,119.72,122.21,109.27,112.23,27564.14923506
LTC/USD,2025-07-24,112.0,115.44,106.7,112.23,16397.51287946
LTC/USD,2025-07-25,112.32,116.31,108.29,113.83,13715.44837087
LTC/USD,2025-07-26,113.77,115.49,112.12,113.97,5311.47717743
LTC/USD,2025-07-27,113.98,115.6,112.59,114.77,5509.70347583
LTC/USD,2025-07-28,114.75,116.39,108.41,108.84,11806.68630917
LTC/USD,2025-07-29,108.95,110.7,106.92,108.62,8087.28145725
LTC/USD,2025-07-30,108.23,111.34,105.54,110.5,46351.84648563
LTC/USD,2025-07-31,110.5,111.77,105.79,106.03,38259.04462793
LTC/USD,2025-08-01,106.16,108.16,103.28,106.55,62790.8139823
LTC/USD,2025-08-02,106.58,110.26,104.11,106.05,40623.18566448
LTC/USD,2025-08-03,106.14,111.4,104.39,110.46,22543.39005777
LTC/USD,2025-08-04,110.51,121.42,110.21,121.1,20567.60031522
LTC/USD,2025-08-05,121.18,129.01,119.59,120.29,32619.10381529
LTC/USD,2025-08-06,120.26,121.04,115.27,119.23,10748.88980727
LTC/USD,2025-08-07,118.95,123.09,117.49,123.06,13820.71204587
LTC/USD,2025-08-08,122.72,126.41,119.31,123.79,17514.3362045
LTC/USD,2025-08-09,123.85,126.29,120.26,120.28,17081.44815936
LTC/USD,2025-08-10,120.34,126.06,118.32,123.82,14205.87535644
LTC/USD,2025-08-11,123.61,128.08,119.62,120.07,29693.41713878
LTC/USD,2025-08-12,120.08,131.9,118.4,130.4,26040.66451575
LTC/USD,2025-08-13,130.42,134.11,128.57,131.08,18901.35354404
LTC/USD,2025-08-14,130.99,133.89,119.64,121.26,31709.13484661
LTC/USD,2025-08-15,121.34,123.29,116.67,119.11,10878.99623723
LTC/USD,2025-08-16,119.27,121.14,117.29,121.14,6971.8742937
LTC/USD,2025-08-17,120.91,123.23,119.88,120.82,5214.012493
LTC/USD,2025-08-18,120.74,120.95,115.4,117.8,12922.35984771
LTC/USD,2025-08-19,117.96,119.11,112.28,112.67,12024.1349411
LTC/USD,2025-08-20,112.73,117.09,112.02,116.09,8612.64302906
LTC/USD,2025-08-21,115.95,117.23,113.59,114.72,4662.83869067
LTC/USD,2025-08-22,114.78,123.63,112.48,122.86,14298.85383044
LTC/USD,2025-08-23,122.92,123.24,119.75,121.37,10009.80259767
LTC/USD,2025-08-24,121.54,124.73,117.22,118.16,14882.19242671
LTC/USD,2025-08-25,118.15,118.63,106.93,109.27,12952.16950724
LTC/USD,2025-08-26,108.94,114.78,108.94,113.53,15240.48812687
LTC/USD,2025-08-27,113.15,116.18,111.98,112.04,14912.14134276
LTC/USD,2025-08-28,112.17,114.62,111.37,113.71,9408.3019722
LTC/USD,2025-08-29,113.67,113.86,108.67,109.87,16139.7004557
LTC/USD,2025-08-30,109.94,111.27,108.36,110.83,4539.46042343
LTC/USD,2025-08-31,110.85,111.89,108.79,108.89,3322.52724337
LTC/USD,2025-09-01,108.91,111.34,106.5,108.73,8514.23613544
LTC/USD,2025-09-02,108.76,112.14,108.63,111.72,13987.96454928
LTC/USD,2025-09-03,111.78,113.32,110.82,113.0,7321.62955878
LTC/USD,2025-09-04,113.08,113.49,109.61,111.07,8987.56729075
LTC/USD,2025-09-05,111.12,115.07,111.09,112.09,8988.21577061
LTC/USD,2025-09-06,112.08,112.54,111.28,112.15,4187.38618792
LTC/USD,2025-09-07,112.18,115.4,112.18,114.94,7478.28573598
LTC/USD,2025-09-08,115.0,115.4,111.99,112.77,12077.38753575
LTC/USD,2025-09-09,112.77,114.66,110.88,111.93,14669.74573953
LTC/USD,2025-09-10,111.94,118.69,111.6,117.67,17952.61752402
LTC/USD,2025-09-11,117.68,117.82,113.07,115.91,21329.80041859
LTC/USD,2025-09-12,115.89,118.32,114.85,118.11,20812.38943499
LTC/USD,2025-09-13,118.09,120.85,116.93,119.29,22330.31136732
LTC/USD,2025-09-14,119.31,119.39,114.04,115.23,22368.20421599
LTC/USD,2025-09-15,115.19,116.8,112.07,113.77,14012.44146189
LTC/USD,2025-09-16,113.77,115.83,112.1,115.06,12769.52194808
LTC/USD,2025-09-17,115.07,117.61,113.18,117.03,15454.03883945
LTC/USD,2025-09-18,117.14,119.15,114.97,118.29,23712.31816967
LTC/USD,2025-09-19,118.33,119.52,113.45,114.12,17581.41049274
LTC/USD,2025-09-20,114.07,115.36,113.48,114.02,9006.84078942
LTC/USD,2025-09-21,113.96,116.32,113.85,114.06,7607.18067238
LTC/USD,2025-09-22,114.0,114.52,102.48,105.78,25938.41924978
LTC/USD,2025-09-23,105.76,107.29,104.54,106.11,10195.60537172
LTC/USD,2025-09-24,106.11,107.73,104.61,105.57,12562.13848481
LTC/USD,2025-09-25,105.58,105.88,100.38,102.24,16524.62314657
LTC/USD,2025-09-26,102.32,104.96,101.07,104.63,8123.17217509
LTC/USD,2025-09-27,104.62,105.0,103.44,104.54,10767.08131843
LTC/USD,2025-09-28,104.51,107.16,102.83,106.86,7531.16219852
LTC/USD,2025-09-29,106.8,107.65,105.39,106.83,7871.64211035
LTC/USD,2025-09-30,106.79,107.65,103.91,106.86,10218.3305058
LTC/USD,2025-10-01,106.93,115.34,105.5,115.2,16650.8792488
LTC/USD,2025-10-02,115.21,122.7,115.21,119.6,41600.64663317
LTC/USD,2025-10-03,119.3,124.83,115.89,120.61,29961.92032055
LTC/USD,2025-10-04,120.65,121.01,117.56,120.56,5356.57015786
LTC/USD,2025-10-05,120.57,124.18,118.44,118.85,15211.10675983
LTC/USD,2025-10-06,118.88,121.38,118.16,118.44,14242.4978461
LTC/USD,2025-10-07,118.38,119.3,115.32,116.95,13341.12010719
LTC/USD,2025-10-08,116.97,119.63,115.41,118.64,11962.13512974
LTC/USD,2025-10-09,118.64,128.2,115.52,125.93,39917.53460331
LTC/USD,2025-10-10,125.95,135.86,71.86,97.15,122899.2412878
LTC/USD,2025-10-11,97.14,102.97,90.21,93.41,61157.8486747
LTC/USD,2025-10-12,93.41,102.14,91.77,99.09,61069.70492157
LTC/USD,2025-10-13,99.06,101.44,95.0,99.58,52807.2339051
LTC/USD,2025-10-14,99.53,100.57,91.42,97.34,45567.33767451
LTC/USD,2025-10-15,97.37,99.97,93.39,95.58,23469.79695791
LTC/USD,2025-10-16,95.52,96.95,89.7,91.79,36958.64776196
LTC/USD,2025-10-17,91.77,93.05,84.47,90.12,52743.11628006
LTC/USD,2025-10-18,90.15,92.24,89.94,91.75,20356.97725237
LTC/USD,2025-10-19,91.73,94.8,90.77,93.34,20480.44363261
LTC/USD,2025-10-20,93.31,95.82,90.0,94.02,22541.89035483
LTC/USD,2025-10-21,94.04,97.01,91.73,92.51,33391.40868461
LTC/USD,2025-10-22,92.5,94.97,90.0,91.84,33821.23194414
LTC/USD,2025-10-23,91.87,94.79,91.84,94.05,16044.80028721
LTC/USD,2025-10-24,94.07,97.32,93.98,96.48,17912.70774255
LTC/USD,2025-10-25,96.48,97.1,95.78,96.98,5639.77142315
LTC/USD,2025-10-26,97.0,100.91,96.33,100.01,15036.60630874
LTC/USD,2025-10-27,100.0,103.07,98.23,99.4,35673.30242419
LTC/USD,2025-10-28,99.38,106.76,95.51,96.67,41291.02386187
LTC/USD,2025-10-29,96.53,100.7,95.96,98.52,27925.80011362
LTC/USD,2025-10-30,98.54,99.7,90.47,93.41,33633.47242917
LTC/USD,2025-10-31,93.38,96.25,93.0,95.38,18401.43128453
LTC/USD,2025-11-01,95.36,101.88,95.03,101.38,23462.77312699
LTC/USD,2025-11-02,101.31,101.37,97.55,99.41,17801.62547813
LTC/USD,2025-11-03,99.44,99.77,85.55,87.44,42472.61933459
LTC/USD,2025-11-04,87.38,91.1,79.81,85.24,29637.13022498
LTC/USD,2025-11-05,84.99,89.92,82.05,89.4,19335.61242278
LTC/USD,2025-11-06,89.36,89.36,85.29,86.95,12843.25102101
LTC/USD,2025-11-07,86.96,104.73,85.95,101.82,54853.96581748
LTC/USD,2025-11-08,101.99,107.48,98.01,106.81,50484.16542866
LTC/USD,2025-11-09,105.72,113.56,98.77,110.32,96628.66894355
LTC/USD,2025-11-10,110.23,112.11,103.67,104.2,45836.68728588
LTC/USD,2025-11-11,104.29,106.72,99.08,99.59,21614.09474284
LTC/USD,2025-11-12,99.57,104.25,94.97,97.57,25798.89067151
LTC/USD,2025-11-13,97.87,102.65,93.63,96.54,30966.37812713
LTC/USD,2025-11-14,96.49,100.07,93.34,97.6,30438.10669843
LTC/USD,2025-11-15,97.48,109.37,97.48,101.67,39751.72661074
LTC/USD,2025-11-16,101.62,103.3,94.34,95.69,24972.00965743
LTC/USD,2025-11-17,95.76,97.82,90.51,91.13,21781.02894909
LTC/USD,2025-11-18,91.16,97.46,90.38,95.66,20831.38898343
LTC/USD,2025-11-19,95.6,95.94,88.83,92.84,16793.97108321
LTC/USD,2025-11-20,92.8,93.7,85.98,87.09,16822.21876543
LTC/USD,2025-11-21,87.19,88.41,79.2,82.6,35704.5216142
LTC/USD,2025-11-22,82.58,83.83,80.88,82.09,20973.41131333
LTC/USD,2025-11-23,82.08,84.39,81.94,83.09,24739.42080642
LTC/USD,2025-11-24,83.09,87.2,82.33,85.49,30279.64670394
LTC/USD,2025-11-25,85.52,86.68,83.13,85.32,12677.66385935
LTC/USD,2025-11-26,85.28,87.7,83.33,86.86,12936.34461828
LTC/USD,2025-11-27,86.89,87.77,86.01,86.6,10620.40763685
LTC/USD,2025-11-28,86.59,86.73,83.16,84.29,18123.2350836
LTC/USD,2025-11-29,84.24,85.69,83.19,83.95,7240.760249
LTC/USD,2025-11-30,84.03,84.82,82.29,82.39,8945.45443467
LTC/USD,2025-12-01,82.48,82.48,74.71,77.59,24225.95662868
LTC/USD,2025-12-02,77.57,83.36,77.34,82.82,14410.20999746
LTC/USD,2025-12-03,82.9,86.66,82.58,85.97,14580.88510365
LTC/USD,2025-12-04,85.59,86.74,82.22,83.56,15296.60674791
LTC/USD,2025-12-05,83.61,84.13,79.59,80.5,8529.1127664
LTC/USD,2025-12-06,80.31,82.54,79.95,81.72,6740.32743039
LTC/USD,2025-12-07,81.74,83.74,79.94,81.46,12465.02104133
LTC/USD,2025-12-08,81.19,84.44,81.16,83.9,9658.99600002
LTC/USD,2025-12-09,84.05,87.51,82.5,85.9,14743.67900256
LTC/USD,2025-12-10,85.88,87.1,83.77,84.35,10441.40890478
LTC/USD,2025-12-11,84.37,84.53,80.39,82.96,13913.04076076
LTC/USD,2025-12-12,82.95,84.46,80.53,81.96,9796.74744804
LTC/USD,2025-12-13,81.98,82.45,80.79,81.47,5191.41657592
LTC/USD,2025-12-14,81.44,81.98,77.94,78.98,10119.70472525
LTC/USD,2025-12-15,79.23,81.4,75.82,77.49,14282.54295788
LTC/USD,2025-12-16,77.49,79.7,76.48,79.07,19716.24856423
LTC/USD,2025-12-17,79.0,80.94,75.17,76.0,25859.63468588
LTC/USD,2025-12-18,75.92,78.4,72.7,74.25,21856.11642792
LTC/USD,2025-12-19,74.28,77.95,73.53,77.5,24185.50451798
LTC/USD,2025-12-20,77.45,79.37,76.43,77.81,14768.19669869
LTC/USD,2025-12-21,77.8,78.02,75.48,76.76,20860.77111627
LTC/USD,2025-12-22,76.77,79.4,76.32,76.99,17959.40210961
LTC/USD,2025-12-23,76.95,77.9,75.58,76.97,24665.29823541
LTC/USD,2025-12-24,76.97,77.38,75.2,75.75,22842.55702977
LTC/USD,2025-12-25,75.72,77.5,75.32,75.67,12704.66112866
LTC/USD,2025-12-26,75.65,77.92,75.45,76.85,17626.37611358
LTC/USD,2025-12-27,76.82,80.49,76.72,80.27,13462.22517072
LTC/USD,2025-12-28,80.31,80.5,77.78,78.6,12510.29932055
LTC/USD,2025-12-29,78.68,80.15,76.84,78.2,31321.19300124
LTC/USD,2025-12-30,78.23,78.92,77.59,78.81,11181.04266155
LTC/USD,2025-12-31,78.81,78.81,75.96,76.78,9515.41115915
LTC/USD,2026-01-01,76.67,79.92,76.6,79.88,7486.57829921
LTC/USD,2026-01-02,79.89,82.19,79.0,81.9,11208.61043865
LTC/USD,2026-01-03,81.87,82.79,80.75,82.03,11799.49689745
LTC/USD,2026-01-04,82.01,83.17,81.67,82.21,16968.04187497
LTC/USD,2026-01-05,82.23,84.51,81.48,83.46,22890.27838421
LTC/USD,2026-01-06,83.46,84.85,81.12,83.95,21087.83315472
LTC/USD,2026-01-07,83.93,83.93,80.94,81.63,12500.60566249
LTC/USD,2026-01-08,81.63,82.3,80.0,81.24,14206.27691283
LTC/USD,2026-01-09,81.25,82.02,79.82,81.39,15369.46799122
LTC/USD,2026-01-10,81.39,82.31,80.7,81.12,8335.83213386
LTC/USD,2026-01-11,81.07,81.65,78.44,78.62,9777.67028436
LTC/USD,2026-01-12,78.6,80.62,75.52,76.13,29523.47187962
LTC/USD,2026-01-13,76.0,79.05,75.24,78.17,56923.09642265
LTC/USD,2026-01-14,78.14,80.88,76.21,76.65,54969.92697061
LTC/USD,2026-01-15,76.7,76.83,69.57,72.19,75105.40791036
LTC/USD,2026-01-16,72.3,76.05,70.3,75.22,53920.22068594
LTC/USD,2026-01-17,75.18,75.96,73.83,74.88,17740.41987475
LTC/USD,2026-01-18,74.89,75.84,72.09,72.23,21227.17611883
LTC/USD,2026-01-19,72.25,72.25,65.52,70.73,59512.34674978
LTC/USD,2026-01-20,70.78,70.98,65.83,67.04,52353.89557702
LTC/USD,2026-01-21,67.03,69.65,65.99,68.42,45391.48680837
LTC/USD,2026-01-22,68.41,69.57,67.14,68.12,24717.43861533
LTC/USD,2026-01-23,68.18,69.51,66.88,67.99,31094.10721104
LTC/USD,2026-01-24,67.99,68.85,67.64,68.08,14284.58402355
LTC/USD,2026-01-25,68.1,70.24,65.16,67.19,48340.11632095
LTC/USD,2026-01-26,67.23,69.99,66.94,69.65,29291.29600063
LTC/USD,2026-01-27,69.66,70.35,68.56,69.93,23640.01424011
LTC/USD,2026-01-28,70.0,70.21,68.36,69.32,22205.85031005
LTC/USD,2026-01-29,69.32,69.43,64.36,66.13,32388.01251862
LTC/USD,2026-01-30,66.16,66.31,62.55,65.37,33996.55027819
LTC/USD,2026-01-31,65.37,65.37,55.0,59.44,81759.74391067
LTC/USD,2026-02-01,59.45,59.84,57.12,58.41,38190.54264341
LTC/USD,2026-02-02,58.41,61.11,56.44,59.94,48029.63434678
LTC/USD,2026-02-03,59.94,61.28,56.84,59.41,44743.13344248
LTC/USD,2026-02-04,59.4,60.88,56.98,58.75,37612.47775862
LTC/USD,2026-02-05,58.75,59.27,50.12,50.68,99559.4645524
LTC/USD,2026-02-06,50.83,56.39,45.14,55.0,77919.49194202
LTC/USD,2026-02-07,54.75,55.95,52.84,55.22,29116.280225
LTC/USD,2026-02-08,55.2,55.74,53.63,54.5,20148.1294873
LTC/USD,2026-02-09,54.47,55.06,52.32,54.42,23736.21799066
LTC/USD,2026-02-10,54.44,54.61,52.82,53.34,26940.97365125
LTC/USD,2026-02-11,53.36,53.68,51.0,52.29,40824.8082458
LTC/USD,2026-02-12,52.29,53.75,51.52,53.07,29686.87861805
LTC/USD,2026-02-13,53.01,55.67,52.35,55.02,54065.29569353
LTC/USD,2026-02-14,55.06,56.62,54.84,55.98,26737.07295164
LTC/USD,2026-02-15,55.96,56.66,54.18,55.03,34435.91097698
LTC/USD,2026-02-16,55.0,55.61,53.31,55.13,26844.09848813
LTC/USD,2026-02-17,55.11,55.82,53.16,53.89,30118.41520087
LTC/USD,2026-02-18,53.92,54.9,52.94,53.3,18322.16638434
LTC/USD,2026-02-19,53.31,53.7,51.41,52.69,23431.60215013
LTC/USD,2026-02-20,52.69,55.43,52.65,55.21,33972.98042075
LTC/USD,2026-02-21,55.23,55.95,54.8,54.89,16183.61549277
LTC/USD,2026-02-22,54.87,54.87,52.95,53.46,15292.20339937
LTC/USD,2026-02-23,53.46,53.52,50.71,51.33,37817.1357695
LTC/USD,2026-02-24,51.34,51.87,50.18,51.19,25505.77431074
LTC/USD,2026-02-25,51.2,59.0,51.06,56.77,51114.81068545
LTC/USD,2026-02-26,56.77,57.08,54.43,55.63,26571.0693052
LTC/USD,2026-02-27,55.65,56.39,53.42,54.58,21452.38882723
LTC/USD,2026-02-28,54.58,54.96,51.49,54.42,25912.47428823
LTC/USD,2026-03-01,54.46,55.55,52.48,53.21,19239.1845578
LTC/USD,2026-03-02,53.25,55.69,52.97,54.58,22002.68219999
LTC/USD,2026-03-03,54.61,55.25,53.02,54.8,22131.2048577
LTC/USD,2026-03-04,54.79,57.69,54.33,56.79,27516.53071674
LTC/USD,2026-03-05,56.76,57.3,55.07,55.46,53002.10097481
LTC/USD,2026-03-06,55.46,55.85,53.11,53.8,16332.16796214
LTC/USD,2026-03-07,53.82,54.28,53.25,53.57,10348.05590973
LTC/USD,2026-03-08,53.63,53.87,51.88,52.59,15313.15821535
LTC/USD,2026-03-09,52.63,54.7,52.53,53.77,16375.54555732
LTC/USD,2026-03-10,53.79,54.98,53.45,53.88,14748.01342932
LTC/USD,2026-03-11,53.89,55.29,53.54,54.8,15083.71030696
LTC/USD,2026-03-12,54.87,55.01,53.82,54.58,11794.87831247
LTC/USD,2026-03-13,54.56,56.71,54.51,55.33,17778.19300341
LTC/USD,2026-03-14,55.31,55.82,54.4,55.01,10226.48354706
LTC/USD,2026-03-15,54.97,56.42,54.72,56.29,8570.34627695
LTC/USD,2026-03-16,56.33,59.2,55.83,58.69,18427.83461401
LTC/USD,2026-03-17,58.53,59.25,57.36,58.11,11356.78072242
LTC/USD,2026-03-18,58.15,58.59,55.35,56.09,11443.68191673
LTC/USD,2026-03-19,56.07,56.35,54.66,55.52,11547.65563484
LTC/USD,2026-03-20,55.56,56.47,55.22,56.18,8765.68164844
LTC/USD,2026-03-21,56.15,56.56,54.44,54.8,10532.8049613
LTC/USD,2026-03-22,54.64,55.04,53.07,53.51,9919.11234356
LTC/USD,2026-03-23,53.5,56.12,53.32,55.69,22349.02553065
LTC/USD,2026-03-24,55.77,56.48,55.09,56.38,9612.35396341
LTC/USD,2026-03-25,56.42,56.74,55.85,56.63,7750.21117605
LTC/USD,2026-03-26,56.62,56.66,54.21,54.58,14099.96135476
LTC/USD,2026-03-27,54.52,55.14,53.28,53.69,10845.22087666
LTC/USD,2026-03-28,53.69,54.89,53.24,53.83,13433.23927745
LTC/USD,2026-03-29,53.82,54.36,52.24,53.29,9783.32679051
LTC/USD,2026-03-30,53.3,54.33,53.0,53.27,13695.92303902
LTC/USD,2026-03-31,53.33,54.2,53.12,53.89,14221.7544185
LTC/USD,2026-04-01,53.9,54.71,53.74,53.8,16795.99913841
LTC/USD,2026-04-02,53.8,54.12,51.42,52.29,18821.1017546
LTC/USD,2026-04-03,52.31,53.48,52.16,53.23,9394.23053251
LTC/USD,2026-04-04,53.19,53.84,53.0,53.59,7493.03737802
LTC/USD,2026-04-05,53.59,54.17,52.62,54.1,8943.45850832
LTC/USD,2026-04-06,54.17,54.56,53.25,53.54,12767.49745111
LTC/USD,2026-04-07,53.53,55.72,52.93,55.37,16514.22187172
LTC/USD,2026-04-08,55.45,55.56,53.9,53.99,12310.54664546
LTC/USD,2026-04-09,53.92,55.28,53.65,54.56,8466.01201097
LTC/USD,2026-04-10,54.54,55.53,54.25,55.0,10026.09818967
LTC/USD,2026-04-11,54.98,55.73,54.38,55.09,6001.67143674
LTC/USD,2026-04-12,55.1,55.1,53.4,53.51,6389.66182802
LTC/USD,2026-04-13,53.5,54.76,52.7,54.65,14041.36651636
LTC/USD,2026-04-14,54.66,55.27,54.06,54.32,10640.23957712
LTC/USD,2026-04-15,54.36,55.66,53.88,55.15,11041.93027573
LTC/USD,2026-04-16,55.18,56.58,54.62,56.41,14533.3364353
LTC/USD,2026-04-17,56.38,57.42,55.39,56.42,11069.31486712
LTC/USD,2026-04-18,56.44,56.68,55.28,55.68,8322.67182986
LTC/USD,2026-04-19,55.68,55.85,53.95,54.1,9015.11844133
LTC/USD,2026-04-20,54.11,55.44,54.03,55.05,7085.24210344
LTC/USD,2026-04-21,55.08,55.87,54.71,55.56,5051.02969224
LTC/USD,2026-04-22,55.62,56.54,55.52,55.52,4698.67943747
LTC/USD,2026-04-23,55.56,56.25,54.95,56.23,4862.11096713
LTC/USD,2026-04-24,56.26,56.76,55.79,56.55,5152.89318403
LTC/USD,2026-04-25,56.55,56.75,55.96,56.03,2958.60109724
LTC/USD,2026-04-26,56.07,56.46,55.79,56.3,2599.54955625
LTC/USD,2026-04-27,56.3,56.81,54.96,55.58,3476.76961024
LTC/USD,2026-04-28,55.54,55.76,54.76,55.72,3812.70290428
LTC/USD,2026-04-29,55.69,57.69,54.34,55.31,10805.61738695
LTC/USD,2026-04-30,55.29,55.95,54.98,55.17,7728.46900746
LTC/USD,2026-05-01,55.18,56.01,54.9,55.39,7600.78293389
LTC/USD,2026-05-02,55.39,55.68,55.06,55.39,8529.9259391
LTC/USD,2026-05-03,55.34,55.74,54.86,55.28,2594.57958382
LTC/USD,2026-05-04,55.27,56.31,54.93,54.96,15789.79470589
LTC/USD,2026-05-05,54.96,56.58,54.81,56.35,15059.38874724
LTC/USD,2026-05-06,56.39,57.91,56.09,56.74,11488.40108301
LTC/USD,2026-05-07,56.77,57.38,56.1,56.44,10773.9570559
LTC/USD,2026-05-08,56.43,58.97,56.09,58.31,8408.84209005
LTC/USD,2026-05-09,58.29,59.1,57.66,58.02,4546.54661529
LTC/USD,2026-05-10,57.99,60.57,57.66,60.37,18936.40200814
LTC/USD,2026-05-11,60.4,60.57,58.09,58.52,13984.23726657
LTC/USD,2026-05-12,58.5,58.6,57.04,58.06,21531.72177228
LTC/USD,2026-05-13,58.09,58.9,56.27,56.98,20516.56335422
LTC/USD,2026-05-14,56.98,59.55,56.62,58.19,15219.69462595
LTC/USD,2026-05-15,58.26,58.49,56.38,57.5,13813.35789149
LTC/USD,2026-05-16,57.39,57.66,55.58,56.14,9958.78291167
LTC/USD,2026-05-17,56.12,56.45,53.73,54.55,15877.38742656
LTC/USD,2026-05-18,54.53,54.54,53.16,54.34,13254.35954758
LTC/USD,2026-05-19,54.36,54.54,53.56,54.44,7724.50237305
LTC/USD,2026-05-20,54.41,54.5,53.24,53.91,20154.93970767
LTC/USD,2026-05-21,53.9,54.61,53.3,54.19,22834.14896276
LTC/USD,2026-05-22,54.13,54.49,52.26,52.63,24898.9230739
LTC/USD,2026-05-23,52.59,54.18,51.48,53.42,8822.74732008
LTC/USD,2026-05-24,53.43,53.57,51.96,52.77,3377.71780945
LTC/USD,2026-05-25,52.74,53.08,52.43,52.68,3828.83746802
LTC/USD,2026-05-26,52.66,53.04,51.6,51.86,8242.07747653
LTC/USD,2026-05-27,51.9,52.71,51.59,51.88,5436.5385428
LTC/USD,2026-05-28,51.89,52.04,50.28,51.59,19456.62808333
LTC/USD,2026-05-29,51.68,51.91,51.34,51.71,1294.67565767
LINK/USD,2025-01-15,20.4,22.13,20.1,22.13,35075.26624474
LINK/USD,2025-01-16,22.16,23.76,21.3,23.01,61677.75933166
LINK/USD,2025-01-17,23.06,25.23,23.06,25.11,108839.36823258
LINK/USD,2025-01-18,25.1,25.63,23.37,24.1,74117.96627005
LINK/USD,2025-01-19,24.05,26.65,22.16,24.32,148718.26404383
LINK/USD,2025-01-20,24.29,26.89,23.4,24.95,121247.78829138
LINK/USD,2025-01-21,25.13,27.08,23.68,26.72,150465.54909787
LINK/USD,2025-01-22,26.73,27.18,25.14,25.35,34605.22403368
LINK/USD,2025-01-23,25.22,26.23,23.97,25.68,130713.67446997
LINK/USD,2025-01-24,25.71,26.41,24.86,25.17,85384.34423988
LINK/USD,2025-01-25,25.16,25.41,24.72,24.95,26606.08234902
LINK/USD,2025-01-26,24.9,26.37,24.86,24.88,102227.72124373
LINK/USD,2025-01-27,24.84,25.09,22.18,24.2,139348.24410653
LINK/USD,2025-01-28,24.22,24.65,22.39,22.63,36494.9168171
LINK/USD,2025-01-29,22.57,24.44,22.34,23.6,73268.14171689
LINK/USD,2025-01-30,23.72,25.19,23.42,24.48,31304.65963805
LINK/USD,2025-01-31,24.6,26.37,24.14,25.17,118595.31348111
LINK/USD,2025-02-01,25.19,25.95,22.77,22.98,43707.22068161
LINK/USD,2025-02-02,22.96,23.31,19.39,20.49,77060.26801908
LINK/USD,2025-02-03,20.19,22.05,16.0,21.62,295882.36990054
LINK/USD,2025-02-04,21.69,21.71,19.33,19.98,76281.36402498
LINK/USD,2025-02-05,19.98,20.26,18.98,19.19,88308.9861807
LINK/USD,2025-02-06,19.23,19.94,18.49,18.52,80563.7937128
LINK/USD,2025-02-07,18.69,19.86,17.81,18.4,31564.82060817
LINK/USD,2025-02-08,18.35,18.61,17.88,18.53,11741.01278328
LINK/USD,2025-02-09,18.42,18.99,17.46,18.31,58116.43579095
LINK/USD,2025-02-10,18.33,19.11,17.71,18.74,36758.50122126
LINK/USD,2025-02-11,18.83,19.8,18.24,18.64,21721.95665363
LINK/USD,2025-02-12,18.64,19.52,17.66,19.2,62823.92190522
LINK/USD,2025-02-13,19.23,19.31,18.2,18.54,56909.8546607
LINK/USD,2025-02-14,18.51,19.84,18.46,19.38,48013.28808202
LINK/USD,2025-02-15,19.38,19.66,18.74,18.98,33914.54810599
LINK/USD,2025-02-16,19.01,19.24,18.58,18.66,22213.28406413
LINK/USD,2025-02-17,18.75,19.78,18.38,19.08,33584.08082616
LINK/USD,2025-02-18,19.12,19.19,17.3,17.84,61571.94143081
LINK/USD,2025-02-19,17.88,18.16,17.49,17.97,83798.69411312
LINK/USD,2025-02-20,17.97,18.45,17.84,18.32,60569.80847471
LINK/USD,2025-02-21,18.28,19.05,17.12,17.4,42378.60214778
LINK/USD,2025-02-22,17.32,18.01,17.32,17.77,24703.46394387
LINK/USD,2025-02-23,17.72,18.11,17.43,17.68,7866.22483615
LINK/USD,2025-02-24,17.73,17.74,15.0,15.26,88522.90467086
LINK/USD,2025-02-25,15.38,15.58,14.04,15.3,140751.64663447
LINK/USD,2025-02-26,15.28,15.72,14.65,15.18,135463.7775083
LINK/USD,2025-02-27,15.1,15.76,14.78,15.08,28527.79236116
LINK/USD,2025-02-28,15.08,15.17,13.44,14.85,66886.74221261
LINK/USD,2025-03-01,14.78,15.12,14.24,14.76,26334.7691879
LINK/USD,2025-03-02,14.74,17.52,14.42,17.44,75641.38793267
LINK/USD,2025-03-03,17.46,17.48,14.36,14.4,55095.72161457
LINK/USD,2025-03-04,14.38,15.34,13.08,14.9,48694.00216606
LINK/USD,2025-03-05,14.92,16.58,14.64,16.42,70266.768321
LINK/USD,2025-03-06,16.55,17.65,16.39,17.05,71620.45631044
LINK/USD,2025-03-07,17.05,17.52,15.74,15.95,81674.63641487
LINK/USD,2025-03-08,15.97,16.01,15.14,15.24,18360.18198972
LINK/USD,2025-03-09,15.22,15.36,13.63,13.71,41549.91910619
LINK/USD,2025-03-10,13.8,14.52,12.45,12.65,103777.22757335
LINK/USD,2025-03-11,12.73,13.66,11.86,13.13,33749.07923707
LINK/USD,2025-03-12,13.08,13.8,12.68,13.47,30595.82564963
LINK/USD,2025-03-13,13.51,13.58,12.72,13.01,35731.68468809
LINK/USD,2025-03-14,13.0,14.68,12.99,13.66,85685.29720626
LINK/USD,2025-03-15,13.67,14.47,13.64,14.03,41799.89017589
LINK/USD,2025-03-16,14.0,14.18,13.22,13.37,10321.09961198
LINK/USD,2025-03-17,13.36,14.23,13.36,14.03,38427.21847388
LINK/USD,2025-03-18,14.02,14.26,13.48,13.94,34093.05705084
LINK/USD,2025-03-19,13.95,15.04,13.78,15.02,25994.08118024
LINK/USD,2025-03-20,15.06,15.16,14.08,14.2,17538.66738978
LINK/USD,2025-03-21,14.22,14.38,13.84,13.93,13832.27771894
LINK/USD,2025-03-22,13.97,14.49,13.96,14.23,6458.19247811
LINK/USD,2025-03-23,14.25,14.48,14.24,14.45,26022.82125041
LINK/USD,2025-03-24,14.44,15.38,14.18,15.12,34804.77114738
LINK/USD,2025-03-25,15.07,15.6,14.88,15.45,39944.64923669
LINK/USD,2025-03-26,15.38,16.0,14.96,15.25,49472.04418396
LINK/USD,2025-03-27,15.23,15.78,15.17,15.48,104582.29478139
LINK/USD,2025-03-28,15.48,15.57,14.0,14.25,82369.61103221
LINK/USD,2025-03-29,14.29,14.39,13.36,13.54,26346.22463792
LINK/USD,2025-03-30,13.49,13.85,13.2,13.37,15907.94646158
LINK/USD,2025-03-31,13.41,13.7,12.97,13.5,52920.63516098
LINK/USD,2025-04-01,13.49,14.39,13.49,14.04,130327.08236765
LINK/USD,2025-04-02,14.02,14.39,12.83,12.91,50611.06609529
LINK/USD,2025-04-03,12.88,13.3,12.31,12.88,101889.86495177
LINK/USD,2025-04-04,12.84,13.18,12.38,12.94,42668.51753366
LINK/USD,2025-04-05,12.95,13.04,12.58,12.86,7932.67859005
LINK/USD,2025-04-06,12.82,12.94,11.0,11.29,24471.40633635
LINK/USD,2025-04-07,11.26,11.87,10.1,11.43,95719.04742335
LINK/USD,2025-04-08,11.5,11.89,10.78,10.92,33152.38528691
LINK/USD,2025-04-09,10.91,12.87,10.44,12.65,84728.91163743
LINK/USD,2025-04-10,12.65,12.65,11.68,12.08,37020.83344532
LINK/USD,2025-04-11,12.05,12.88,12.04,12.65,27028.26940949
LINK/USD,2025-04-12,12.68,13.28,12.48,13.14,11564.24391581
LINK/USD,2025-04-13,13.17,13.23,12.43,12.62,14884.53329592
LINK/USD,2025-04-14,12.64,13.23,12.59,12.6,21440.76704826
LINK/USD,2025-04-15,12.61,12.82,12.22,12.23,18383.59373214
LINK/USD,2025-04-16,12.2,12.52,11.92,12.34,32428.65698611
LINK/USD,2025-04-17,12.38,12.69,12.22,12.53,20532.80018902
LINK/USD,2025-04-18,12.54,12.71,12.41,12.56,18359.16284423
LINK/USD,2025-04-19,12.56,13.04,12.55,12.94,17401.39482216
LINK/USD,2025-04-20,12.92,13.59,12.89,13.28,21915.48088784
LINK/USD,2025-04-21,13.27,13.69,12.97,13.03,29919.848723
LINK/USD,2025-04-22,13.01,14.15,12.92,14.15,33380.3950888
LINK/USD,2025-04-23,14.14,15.27,14.03,15.02,38479.78293057
LINK/USD,2025-04-24,15.05,15.12,14.17,15.07,30124.22972002
LINK/USD,2025-04-25,15.03,15.36,14.77,14.94,29241.18391688
LINK/USD,2025-04-26,14.96,15.27,14.7,14.87,27262.23506831
LINK/USD,2025-04-27,14.87,15.07,14.38,14.63,27335.05639998
LINK/USD,2025-04-28,14.58,15.11,14.28,15.01,35588.76563325
LINK/USD,2025-04-29,15.03,15.23,14.49,14.61,21034.46940485
LINK/USD,2025-04-30,14.59,14.76,13.86,14.31,22544.94944322
LINK/USD,2025-05-01,14.3,15.03,14.3,14.75,25849.71555237
LINK/USD,2025-05-02,14.75,15.05,14.57,14.65,19177.00407338
LINK/USD,2025-05-03,14.58,14.58,14.19,14.31,11020.26639835
LINK/USD,2025-05-04,14.18,14.34,13.85,13.86,8113.33766657
LINK/USD,2025-05-05,13.89,14.15,13.5,13.66,40420.97954835
LINK/USD,2025-05-06,13.65,13.88,13.23,13.82,37927.28265565
LINK/USD,2025-05-07,13.81,14.09,13.49,13.81,23793.48926576
LINK/USD,2025-05-08,13.82,15.97,13.81,15.85,87778.62141865
LINK/USD,2025-05-09,15.83,16.71,15.59,15.99,71252.86413847
LINK/USD,2025-05-10,16.09,17.44,15.92,17.32,37017.46060731
LINK/USD,2025-05-11,17.34,17.4,16.33,17.07,46799.32081703
LINK/USD,2025-05-12,17.09,17.95,16.05,16.73,72462.53971195
LINK/USD,2025-05-13,16.57,17.78,16.04,17.42,113290.7544286
LINK/USD,2025-05-14,17.39,17.52,16.69,16.97,56067.91879982
LINK/USD,2025-05-15,17.02,17.2,15.71,16.04,57480.44059989
LINK/USD,2025-05-16,16.02,16.5,15.62,15.77,32218.76515458
LINK/USD,2025-05-17,15.76,15.79,15.11,15.34,37296.78601986
LINK/USD,2025-05-18,15.32,16.35,14.91,15.88,23690.01003121
LINK/USD,2025-05-19,15.84,15.91,14.84,15.78,29689.60200474
LINK/USD,2025-05-20,15.8,16.4,15.26,15.71,25326.12033168
LINK/USD,2025-05-21,15.71,16.48,15.57,16.13,103884.87941312
LINK/USD,2025-05-22,16.12,16.9,16.07,16.75,91778.38440283
LINK/USD,2025-05-23,16.69,17.15,15.43,15.54,76086.76071254
LINK/USD,2025-05-24,15.52,15.91,15.25,15.36,20428.74232929
LINK/USD,2025-05-25,15.36,15.58,14.87,15.53,37238.51315661
LINK/USD,2025-05-26,15.52,15.96,15.44,15.54,38114.80190894
LINK/USD,2025-05-27,15.54,16.13,15.18,15.92,49786.52818082
LINK/USD,2025-05-28,15.93,16.15,15.3,15.66,48163.72101984
LINK/USD,2025-05-29,15.69,16.18,15.01,15.03,68211.66525624
LINK/USD,2025-05-30,15.07,15.11,13.79,13.91,75001.28554164
LINK/USD,2025-05-31,13.91,14.19,13.44,13.97,68324.35492612
LINK/USD,2025-06-01,13.96,14.13,13.6,14.07,64054.61905114
LINK/USD,2025-06-02,14.05,14.12,13.62,14.09,44603.98855104
LINK/USD,2025-06-03,14.09,14.45,14.02,14.12,49682.56371168
LINK/USD,2025-06-04,14.16,14.46,13.74,13.87,38647.28841873
LINK/USD,2025-06-05,13.85,14.04,12.65,12.9,63547.0931542
LINK/USD,2025-06-06,12.89,13.69,12.88,13.58,59920.8745116
LINK/USD,2025-06-07,13.58,14.09,13.5,13.83,33116.538194
LINK/USD,2025-06-08,13.77,13.97,13.58,13.68,25617.61017145
LINK/USD,2025-06-09,13.73,14.4,13.55,14.35,54440.64775143
LINK/USD,2025-06-10,14.36,15.53,14.34,15.44,111953.98535587
LINK/USD,2025-06-11,15.44,15.64,14.79,14.91,48696.32939759
LINK/USD,2025-06-12,14.9,14.92,13.84,13.99,144189.7006045
LINK/USD,2025-06-13,13.97,13.97,12.8,13.45,284809.51264389
LINK/USD,2025-06-14,13.44,13.46,12.85,13.18,70348.44955047
LINK/USD,2025-06-15,13.16,13.32,13.01,13.3,68670.90425941
LINK/USD,2025-06-16,13.3,14.15,13.18,13.54,117137.81567303
LINK/USD,2025-06-17,13.58,13.75,12.81,13.0,73792.57970739
LINK/USD,2025-06-18,13.01,13.19,12.64,13.05,42784.36097391
LINK/USD,2025-06-19,13.11,13.38,12.94,13.07,35469.52459332
LINK/USD,2025-06-20,13.07,13.28,12.31,12.51,52063.18077993
LINK/USD,2025-06-21,12.52,12.73,11.69,12.04,135568.4778512
LINK/USD,2025-06-22,12.04,12.18,10.95,11.66,133111.57490487
LINK/USD,2025-06-23,11.65,12.95,11.42,12.87,168424.58561734
LINK/USD,2025-06-24,12.87,13.74,12.8,13.41,104414.44262947
LINK/USD,2025-06-25,13.43,13.5,12.99,13.14,112779.17954885
LINK/USD,2025-06-26,13.14,13.56,12.89,12.93,86233.81541912
LINK/USD,2025-06-27,12.96,13.23,12.75,13.06,71453.18600951
LINK/USD,2025-06-28,13.06,13.45,13.01,13.39,37314.94192787
LINK/USD,2025-06-29,13.4,13.88,13.26,13.7,48616.7469341
LINK/USD,2025-06-30,13.72,13.77,13.13,13.38,152201.38911719
LINK/USD,2025-07-01,13.41,13.43,12.79,12.9,38081.31660443
LINK/USD,2025-07-02,12.9,13.83,12.75,13.56,105864.97464292
LINK/USD,2025-07-03,13.58,14.06,13.45,13.68,102986.27789928
LINK/USD,2025-07-04,13.68,13.77,12.95,13.16,61010.36166529
LINK/USD,2025-07-05,13.2,13.27,13.02,13.23,23871.13457478
LINK/USD,2025-07-06,13.22,13.67,13.11,13.49,48962.26209698
LINK/USD,2025-07-07,13.49,13.72,13.27,13.43,76947.90948295
LINK/USD,2025-07-08,13.43,13.99,13.21,13.97,92513.1405765
LINK/USD,2025-07-09,13.98,14.37,13.82,14.25,148662.23264128
LINK/USD,2025-07-10,14.28,15.33,14.16,15.27,141916.45607949
LINK/USD,2025-07-11,15.24,15.86,15.02,15.31,171371.40199497
LINK/USD,2025-07-12,15.32,15.47,14.73,15.11,103190.596036
LINK/USD,2025-07-13,15.09,15.94,15.06,15.65,93752.28673807
LINK/USD,2025-07-14,15.7,16.46,15.59,15.75,140001.75250534
LINK/USD,2025-07-15,15.75,16.19,15.15,16.12,141635.56724034
LINK/USD,2025-07-16,16.09,17.04,15.84,16.68,239869.25695973
LINK/USD,2025-07-17,16.7,18.12,16.34,18.03,212534.52414495
LINK/USD,2025-07-18,18.02,19.15,17.33,17.85,235663.93877014
LINK/USD,2025-07-19,17.85,18.55,17.56,18.42,110297.41002326
LINK/USD,2025-07-20,18.4,19.95,18.33,19.28,216816.23504174
LINK/USD,2025-07-21,19.29,20.28,19.03,19.5,181289.01390609
LINK/USD,2025-07-22,19.54,19.99,18.64,19.65,214755.99561979
LINK/USD,2025-07-23,19.62,19.76,17.57,18.19,250045.47071885
LINK/USD,2025-07-24,18.15,18.68,17.17,17.89,247586.32166557
LINK/USD,2025-07-25,17.88,18.48,17.27,18.28,102095.68215948
LINK/USD,2025-07-26,18.25,18.62,18.14,18.39,45786.98838474
LINK/USD,2025-07-27,18.39,19.29,18.37,19.22,104664.76911385
LINK/USD,2025-07-28,19.2,19.56,17.98,18.11,137269.96208695
LINK/USD,2025-07-29,18.09,18.62,17.5,17.78,130452.83265168
LINK/USD,2025-07-30,17.8,17.92,16.74,17.71,123272.05905723
LINK/USD,2025-07-31,17.68,18.22,16.84,16.92,123187.96651458
LINK/USD,2025-08-01,16.94,17.03,15.66,16.09,156913.93484592
LINK/USD,2025-08-02,16.06,16.24,15.44,15.65,65895.20249336
LINK/USD,2025-08-03,15.64,16.39,15.44,16.3,27909.05356887
LINK/USD,2025-08-04,16.3,17.19,16.28,17.09,70265.21217386
LINK/USD,2025-08-05,17.12,17.12,16.13,16.38,88569.49055574
LINK/USD,2025-08-06,16.38,16.87,16.04,16.68,67505.60623903
LINK/USD,2025-08-07,16.67,18.5,16.58,18.48,133916.89919792
LINK/USD,2025-08-08,18.49,19.97,18.11,19.89,199580.64506602
LINK/USD,2025-08-09,19.9,22.0,19.79,21.93,227305.10306685
LINK/USD,2025-08-10,21.93,22.68,21.17,22.09,262354.78278081
LINK/USD,2025-08-11,22.05,22.6,20.85,21.1,208347.45765091
LINK/USD,2025-08-12,21.16,24.19,21.01,23.59,280882.42644353
LINK/USD,2025-08-13,23.59,24.72,23.25,23.98,201551.417062
LINK/USD,2025-08-14,23.99,24.32,21.55,22.47,259948.20685002
LINK/USD,2025-08-15,22.47,23.05,21.4,21.8,150498.30810491
LINK/USD,2025-08-16,21.77,22.98,21.41,22.65,117583.00078347
LINK/USD,2025-08-17,22.66,26.34,22.39,25.65,273554.70236321
LINK/USD,2025-08-18,25.66,26.71,24.3,25.77,276847.08512474
LINK/USD,2025-08-19,25.74,25.8,23.46,23.56,186591.79980302
LINK/USD,2025-08-20,23.57,26.88,23.37,26.43,300600.62518734
LINK/USD,2025-08-21,26.46,26.59,24.63,24.81,191698.07893182
LINK/USD,2025-08-22,24.83,27.86,24.12,26.79,265261.10053182
LINK/USD,2025-08-23,26.78,26.8,25.42,26.28,137083.2465392
LINK/USD,2025-08-24,26.32,26.62,25.29,25.83,116351.54351643
LINK/USD,2025-08-25,25.78,26.4,23.1,23.39,167641.25797048
LINK/USD,2025-08-26,23.43,24.74,22.89,24.4,125096.92817679
LINK/USD,2025-08-27,24.3,24.66,23.59,23.78,135030.91205879
LINK/USD,2025-08-28,23.77,26.02,23.57,25.19,388965.6536352
LINK/USD,2025-08-29,25.18,25.23,23.13,23.41,209198.63386602
LINK/USD,2025-08-30,23.43,23.52,22.84,23.51,98183.76102085
LINK/USD,2025-08-31,23.5,24.05,23.19,23.21,74113.54265201
LINK/USD,2025-09-01,23.19,23.85,22.09,22.52,121435.22584896
LINK/USD,2025-09-02,22.52,23.58,22.36,23.48,132536.37882883
LINK/USD,2025-09-03,23.46,23.91,23.22,23.7,69674.67827014
LINK/USD,2025-09-04,23.7,23.96,22.19,22.32,182224.59671777
LINK/USD,2025-09-05,22.3,23.24,22.04,22.29,120562.9140067
LINK/USD,2025-09-06,22.29,22.51,21.88,22.2,79617.69757796
LINK/USD,2025-09-07,22.2,22.6,22.14,22.46,30808.59895391
LINK/USD,2025-09-08,22.46,23.3,22.24,23.05,108361.85564396
LINK/USD,2025-09-09,23.05,23.78,22.86,23.06,69042.74553018
LINK/USD,2025-09-10,23.06,23.93,22.9,23.57,49745.87433939
LINK/USD,2025-09-11,23.58,24.51,23.33,24.47,84611.55513986
LINK/USD,2025-09-12,24.48,25.33,24.19,25.14,193268.27130234
LINK/USD,2025-09-13,25.13,25.65,24.46,24.91,132633.38388551
LINK/USD,2025-09-14,24.9,25.02,23.87,24.12,68266.327564
LINK/USD,2025-09-15,24.11,24.44,23.0,23.58,197402.40523757
LINK/USD,2025-09-16,23.56,23.75,23.11,23.5,72687.99665668
LINK/USD,2025-09-17,23.49,24.24,22.5,23.99,125750.435026
LINK/USD,2025-09-18,24.0,24.75,23.69,24.64,122936.92052485
LINK/USD,2025-09-19,24.64,24.87,23.29,23.5,134156.59627317
LINK/USD,2025-09-20,23.48,23.66,23.13,23.34,52730.62150188
LINK/USD,2025-09-21,23.34,23.51,22.92,23.0,39941.44823985
LINK/USD,2025-09-22,22.98,23.05,20.32,21.66,178669.02275616
LINK/USD,2025-09-23,21.67,22.05,21.2,21.53,96862.30561117
LINK/USD,2025-09-24,21.54,21.97,21.0,21.63,112112.00658738
LINK/USD,2025-09-25,21.6,21.66,19.84,20.1,158695.09839565
LINK/USD,2025-09-26,20.26,21.26,19.96,21.09,232348.02323602
LINK/USD,2025-09-27,21.07,21.14,20.75,20.92,78375.36200794
LINK/USD,2025-09-28,20.93,21.72,20.45,21.68,50781.79724162
LINK/USD,2025-09-29,21.67,21.91,20.92,21.75,136693.87371708
LINK/USD,2025-09-30,21.74,21.85,20.99,21.33,141443.4213502
LINK/USD,2025-10-01,21.33,22.64,21.07,22.58,117100.69800041
LINK/USD,2025-10-02,22.57,23.15,21.95,22.8,144407.21120531
LINK/USD,2025-10-03,22.77,23.09,22.12,22.51,95607.15515651
LINK/USD,2025-10-04,22.52,22.62,21.79,22.02,67829.899831
LINK/USD,2025-10-05,22.03,22.91,21.91,22.0,115069.95949027
LINK/USD,2025-10-06,22.0,23.6,21.52,23.38,163122.76410661
LINK/USD,2025-10-07,23.43,23.73,21.78,21.83,328680.39842975
LINK/USD,2025-10-08,21.81,22.67,21.64,22.65,308297.77058205
LINK/USD,2025-10-09,22.65,22.67,21.33,22.01,312974.83904375
LINK/USD,2025-10-10,22.01,22.78,14.01,17.37,555612.95441832
LINK/USD,2025-10-11,17.36,18.53,16.64,17.22,448582.13259808
LINK/USD,2025-10-12,17.19,19.43,16.7,19.02,618009.63817989
LINK/USD,2025-10-13,19.02,20.2,18.79,19.86,500526.08853024
LINK/USD,2025-10-14,19.89,20.08,18.05,19.11,667033.1023322
LINK/USD,2025-10-15,19.12,19.25,17.76,18.06,209716.03123936
LINK/USD,2025-10-16,18.06,18.63,17.12,17.42,267283.7626567
LINK/USD,2025-10-17,17.41,17.67,15.73,16.61,434959.08746811
LINK/USD,2025-10-18,16.6,16.98,16.58,16.82,75490.68664616
LINK/USD,2025-10-19,16.82,17.66,16.54,17.29,86688.98584851
LINK/USD,2025-10-20,17.28,19.18,16.97,18.66,137953.94371388
LINK/USD,2025-10-21,18.67,18.96,17.55,17.6,213397.35620615
LINK/USD,2025-10-22,17.61,17.84,16.74,17.22,136972.66318927
LINK/USD,2025-10-23,17.21,17.79,17.11,17.44,93539.29464515
LINK/USD,2025-10-24,17.44,18.1,17.31,17.88,78854.51394859
LINK/USD,2025-10-25,17.89,18.24,17.8,18.02,46633.51833759
LINK/USD,2025-10-26,17.95,18.66,17.7,18.55,58282.83197193
LINK/USD,2025-10-27,18.53,19.07,18.11,18.2,106303.73626614
LINK/USD,2025-10-28,18.21,18.81,17.45,17.86,122008.41245768
LINK/USD,2025-10-29,17.81,18.67,17.63,18.14,114211.01365631
LINK/USD,2025-10-30,18.14,18.43,16.32,16.81,133080.50009049
LINK/USD,2025-10-31,16.8,17.45,16.73,17.24,102223.07813383
LINK/USD,2025-11-01,17.17,17.42,17.03,17.14,39713.88816498
LINK/USD,2025-11-02,17.15,17.62,16.99,17.6,79605.19410109
LINK/USD,2025-11-03,17.6,17.64,14.58,15.24,301624.10644939
LINK/USD,2025-11-04,15.23,15.5,13.73,14.7,313966.52745426
LINK/USD,2025-11-05,14.67,15.39,13.99,15.09,221823.13598356
LINK/USD,2025-11-06,15.09,15.24,14.26,14.74,196809.04849977
LINK/USD,2025-11-07,14.75,16.21,14.32,15.78,198106.22725647
LINK/USD,2025-11-08,15.79,16.01,15.12,15.51,89992.12359882
LINK/USD,2025-11-09,15.51,16.12,15.03,15.92,81952.72712917
LINK/USD,2025-11-10,15.92,16.66,15.79,16.36,188661.92003044
LINK/USD,2025-11-11,16.36,16.78,15.25,15.28,149104.05516426
LINK/USD,2025-11-12,15.28,16.24,14.95,15.15,143098.35674508
LINK/USD,2025-11-13,15.14,16.0,14.14,14.55,157023.50463187
LINK/USD,2025-11-14,14.52,14.58,13.58,13.8,231952.7164179
LINK/USD,2025-11-15,13.79,14.3,13.79,14.12,99992.68333522
LINK/USD,2025-11-16,14.13,14.51,13.38,13.73,157645.73199309
LINK/USD,2025-11-17,13.72,14.23,13.07,13.32,348784.92293587
LINK/USD,2025-11-18,13.31,13.98,13.05,13.79,233327.93625018
LINK/USD,2025-11-19,13.79,13.83,12.78,13.53,212384.0056558
LINK/USD,2025-11-20,13.47,13.98,12.79,12.9,289861.37128672
LINK/USD,2025-11-21,12.92,13.18,11.6,12.1,314034.41254115
LINK/USD,2025-11-22,12.13,12.29,11.75,12.17,51822.35051599
LINK/USD,2025-11-23,12.17,12.74,12.11,12.5,153046.575619
LINK/USD,2025-11-24,12.5,13.18,12.1,12.96,282583.76266915
LINK/USD,2025-11-25,12.96,13.21,12.56,13.07,131096.62189586
LINK/USD,2025-11-26,13.08,13.5,12.75,13.45,150707.66064931
LINK/USD,2025-11-27,13.45,13.56,13.24,13.35,42142.72440376
LINK/USD,2025-11-28,13.33,13.53,13.05,13.13,116174.40792829
LINK/USD,2025-11-29,13.13,13.22,12.94,13.0,62590.73139585
LINK/USD,2025-11-30,12.99,13.42,12.95,12.95,67860.06920133
LINK/USD,2025-12-01,12.95,12.98,11.74,12.08,274778.04520763
LINK/USD,2025-12-02,12.07,13.59,11.98,13.48,143336.01228437
LINK/USD,2025-12-03,13.47,14.74,13.44,14.65,458215.13993157
LINK/USD,2025-12-04,14.65,14.93,13.97,14.26,177872.31131859
LINK/USD,2025-12-05,14.27,14.4,13.37,13.6,263101.98821085
LINK/USD,2025-12-06,13.56,14.08,13.5,13.93,65078.45220296
LINK/USD,2025-12-07,13.91,14.13,13.2,13.64,80984.74860814
LINK/USD,2025-12-08,13.63,14.28,13.59,13.76,93724.73397135
LINK/USD,2025-12-09,13.77,15.0,13.56,14.42,151533.16185959
LINK/USD,2025-12-10,14.42,14.88,13.95,14.1,120169.39155805
LINK/USD,2025-12-11,14.09,14.21,13.41,14.06,94857.88362124
LINK/USD,2025-12-12,14.06,14.34,13.29,13.64,83893.88872334
LINK/USD,2025-12-13,13.64,13.96,13.6,13.74,25990.22607301
LINK/USD,2025-12-14,13.73,13.79,13.11,13.3,53521.2446079
LINK/USD,2025-12-15,13.27,13.72,12.47,12.85,128026.99553491
LINK/USD,2025-12-16,12.85,13.09,12.56,12.94,280504.47894933
LINK/USD,2025-12-17,12.92,13.16,12.12,12.23,258564.59471099
LINK/USD,2025-12-18,12.26,12.84,11.73,11.93,112595.58264911
LINK/USD,2025-12-19,11.92,12.75,11.84,12.53,90731.91949961
LINK/USD,2025-12-20,12.53,12.69,12.48,12.54,27708.40359229
LINK/USD,2025-12-21,12.56,12.69,12.22,12.43,70159.69969712
LINK/USD,2025-12-22,12.46,12.93,12.33,12.57,115401.18592508
LINK/USD,2025-12-23,12.58,12.69,12.07,12.39,90986.34528187
LINK/USD,2025-12-24,12.39,12.41,11.99,12.27,45179.67690183
LINK/USD,2025-12-25,12.26,12.42,12.0,12.06,34361.77124799
LINK/USD,2025-12-26,12.05,12.52,12.02,12.18,84833.40502706
LINK/USD,2025-12-27,12.19,12.53,12.16,12.5,55181.31115019
LINK/USD,2025-12-28,12.52,12.58,12.27,12.48,55341.91864085
LINK/USD,2025-12-29,12.48,13.0,12.24,12.29,124974.80293614
LINK/USD,2025-12-30,12.29,12.59,12.25,12.41,79600.04180091
LINK/USD,2025-12-31,12.4,12.53,12.18,12.18,122465.74355163
LINK/USD,2026-01-01,12.21,12.62,12.13,12.59,68362.95859094
LINK/USD,2026-01-02,12.6,13.43,12.57,13.27,121136.02260582
LINK/USD,2026-01-03,13.27,13.36,12.98,13.23,47881.94504969
LINK/USD,2026-01-04,13.22,13.57,13.21,13.42,51608.27200824
LINK/USD,2026-01-05,13.42,14.12,13.39,13.91,140011.88609195
LINK/USD,2026-01-06,13.91,14.24,13.48,14.03,116166.12212004
LINK/USD,2026-01-07,14.03,14.03,13.29,13.43,88157.0828848
LINK/USD,2026-01-08,13.43,13.54,13.0,13.2,105156.27226313
LINK/USD,2026-01-09,13.21,13.42,13.03,13.13,100967.78017035
LINK/USD,2026-01-10,13.12,13.23,13.05,13.13,21600.64342714
LINK/USD,2026-01-11,13.12,13.35,13.04,13.19,36009.50795593
LINK/USD,2026-01-12,13.17,13.5,12.92,13.07,94996.36306363
LINK/USD,2026-01-13,13.07,14.16,13.04,14.05,155328.68640419
LINK/USD,2026-01-14,14.06,14.39,13.85,14.11,172062.84325862
LINK/USD,2026-01-15,14.11,14.21,13.56,13.79,141129.45239161
LINK/USD,2026-01-16,13.79,13.86,13.43,13.72,113737.12705817
LINK/USD,2026-01-17,13.72,13.89,13.63,13.74,27423.24878302
LINK/USD,2026-01-18,13.74,13.87,13.3,13.31,48244.81057801
LINK/USD,2026-01-19,13.3,13.3,12.27,12.88,135339.15031733
LINK/USD,2026-01-20,12.86,12.89,12.0,12.11,183259.25855157
LINK/USD,2026-01-21,12.11,12.65,11.89,12.36,126884.14784211
LINK/USD,2026-01-22,12.41,12.55,12.12,12.24,63773.75163824
LINK/USD,2026-01-23,12.25,12.48,12.03,12.21,160938.30802543
LINK/USD,2026-01-24,12.2,12.26,12.12,12.19,26136.86032409
LINK/USD,2026-01-25,12.19,12.19,11.36,11.51,120198.59453946
LINK/USD,2026-01-26,11.51,12.11,11.5,11.94,81861.97138858
LINK/USD,2026-01-27,11.93,12.15,11.83,12.02,154391.0869451
LINK/USD,2026-01-28,12.03,12.04,11.69,11.82,172226.00218179
LINK/USD,2026-01-29,11.83,11.85,10.82,11.11,202689.28228475
LINK/USD,2026-01-30,11.11,11.14,10.49,10.77,318466.09881482
LINK/USD,2026-01-31,10.78,10.81,9.0,9.98,418725.21185836
LINK/USD,2026-02-01,9.97,10.06,9.21,9.41,296204.12679509
LINK/USD,2026-02-02,9.42,10.02,9.02,9.8,600907.39587559
LINK/USD,2026-02-03,9.81,9.87,9.08,9.47,555205.01855675
LINK/USD,2026-02-04,9.46,9.75,9.01,9.23,199611.00538795
LINK/USD,2026-02-05,9.24,9.31,7.84,7.89,436029.69876993
LINK/USD,2026-02-06,7.92,9.01,7.18,8.88,358107.14540911
LINK/USD,2026-02-07,8.86,9.04,8.58,8.91,147184.36293859
LINK/USD,2026-02-08,8.91,9.03,8.72,8.82,125308.07727114
LINK/USD,2026-02-09,8.81,9.0,8.45,8.84,124624.9486055
LINK/USD,2026-02-10,8.85,8.88,8.47,8.56,158214.42781085
LINK/USD,2026-02-11,8.57,8.6,8.13,8.32,163032.12491093
LINK/USD,2026-02-12,8.32,8.6,8.17,8.41,124274.71323427
LINK/USD,2026-02-13,8.4,8.89,8.3,8.77,91612.64848383
LINK/USD,2026-02-14,8.77,9.2,8.75,9.08,72570.17105246
LINK/USD,2026-02-15,9.09,9.24,8.6,8.78,100660.23459414
LINK/USD,2026-02-16,8.77,8.99,8.65,8.93,96553.46838774
LINK/USD,2026-02-17,8.93,8.98,8.67,8.83,88765.51255773
LINK/USD,2026-02-18,8.83,8.99,8.52,8.6,83838.70424364
LINK/USD,2026-02-19,8.6,8.74,8.38,8.57,61840.40553482
LINK/USD,2026-02-20,8.57,9.0,8.46,8.94,125659.36005325
LINK/USD,2026-02-21,8.94,9.04,8.85,8.88,38040.1565707
LINK/USD,2026-02-22,8.88,8.89,8.6,8.68,38925.23184792
LINK/USD,2026-02-23,8.69,8.69,8.18,8.26,60674.94683833
LINK/USD,2026-02-24,8.29,8.33,8.04,8.2,119771.93225011
LINK/USD,2026-02-25,8.21,9.59,8.18,9.26,94154.00708395
LINK/USD,2026-02-26,9.24,9.33,8.87,9.1,63615.47054296
LINK/USD,2026-02-27,9.09,9.25,8.58,8.71,38807.89819706
LINK/USD,2026-02-28,8.71,8.92,8.22,8.85,54201.11272953
LINK/USD,2026-03-01,8.87,9.18,8.55,8.67,44831.05105419
LINK/USD,2026-03-02,8.69,9.24,8.6,8.95,43217.76636456
LINK/USD,2026-03-03,8.97,9.0,8.57,8.82,27739.61547673
LINK/USD,2026-03-04,8.8,9.64,8.69,9.36,66163.4958975
LINK/USD,2026-03-05,9.35,9.49,9.08,9.2,76245.42900291
LINK/USD,2026-03-06,9.22,9.29,8.68,8.79,47825.14654237
LINK/USD,2026-03-07,8.81,8.82,8.69,8.7,7604.10956604
LINK/USD,2026-03-08,8.71,8.77,8.42,8.51,12834.87432911
LINK/USD,2026-03-09,8.53,9.07,8.52,8.86,34425.80036543
LINK/USD,2026-03-10,8.87,9.17,8.87,8.98,10487.31897907
LINK/USD,2026-03-11,8.99,9.17,8.87,9.01,14119.71474783
LINK/USD,2026-03-12,9.0,9.1,8.84,9.06,13854.79865975
LINK/USD,2026-03-13,9.06,9.58,9.03,9.09,35729.41134293
LINK/USD,2026-03-14,9.09,9.16,8.93,9.16,15153.1514374
LINK/USD,2026-03-15,9.18,9.55,9.12,9.49,19236.15537513
LINK/USD,2026-03-16,9.51,10.08,9.43,9.92,56046.02160151
LINK/USD,2026-03-17,9.92,10.01,9.7,9.79,19382.8361371
LINK/USD,2026-03-18,9.8,9.92,9.1,9.22,30284.94294156
LINK/USD,2026-03-19,9.22,9.26,8.9,9.02,24194.62972641
LINK/USD,2026-03-20,9.08,9.2,8.96,9.11,7538.30300588
LINK/USD,2026-03-21,9.12,9.15,8.78,8.82,14334.50156942
LINK/USD,2026-03-22,8.77,8.96,8.58,8.7,21519.23420455
LINK/USD,2026-03-23,8.7,9.28,8.58,9.08,88550.94351286
LINK/USD,2026-03-24,9.07,9.27,9.01,9.25,13028.48827534
LINK/USD,2026-03-25,9.24,9.48,9.17,9.37,48679.30942299
LINK/USD,2026-03-26,9.36,9.38,8.81,8.91,24146.43123509
LINK/USD,2026-03-27,8.91,8.97,8.49,8.57,22273.21670841
LINK/USD,2026-03-28,8.56,8.69,8.37,8.43,28602.91850024
LINK/USD,2026-03-29,8.45,8.56,8.2,8.39,9802.98197211
LINK/USD,2026-03-30,8.41,8.91,8.41,8.61,26721.03712982
LINK/USD,2026-03-31,8.6,8.87,8.49,8.77,26096.63322547
LINK/USD,2026-04-01,8.77,9.16,8.75,8.94,20438.51484922
LINK/USD,2026-04-02,8.95,9.0,8.43,8.63,28166.17911497
LINK/USD,2026-04-03,8.64,8.81,8.6,8.65,15001.99974719
LINK/USD,2026-04-04,8.64,8.76,8.62,8.71,3988.00390462
LINK/USD,2026-04-05,8.7,8.84,8.48,8.81,3840.16807074
LINK/USD,2026-04-06,8.84,9.12,8.75,8.8,16938.3156295
LINK/USD,2026-04-07,8.83,9.4,8.58,9.29,41534.01898847
LINK/USD,2026-04-08,9.29,9.31,8.84,8.86,22630.72336057
LINK/USD,2026-04-09,8.85,9.16,8.7,8.94,13152.48511555
LINK/USD,2026-04-10,8.95,9.17,8.89,9.09,15248.94137117
LINK/USD,2026-04-11,9.09,9.28,8.97,9.07,15641.99032921
LINK/USD,2026-04-12,9.07,9.08,8.69,8.74,16292.7427072
LINK/USD,2026-04-13,8.78,9.43,8.68,9.36,25124.52974479
LINK/USD,2026-04-14,9.38,9.38,8.96,9.02,42165.01665799
LINK/USD,2026-04-15,9.05,9.36,9.01,9.26,17012.52344641
LINK/USD,2026-04-16,9.27,9.6701,9.13,9.6024,58015.49847619
LINK/USD,2026-04-17,9.5963,9.8676,9.3449,9.6153,73480.2588
LINK/USD,2026-04-18,9.6143,9.658,9.268,9.2886,71656.0991
LINK/USD,2026-04-19,9.2881,9.3714,9.0082,9.0813,123364.5173
LINK/USD,2026-04-20,9.0698,9.4021,9.0698,9.2898,47879.0171
LINK/USD,2026-04-21,9.291,9.4864,9.2454,9.407,47456.2126
LINK/USD,2026-04-22,9.4081,9.5505,9.2917,9.2917,22621.1994
LINK/USD,2026-04-23,9.2981,9.3884,9.1531,9.3582,34975.9195
LINK/USD,2026-04-24,9.359,9.4433,9.2498,9.3775,24995.0927
LINK/USD,2026-04-25,9.3798,9.4448,9.2962,9.3458,12511.7906
LINK/USD,2026-04-26,9.3474,9.5349,9.305,9.4881,16971.761
LINK/USD,2026-04-27,9.4881,9.5981,9.1591,9.3206,30530.3845
LINK/USD,2026-04-28,9.3163,9.3253,9.1643,9.2402,10534.1682
LINK/USD,2026-04-29,9.2403,9.4149,8.9137,9.1192,31215.7377
LINK/USD,2026-04-30,9.1136,9.1801,9.0233,9.1026,27608.4963
LINK/USD,2026-05-01,9.1039,9.2748,9.0734,9.096,30472.3249
LINK/USD,2026-05-02,9.1021,9.2393,9.0677,9.1732,24061.5043
LINK/USD,2026-05-03,9.1764,9.2214,9.0746,9.1396,19433.9211
LINK/USD,2026-05-04,9.1261,9.6524,9.1011,9.3564,101368.7022
LINK/USD,2026-05-05,9.356,9.8464,9.3559,9.7732,113715.5329
LINK/USD,2026-05-06,9.7736,10.2437,9.7635,9.9982,66801.1764
LINK/USD,2026-05-07,10.0021,10.1268,9.8103,9.8477,50955.4814
LINK/USD,2026-05-08,9.8498,10.4903,9.7755,10.3237,51295.9554
LINK/USD,2026-05-09,10.3341,10.6066,10.2941,10.3792,35977.5722
LINK/USD,2026-05-10,10.3757,10.862,10.2844,10.7148,94291.8587
LINK/USD,2026-05-11,10.7263,10.7466,10.4,10.6005,50627.3921
LINK/USD,2026-05-12,10.5923,10.5923,10.1111,10.2803,61353.5234
LINK/USD,2026-05-13,10.2846,10.7929,10.0434,10.2133,53237.369
LINK/USD,2026-05-14,10.2138,10.7651,10.0938,10.4732,50715.9018
LINK/USD,2026-05-15,10.4832,10.5512,9.9782,10.0686,82991.1432
LINK/USD,2026-05-16,10.073,10.1149,9.6214,9.7184,65784.6207
LINK/USD,2026-05-17,9.7138,9.8504,9.3408,9.5602,45946.0052
LINK/USD,2026-05-18,9.5542,9.6105,9.3144,9.5993,55121.791
LINK/USD,2026-05-19,9.6074,9.8079,9.4299,9.4404,47788.461
LINK/USD,2026-05-20,9.438,9.6784,9.3753,9.6174,28984.2555
LINK/USD,2026-05-21,9.6373,9.8423,9.5147,9.7409,22736.8845
LINK/USD,2026-05-22,9.7422,10.0097,9.3627,9.4201,22576.5131
LINK/USD,2026-05-23,9.403,9.7404,9.06,9.5559,34497.7623
LINK/USD,2026-05-24,9.5379,9.6299,9.2468,9.4255,16213.9512
LINK/USD,2026-05-25,9.4296,9.6508,9.3654,9.4974,15327.3984
LINK/USD,2026-05-26,9.497,9.666,9.3355,9.369,33185.5881
LINK/USD,2026-05-27,9.3809,9.4482,9.0982,9.1297,39138.6518
LINK/USD,2026-05-28,9.1246,9.1333,8.7665,8.9949,66794.4918
LINK/USD,2026-05-29,9.008,9.0374,8.9073,9.0108,7299.8329
UNI/USD,2025-01-15,13.33446,14.66522,12.97261,14.51691,39545.32180202
UNI/USD,2025-01-16,14.37893,14.545,13.98986,14.13645,25725.95398922
UNI/USD,2025-01-17,14.30015,15.14497,14.30015,15.0174,7299.64570583
UNI/USD,2025-01-18,15.01832,15.17376,13.89275,14.13543,9202.12776638
UNI/USD,2025-01-19,14.24298,14.55908,13.08022,13.24274,12093.94533558
UNI/USD,2025-01-20,13.23702,14.5,13.02471,13.54895,63072.63425062
UNI/USD,2025-01-21,13.24788,13.86114,13.0024,13.49838,13912.46649541
UNI/USD,2025-01-22,13.57403,13.5955,12.87496,12.87998,6430.21910167
UNI/USD,2025-01-23,12.90998,12.98452,12.47524,12.80698,9598.29312694
UNI/USD,2025-01-24,12.64097,13.10739,12.53225,12.56651,5210.5038716
UNI/USD,2025-01-25,12.43499,12.43998,12.08761,12.08787,2288.63983662
UNI/USD,2025-01-26,12.13971,12.38283,11.44115,11.46213,7731.18970877
UNI/USD,2025-01-27,11.3701,11.482,10.36596,11.009,17590.82367862
UNI/USD,2025-01-28,11.04672,11.31058,10.85009,11.06883,11204.74642578
UNI/USD,2025-01-29,11.12414,12.05367,11.12414,11.7845,18849.00054576
UNI/USD,2025-01-30,11.70999,12.2751,11.70999,12.01779,44264.25869989
UNI/USD,2025-01-31,11.98429,12.82308,11.67474,11.70426,151638.99117108
UNI/USD,2025-02-01,11.7924,11.9,10.80401,10.9093,8293.87923395
UNI/USD,2025-02-02,10.83025,11.09273,8.75217,9.13463,18832.68358237
UNI/USD,2025-02-03,9.09718,10.18696,7.04817,9.99327,97564.72509048
UNI/USD,2025-02-04,9.90937,9.95752,8.81894,8.98058,30678.68954718
UNI/USD,2025-02-05,9.05823,9.50313,9.05823,9.22791,12642.05538769
UNI/USD,2025-02-06,9.2832,9.44157,8.9125,8.9496,20975.76091058
UNI/USD,2025-02-07,9.00233,9.47771,8.75001,8.99423,34694.58311059
UNI/USD,2025-02-08,9.00001,9.18661,8.74161,9.14465,24957.80627272
UNI/USD,2025-02-09,9.12343,9.30345,8.73202,9.13134,52862.39267936
UNI/USD,2025-02-10,9.17426,9.59,8.83704,9.46952,16526.84590512
UNI/USD,2025-02-11,9.49521,10.0144,9.25426,9.37278,13171.01217007
UNI/USD,2025-02-12,9.37544,10.12,9.12183,9.94942,30638.78980269
UNI/USD,2025-02-13,9.96606,10.04884,9.47909,9.86039,23912.98599672
UNI/USD,2025-02-14,9.89245,10.33684,9.84259,10.01893,105070.36062893
UNI/USD,2025-02-15,9.97664,10.14449,9.7455,9.81178,9947.40589293
UNI/USD,2025-02-16,9.84876,9.94199,9.60535,9.62175,6690.25305997
UNI/USD,2025-02-17,9.65244,10.14595,9.53036,9.93451,15372.40095832
UNI/USD,2025-02-18,9.91985,9.91985,9.14655,9.59053,15013.89872212
UNI/USD,2025-02-19,9.6116,9.71247,9.38229,9.43137,13367.19038062
UNI/USD,2025-02-20,9.4174,9.53568,8.97489,9.34298,22255.69195929
UNI/USD,2025-02-21,9.29146,9.63611,8.58982,8.75884,14053.13765048
UNI/USD,2025-02-22,8.79163,9.1198,8.72252,9.06187,11131.51994934
UNI/USD,2025-02-23,9.01521,9.1928,8.9234,9.02109,5796.28732831
UNI/USD,2025-02-24,9.07174,9.1156,7.83625,7.95391,42315.56111968
UNI/USD,2025-02-25,8.01355,8.57808,7.4225,8.32148,37589.28232125
UNI/USD,2025-02-26,8.32283,8.46717,7.66778,7.86924,10044.36590107
UNI/USD,2025-02-27,7.91313,8.27245,7.71705,7.85882,16943.95599307
UNI/USD,2025-02-28,7.85546,7.87024,7.05143,7.49492,22204.15856329
UNI/USD,2025-03-01,7.49506,7.65242,7.20468,7.49988,18922.71532004
UNI/USD,2025-03-02,7.48479,8.30504,7.31595,8.27,21604.83465221
UNI/USD,2025-03-03,8.295,8.295,7.11,7.13999,15953.65459981
UNI/USD,2025-03-04,7.10345,7.15997,6.5,7.0761,50747.13667161
UNI/USD,2025-03-05,7.06929,7.55288,7.01628,7.52796,97082.36637502
UNI/USD,2025-03-06,7.53434,7.68892,7.0528,7.13555,70282.73511605
UNI/USD,2025-03-07,7.12745,7.33305,6.89854,7.01999,20423.06846537
UNI/USD,2025-03-08,7.07189,7.21702,6.97167,7.13968,5972.6683466
UNI/USD,2025-03-09,7.16496,7.19306,6.32632,6.37053,13207.8504918
UNI/USD,2025-03-10,6.38654,6.9238,5.8127,5.91937,13662.14116539
UNI/USD,2025-03-11,5.95211,6.21761,5.54679,6.10408,12039.98261341
UNI/USD,2025-03-12,6.03322,6.14546,5.7594,5.89637,12326.27899573
UNI/USD,2025-03-13,5.92895,6.03928,5.70059,5.8788,8839.93322711
UNI/USD,2025-03-14,5.88494,6.12969,5.84718,6.03,9126.37637806
UNI/USD,2025-03-15,6.02986,6.31879,6.0,6.27159,4764.36594463
UNI/USD,2025-03-16,6.16798,6.28337,5.98991,6.08078,7546.47178523
UNI/USD,2025-03-17,6.1534,6.38422,6.10493,6.33347,10640.81157916
UNI/USD,2025-03-18,6.29573,6.3605,6.10059,6.34288,15738.64460648
UNI/USD,2025-03-19,6.38167,7.27,6.33327,6.97811,47899.06760308
UNI/USD,2025-03-20,6.89799,6.89799,6.65076,6.88487,7337.83242287
UNI/USD,2025-03-21,6.91047,6.91911,6.73216,6.80775,4608.02718181
UNI/USD,2025-03-22,6.78727,6.90096,6.73436,6.73436,2267.77053356
UNI/USD,2025-03-23,6.73674,6.82462,6.62034,6.68285,5697.74445074
UNI/USD,2025-03-24,6.67208,7.13333,6.59409,7.02427,11200.42989055
UNI/USD,2025-03-25,7.1218,7.1218,6.9405,6.95898,4186.79086837
UNI/USD,2025-03-26,6.9511,7.11871,6.65499,6.70886,9263.51518091
UNI/USD,2025-03-27,6.71395,6.90041,6.65597,6.73281,46254.76857005
UNI/USD,2025-03-28,6.83374,6.83374,6.06127,6.17933,90409.45840047
UNI/USD,2025-03-29,6.19767,6.24041,5.90966,5.94162,12303.69753318
UNI/USD,2025-03-30,5.97326,6.04162,5.79545,5.84988,13338.47732133
UNI/USD,2025-03-31,5.86487,6.05098,5.75279,5.99104,18381.77549849
UNI/USD,2025-04-01,5.98797,6.33474,5.98322,6.32167,23589.14015077
UNI/USD,2025-04-02,6.26334,7.10613,5.8079,5.84105,33169.2404196
UNI/USD,2025-04-03,5.84439,6.01499,5.67362,5.82771,4294.45494042
UNI/USD,2025-04-04,5.88056,6.01109,5.72727,5.92505,5739.98966023
UNI/USD,2025-04-05,5.90079,5.93011,5.77207,5.80487,2002.48103889
UNI/USD,2025-04-06,5.86401,5.87157,4.99235,5.10493,6469.99621677
UNI/USD,2025-04-07,5.0861,5.225,4.61,5.12895,8584.65882833
UNI/USD,2025-04-08,5.12916,5.293,4.6947,4.70791,4787.05593217
UNI/USD,2025-04-09,4.75069,5.43293,4.556,5.43293,8908.56155514
UNI/USD,2025-04-10,5.39529,5.39529,4.87029,5.01229,3921.61899182
UNI/USD,2025-04-11,5.09119,5.31215,5.09119,5.25553,9589.65518472
UNI/USD,2025-04-12,5.22414,5.58013,5.16101,5.50477,11026.15909994
UNI/USD,2025-04-13,5.43703,5.47887,5.28277,5.33013,3216.57147402
UNI/USD,2025-04-14,5.3964,5.63335,5.35702,5.35702,5443.13654583
UNI/USD,2025-04-15,5.38691,5.42557,5.19872,5.23096,1201.05644804
UNI/USD,2025-04-16,5.19583,5.22034,5.06123,5.17944,2126.70537461
UNI/USD,2025-04-17,5.22085,5.28287,5.12057,5.19842,2728.94768138
UNI/USD,2025-04-18,5.17681,5.21822,5.16204,5.21,496.84036757
UNI/USD,2025-04-19,5.22982,5.34487,5.22384,5.3385,3144.58390056
UNI/USD,2025-04-20,5.32015,5.34418,5.1757,5.22061,1372.65156924
UNI/USD,2025-04-21,5.36274,5.48184,5.27272,5.27272,2887.67228743
UNI/USD,2025-04-22,5.22378,5.80692,5.21298,5.77315,10220.14904212
UNI/USD,2025-04-23,5.84066,6.1029,5.81633,6.03783,14105.61035978
UNI/USD,2025-04-24,6.02692,6.05326,5.65583,5.81498,175503.33081504
UNI/USD,2025-04-25,5.81482,6.19999,5.7,5.82998,354968.24740547
UNI/USD,2025-04-26,5.83614,6.03021,5.75,5.81923,363409.389373
UNI/USD,2025-04-27,5.81881,5.9989,5.5,5.5064,111675.43103435
UNI/USD,2025-04-28,5.50049,5.64468,5.32747,5.43422,266662.04197784
UNI/USD,2025-04-29,5.43558,5.53885,5.2121,5.28008,246584.42535051
UNI/USD,2025-04-30,5.28908,5.40331,5.09082,5.27424,23541.25224713
UNI/USD,2025-05-01,5.27347,5.42677,5.24761,5.31413,300860.46144177
UNI/USD,2025-05-02,5.31797,5.37908,5.20133,5.24474,270444.30233316
UNI/USD,2025-05-03,5.25042,5.26405,5.03207,5.11426,19415.9971511
UNI/USD,2025-05-04,5.09398,5.12719,4.96984,4.98402,47261.03802947
UNI/USD,2025-05-05,4.98809,5.12063,4.89473,4.972,110905.15925048
UNI/USD,2025-05-06,4.96943,4.98869,4.74964,4.96492,300376.36609293
UNI/USD,2025-05-07,4.96487,5.04674,4.75537,4.87433,465228.13201701
UNI/USD,2025-05-08,4.87926,6.15061,4.83804,6.15061,678285.23568322
UNI/USD,2025-05-09,6.14402,6.68829,6.00071,6.35653,418296.58455497
UNI/USD,2025-05-10,6.36083,7.55885,6.36083,7.55885,409385.17433497
UNI/USD,2025-05-11,7.55901,7.55901,6.73,6.92141,230829.22472462
UNI/USD,2025-05-12,6.91171,7.33621,6.64637,6.89081,111146.13259428
UNI/USD,2025-05-13,6.88259,7.3593,6.52981,7.0901,640381.84497843
UNI/USD,2025-05-14,7.09143,7.15479,6.53785,6.60505,816709.9842351
UNI/USD,2025-05-15,6.60506,6.77864,6.12683,6.20853,634833.26147334
UNI/USD,2025-05-16,6.24323,6.46265,6.05208,6.07649,592131.86987312
UNI/USD,2025-05-17,6.07679,6.08622,5.65109,5.72721,381634.38323713
UNI/USD,2025-05-18,5.75,6.32644,5.68604,6.13306,591450.78558269
UNI/USD,2025-05-19,6.13056,6.16658,5.66537,5.92748,600514.45218241
UNI/USD,2025-05-20,5.92911,6.11816,5.69928,6.024,757203.62296901
UNI/USD,2025-05-21,6.02707,6.5,5.94953,6.21069,1006881.18384287
UNI/USD,2025-05-22,6.21785,6.58276,6.21012,6.43219,306725.39443091
UNI/USD,2025-05-23,6.42561,6.78844,5.94246,5.97984,279507.22096983
UNI/USD,2025-05-24,5.96859,6.32092,5.96858,6.10299,71234.90900792
UNI/USD,2025-05-25,6.12473,6.16523,5.94169,6.16523,29408.30458928
UNI/USD,2025-05-26,6.18024,6.64149,6.14539,6.49549,99726.45661681
UNI/USD,2025-05-27,6.52236,6.76441,6.26601,6.33105,50786.56724756
UNI/USD,2025-05-28,6.32716,6.988,6.24408,6.85378,234216.02102237
UNI/USD,2025-05-29,6.82027,7.67152,6.56232,6.56232,131045.63117778
UNI/USD,2025-05-30,6.61624,6.69176,6.10615,6.19089,140933.7190551
UNI/USD,2025-05-31,6.1973,6.21585,5.89661,6.05421,66263.63850766
UNI/USD,2025-06-01,6.04528,6.3797,5.90523,6.3168,77432.89707721
UNI/USD,2025-06-02,6.30633,6.47381,6.05913,6.44741,29656.32725117
UNI/USD,2025-06-03,6.45163,7.10687,6.29099,6.6511,88126.98983787
UNI/USD,2025-06-04,6.63102,6.83149,6.28357,6.30758,34291.13890168
UNI/USD,2025-06-05,6.30495,6.44551,5.8042,5.9033,59311.39534994
UNI/USD,2025-06-06,5.87537,6.14021,5.87536,5.99793,31008.16946264
UNI/USD,2025-06-07,6.01711,6.416,6.00918,6.36831,35529.44903721
UNI/USD,2025-06-08,6.34661,6.45226,6.22,6.32248,29358.88825104
UNI/USD,2025-06-09,6.32269,6.88496,6.21425,6.8436,35137.05220574
UNI/USD,2025-06-10,6.83636,8.67879,6.83636,8.67879,213376.61151432
UNI/USD,2025-06-11,8.64317,8.64995,7.96073,8.13893,103395.59724069
UNI/USD,2025-06-12,8.1965,8.23215,7.51539,7.51539,88319.09049938
UNI/USD,2025-06-13,7.35,7.77047,6.80839,7.77047,108123.51319002
UNI/USD,2025-06-14,7.73992,7.73992,7.1254,7.29809,24871.21721605
UNI/USD,2025-06-15,7.30433,7.43002,7.0,7.18499,13435.86829626
UNI/USD,2025-06-16,7.15636,7.95409,7.04285,7.43764,199655.16661891
UNI/USD,2025-06-17,7.43137,7.84398,7.2819,7.44989,82543.67918741
UNI/USD,2025-06-18,7.4084,7.79081,7.13722,7.5393,51886.99736173
UNI/USD,2025-06-19,7.60385,7.92258,7.47565,7.68769,37019.81522034
UNI/USD,2025-06-20,7.69973,7.97924,7.00289,7.10026,164476.02498683
UNI/USD,2025-06-21,7.05357,7.09398,6.34526,6.46035,55469.14663446
UNI/USD,2025-06-22,6.47887,6.6092,5.94911,6.25725,48863.06848917
UNI/USD,2025-06-23,6.25178,6.92468,6.03,6.84445,80484.11933428
UNI/USD,2025-06-24,6.7811,7.15041,6.73679,7.02104,56068.07454852
UNI/USD,2025-06-25,7.05853,7.3681,6.85,6.98236,141381.87262415
UNI/USD,2025-06-26,6.98482,7.29638,6.7368,6.80869,128018.57862007
UNI/USD,2025-06-27,6.78157,6.98099,6.77065,6.91765,80480.05890564
UNI/USD,2025-06-28,6.91549,7.17611,6.83842,7.13191,38606.80192107
UNI/USD,2025-06-29,7.134,7.49678,6.96132,7.40441,83639.31661735
UNI/USD,2025-06-30,7.40914,7.45418,7.05405,7.13085,123560.26264797
UNI/USD,2025-07-01,7.13241,7.16699,6.59741,6.61544,94157.79654749
UNI/USD,2025-07-02,6.60675,7.56723,6.50438,7.34502,156339.84483455
UNI/USD,2025-07-03,7.37369,7.86033,7.29976,7.46893,126889.28489646
UNI/USD,2025-07-04,7.48164,7.6331,6.78097,6.92799,231089.34557089
UNI/USD,2025-07-05,6.9701,7.41984,6.82471,7.31306,103913.67275647
UNI/USD,2025-07-06,7.32572,7.54373,7.22182,7.42325,110146.67839336
UNI/USD,2025-07-07,7.43711,7.51412,7.23069,7.38977,62376.29321379
UNI/USD,2025-07-08,7.39277,7.81227,7.32453,7.6593,131543.50046931
UNI/USD,2025-07-09,7.67034,8.48992,7.53999,8.29746,247246.81253593
UNI/USD,2025-07-10,8.32535,8.60469,8.01696,8.47855,204284.44706012
UNI/USD,2025-07-11,8.461,9.03518,8.31478,8.70082,125003.67836505
UNI/USD,2025-07-12,8.70419,8.85194,8.17743,8.4071,135371.78889091
UNI/USD,2025-07-13,8.36421,8.72255,8.35741,8.51087,89475.10040631
UNI/USD,2025-07-14,8.51134,9.64247,8.51134,9.1357,272561.76505046
UNI/USD,2025-07-15,9.13736,9.41425,8.69015,9.33814,165190.06642124
UNI/USD,2025-07-16,9.41169,9.52872,8.77745,8.8999,166842.59865139
UNI/USD,2025-07-17,8.90828,9.17192,8.64902,8.96356,467614.25124352
UNI/USD,2025-07-18,8.9513,10.9306,8.88371,10.12906,462547.93416017
UNI/USD,2025-07-19,10.14479,10.38892,9.79609,10.15642,95935.77552415
UNI/USD,2025-07-20,10.17546,10.86436,10.13658,10.65733,122509.89358918
UNI/USD,2025-07-21,10.64285,11.66001,10.32968,10.83425,227744.97125806
UNI/USD,2025-07-22,10.87043,11.05053,10.13869,10.76638,190633.86895366
UNI/USD,2025-07-23,10.76627,10.83966,9.6922,10.16595,173893.31298955
UNI/USD,2025-07-24,10.17451,10.51958,9.68101,10.11127,193601.65556396
UNI/USD,2025-07-25,10.1183,10.62355,9.73242,10.35226,124477.68325926
UNI/USD,2025-07-26,10.42219,10.76027,10.33957,10.54264,67245.24176147
UNI/USD,2025-07-27,10.52764,11.05295,10.46285,10.94519,60832.44071216
UNI/USD,2025-07-28,10.95159,11.18062,10.36209,10.45193,89468.12871837
UNI/USD,2025-07-29,10.46008,10.65531,10.00488,10.30415,145129.1012456
UNI/USD,2025-07-30,10.30516,10.49835,9.5704,10.0,205886.84129547
UNI/USD,2025-07-31,9.98723,10.23079,9.31585,9.34737,143030.99185087
UNI/USD,2025-08-01,9.35759,9.42723,8.86115,9.04709,301370.43938117
UNI/USD,2025-08-02,9.03658,9.17973,8.68636,8.81846,118816.86855389
UNI/USD,2025-08-03,8.75555,9.22652,8.69764,9.14863,50994.86101627
UNI/USD,2025-08-04,9.14213,10.09174,9.14213,9.95399,246014.43860799
UNI/USD,2025-08-05,9.96209,9.96621,9.37783,9.56437,54018.21918863
UNI/USD,2025-08-06,9.57133,9.79737,9.40195,9.70188,53038.63964853
UNI/USD,2025-08-07,9.69364,10.44465,9.62799,10.42525,71438.0016751
UNI/USD,2025-08-08,10.43215,11.04097,10.28039,10.85475,102128.82470386
UNI/USD,2025-08-09,10.85996,11.39448,10.76808,11.02063,77654.9908196
UNI/USD,2025-08-10,11.0002,11.27344,10.45784,10.95281,100162.27931635
UNI/USD,2025-08-11,10.93716,11.97665,10.5742,11.02523,333088.58298042
UNI/USD,2025-08-12,11.03991,11.62506,10.81153,11.58939,210114.76297276
UNI/USD,2025-08-13,11.58971,12.2759,11.20826,12.154,128466.64781832
UNI/USD,2025-08-14,12.12969,12.27069,10.6,10.87874,179063.86015323
UNI/USD,2025-08-15,10.8965,11.15495,10.42625,10.72509,101046.59301683
UNI/USD,2025-08-16,10.7427,11.15845,10.73584,11.02469,96614.0820124
UNI/USD,2025-08-17,11.01771,11.39096,10.94081,11.09275,49032.71606703
UNI/USD,2025-08-18,11.01403,11.03886,10.2484,10.48374,112841.63952899
UNI/USD,2025-08-19,10.49262,10.62055,9.92518,9.93567,76099.69910981
UNI/USD,2025-08-20,9.95545,10.69832,9.91441,10.60313,72509.04315789
UNI/USD,2025-08-21,10.60927,10.69123,10.1696,10.22102,94632.01267266
UNI/USD,2025-08-22,10.22513,11.61524,10.02402,11.43175,196673.45814664
UNI/USD,2025-08-23,11.42477,11.46208,11.01544,11.3594,63082.65124325
UNI/USD,2025-08-24,11.36611,11.43214,10.81039,10.91682,211374.50634083
UNI/USD,2025-08-25,10.92081,10.97077,9.58347,9.70101,641079.38493254
UNI/USD,2025-08-26,9.70222,10.01648,9.5673,9.95032,416445.71995291
UNI/USD,2025-08-27,9.93298,10.12599,9.78645,9.85166,104093.51251879
UNI/USD,2025-08-28,9.85398,10.12115,9.73351,10.01983,147339.42752446
UNI/USD,2025-08-29,10.02049,10.07872,9.42803,9.63045,139627.8499357
UNI/USD,2025-08-30,9.6079,9.80339,9.42,9.71443,28780.23550544
UNI/USD,2025-08-31,9.73495,9.90135,9.61395,9.614,20786.90431245
UNI/USD,2025-09-01,9.61547,9.81714,9.12732,9.33005,225860.40948449
UNI/USD,2025-09-02,9.35216,9.63679,9.28803,9.57117,56489.67346704
UNI/USD,2025-09-03,9.55397,9.75475,9.40685,9.68095,93576.43370943
UNI/USD,2025-09-04,9.6782,9.72341,9.16543,9.29466,66345.67587428
UNI/USD,2025-09-05,9.31424,9.70663,9.2981,9.40246,70470.86064962
UNI/USD,2025-09-06,9.38844,9.42289,9.23969,9.34313,29108.81935916
UNI/USD,2025-09-07,9.34713,9.44725,9.26622,9.39375,12888.74453593
UNI/USD,2025-09-08,9.39485,9.78115,9.32907,9.55318,203081.74572942
UNI/USD,2025-09-09,9.55048,9.91534,9.39342,9.54132,212338.66334003
UNI/USD,2025-09-10,9.55432,9.81244,9.4735,9.73762,71482.99118572
UNI/USD,2025-09-11,9.73415,10.0295,9.71455,9.99083,77764.80765032
UNI/USD,2025-09-12,9.99887,10.22562,9.90913,10.18855,111102.16249987
UNI/USD,2025-09-13,10.17716,10.34366,9.94546,10.1296,146125.23669909
UNI/USD,2025-09-14,10.13054,10.13054,9.09509,9.4223,290112.95906448
UNI/USD,2025-09-15,9.41316,9.54254,9.0309,9.15827,176740.38069376
UNI/USD,2025-09-16,9.15351,9.3901,9.05529,9.32937,143330.75375695
UNI/USD,2025-09-17,9.33906,9.61878,9.14134,9.5514,145281.33995155
UNI/USD,2025-09-18,9.57272,9.6651,9.42425,9.60831,146923.15205816
UNI/USD,2025-09-19,9.6129,9.73749,9.09186,9.12538,167465.68955685
UNI/USD,2025-09-20,9.17192,9.28345,9.11041,9.18734,46046.99512241
UNI/USD,2025-09-21,9.18188,9.22356,9.04149,9.05026,28798.61340938
UNI/USD,2025-09-22,9.04396,9.0766,7.51981,8.23553,263813.45190373
UNI/USD,2025-09-23,8.22899,8.2689,8.01745,8.07011,167523.37134524
UNI/USD,2025-09-24,8.07494,8.19302,7.84615,7.90299,151680.75884524
UNI/USD,2025-09-25,7.9027,7.94453,7.28993,7.4585,212027.37800306
UNI/USD,2025-09-26,7.46053,7.64337,7.33368,7.61329,185798.45632788
UNI/USD,2025-09-27,7.61752,7.66075,7.47618,7.62308,91212.2671843
UNI/USD,2025-09-28,7.61481,7.77258,7.4154,7.75416,87246.40274385
UNI/USD,2025-09-29,7.7604,7.83329,7.58257,7.7478,117740.97539671
UNI/USD,2025-09-30,7.73962,7.76613,7.42902,7.62992,202791.06500375
UNI/USD,2025-10-01,7.63781,8.09859,7.55407,8.07301,164279.08484894
UNI/USD,2025-10-02,8.07859,8.38606,7.99487,8.36313,270078.27266485
UNI/USD,2025-10-03,8.35557,8.49025,8.14593,8.17799,202361.97657079
UNI/USD,2025-10-04,8.18579,8.20374,7.91599,8.02595,118030.21695843
UNI/USD,2025-10-05,8.06334,8.42826,7.97758,8.05365,122939.03792136
UNI/USD,2025-10-06,8.0617,8.44767,8.00683,8.3466,207740.63655985
UNI/USD,2025-10-07,8.35122,8.38012,7.72685,7.77114,240909.51486998
UNI/USD,2025-10-08,7.7837,8.12366,7.69883,8.07405,212878.29009481
UNI/USD,2025-10-09,8.06673,8.06673,7.6565,7.85666,179298.28812229
UNI/USD,2025-10-10,7.86608,8.59682,2.5541,5.82894,1519184.14770782
UNI/USD,2025-10-11,5.80007,6.13143,5.56004,5.86105,790459.67799933
UNI/USD,2025-10-12,5.85868,6.70864,5.80101,6.63061,405684.23290309
UNI/USD,2025-10-13,6.62111,7.12296,6.50949,7.05878,268350.30135366
UNI/USD,2025-10-14,7.05417,7.08588,6.39087,6.82225,203197.17305441
UNI/USD,2025-10-15,6.82895,6.98604,6.24159,6.59049,207985.47293863
UNI/USD,2025-10-16,6.56852,6.69078,6.22213,6.26606,187180.22206284
UNI/USD,2025-10-17,6.30298,6.40283,5.84637,6.13919,217719.52255722
UNI/USD,2025-10-18,6.14071,6.20754,5.91096,6.02826,247778.64262956
UNI/USD,2025-10-19,6.022,6.35867,5.95812,6.26146,100318.92068425
UNI/USD,2025-10-20,6.24261,6.54251,6.13986,6.3357,107959.92934776
UNI/USD,2025-10-21,6.33396,6.64846,6.12208,6.25647,190835.93851238
UNI/USD,2025-10-22,6.25327,6.30349,5.87128,6.03503,282278.1139154
UNI/USD,2025-10-23,6.03435,6.36404,6.02852,6.30591,115831.06983158
UNI/USD,2025-10-24,6.3182,6.45416,6.16666,6.23972,160544.89043818
UNI/USD,2025-10-25,6.24697,6.29628,6.1624,6.24868,63774.68389975
UNI/USD,2025-10-26,6.24892,6.7285,6.15091,6.66044,81244.32186526
UNI/USD,2025-10-27,6.66642,6.88018,6.46468,6.51018,284195.40171795
UNI/USD,2025-10-28,6.51334,6.63389,6.25041,6.34041,153448.70067328
UNI/USD,2025-10-29,6.3317,6.44721,6.15437,6.29734,191614.63154198
UNI/USD,2025-10-30,6.27,6.38692,5.67206,5.84381,393496.95749815
UNI/USD,2025-10-31,5.84381,5.94975,5.61598,5.74534,271154.93234438
UNI/USD,2025-11-01,5.74196,5.89159,5.72775,5.86165,120383.56015225
UNI/USD,2025-11-02,5.86255,5.92346,5.71131,5.85971,126032.30368753
UNI/USD,2025-11-03,5.85966,5.87957,4.94505,5.19662,423758.86352579
UNI/USD,2025-11-04,5.19942,5.27904,4.73346,5.07291,271331.23315709
UNI/USD,2025-11-05,5.07214,5.49234,4.87794,5.35308,171551.04196492
UNI/USD,2025-11-06,5.33623,5.37084,5.10609,5.25216,120810.41814543
UNI/USD,2025-11-07,5.25525,5.99944,5.24624,5.86943,164924.35859282
UNI/USD,2025-11-08,5.88246,6.13011,5.80386,6.00972,187026.47275719
UNI/USD,2025-11-09,6.0042,6.77704,5.79704,6.56601,323501.13699956
UNI/USD,2025-11-10,6.5811,10.01,6.561,9.32819,1893361.16538872
UNI/USD,2025-11-11,9.36224,10.29189,8.1522,8.22483,5124931.70018709
UNI/USD,2025-11-12,8.25,8.85128,7.47528,7.56382,1111980.26849574
UNI/USD,2025-11-13,7.57335,8.1871,7.46038,7.75328,1724980.78625368
UNI/USD,2025-11-14,7.7491,7.79524,6.92464,6.96829,1129915.17074797
UNI/USD,2025-11-15,6.97199,7.63152,6.97199,7.35342,258639.80792831
UNI/USD,2025-11-16,7.35557,7.91043,6.97969,7.1722,387510.60842967
UNI/USD,2025-11-17,7.17066,8.14215,7.08003,7.4201,705203.23951275
UNI/USD,2025-11-18,7.41288,7.75316,7.17674,7.49411,476082.85831241
UNI/USD,2025-11-19,7.4958,7.50818,6.8132,7.22042,322933.64931021
UNI/USD,2025-11-20,7.21733,7.37093,6.4769,6.56477,278432.0507008
UNI/USD,2025-11-21,6.60444,6.73184,5.94071,6.45174,226787.52142705
UNI/USD,2025-11-22,6.44092,6.5312,5.86224,6.15721,198869.25035702
UNI/USD,2025-11-23,6.15231,6.3376,6.06965,6.12177,107830.40141218
UNI/USD,2025-11-24,6.12018,6.40984,6.05265,6.29249,221405.14144492
UNI/USD,2025-11-25,6.28833,6.36958,5.89329,6.22706,187818.25698874
UNI/USD,2025-11-26,6.22922,6.38623,5.99616,6.30499,106233.3251751
UNI/USD,2025-11-27,6.29127,6.42245,6.10036,6.14119,123590.26270188
UNI/USD,2025-11-28,6.1406,6.35086,6.05215,6.12543,149497.03422337
UNI/USD,2025-11-29,6.13501,6.21425,5.98551,6.0682,79031.77428581
UNI/USD,2025-11-30,6.05981,6.25641,6.01249,6.04156,117735.03731702
UNI/USD,2025-12-01,6.04156,6.05148,5.445,5.60103,287825.4193309
UNI/USD,2025-12-02,5.60153,6.03006,5.3723,5.91628,308012.17022606
UNI/USD,2025-12-03,5.94307,6.18887,5.89942,6.12331,212637.24388903
UNI/USD,2025-12-04,6.1224,6.19604,5.83333,5.9619,183016.09857316
UNI/USD,2025-12-05,5.96827,6.03481,5.42954,5.47471,120872.66003664
UNI/USD,2025-12-06,5.47103,5.62341,5.41812,5.56653,94195.54168811
UNI/USD,2025-12-07,5.56592,5.66689,5.32502,5.45918,110793.56262734
UNI/USD,2025-12-08,5.43258,5.76526,5.43258,5.61394,104414.63502626
UNI/USD,2025-12-09,5.61263,5.96871,5.42727,5.78658,159027.31526478
UNI/USD,2025-12-10,5.75583,5.94219,5.52669,5.60528,109160.7197563
UNI/USD,2025-12-11,5.59946,5.60281,5.29744,5.54704,164779.4032123
UNI/USD,2025-12-12,5.55433,5.65115,5.21382,5.41925,212555.40412843
UNI/USD,2025-12-13,5.44032,5.52694,5.37534,5.50447,38793.18017074
UNI/USD,2025-12-14,5.50209,5.56115,5.25338,5.31597,75885.97564113
UNI/USD,2025-12-15,5.31234,5.45847,4.98092,5.0745,155837.62730086
UNI/USD,2025-12-16,5.07884,5.27378,4.94093,5.201,189505.74043595
UNI/USD,2025-12-17,5.187,5.31543,4.88224,4.95268,178765.07800941
UNI/USD,2025-12-18,4.94898,5.42597,4.85574,4.9571,508535.13367424
UNI/USD,2025-12-19,4.95935,5.33066,4.89523,5.31387,216462.92921644
UNI/USD,2025-12-20,5.31347,6.37558,5.25827,6.26316,577824.36026537
UNI/USD,2025-12-21,6.26132,6.48806,6.06047,6.11516,327026.02783483
UNI/USD,2025-12-22,6.11749,6.40257,5.91374,6.00208,265749.44760282
UNI/USD,2025-12-23,6.01363,6.10912,5.6578,5.80601,252319.19697686
UNI/USD,2025-12-24,5.80742,5.88164,5.59303,5.77523,129664.72728524
UNI/USD,2025-12-25,5.77151,6.07298,5.74416,5.81278,121672.23971173
UNI/USD,2025-12-26,5.79823,6.03043,5.73201,5.82493,120205.46722663
UNI/USD,2025-12-27,5.83037,6.03318,5.83037,5.96406,107526.3999092
UNI/USD,2025-12-28,5.96253,6.55518,5.93495,6.21812,317093.80707089
UNI/USD,2025-12-29,6.2225,6.36984,5.92381,5.9865,129256.08791673
UNI/USD,2025-12-30,5.98434,6.03155,5.89716,5.91858,62905.30809149
UNI/USD,2025-12-31,5.91478,5.96502,5.62063,5.62063,36987.16379541
UNI/USD,2026-01-01,5.63961,5.83373,5.6117,5.80164,40728.37408186
UNI/USD,2026-01-02,5.80165,6.09408,5.66378,6.03377,107840.23016213
UNI/USD,2026-01-03,6.03526,6.11602,5.742,5.91651,121316.42371396
UNI/USD,2026-01-04,5.913,6.01673,5.76627,5.83885,121416.23524428
UNI/USD,2026-01-05,5.8857,6.43102,5.72824,6.16722,266474.00497942
UNI/USD,2026-01-06,6.16451,6.30599,5.83989,6.07096,246347.46503207
UNI/USD,2026-01-07,6.07127,6.08691,5.63553,5.72171,126709.31203483
UNI/USD,2026-01-08,5.70986,5.81026,5.38344,5.47763,187981.54537531
UNI/USD,2026-01-09,5.48452,5.56823,5.34453,5.46385,177167.68660704
UNI/USD,2026-01-10,5.45988,5.54906,5.42375,5.46812,87162.31901811
UNI/USD,2026-01-11,5.46942,5.53057,5.37131,5.44473,73769.62192636
UNI/USD,2026-01-12,5.43537,5.59833,5.2769,5.36342,263185.91714318
UNI/USD,2026-01-13,5.37347,5.79965,5.34366,5.72312,177511.9341142
UNI/USD,2026-01-14,5.72742,5.84784,5.66448,5.6804,200335.76023612
UNI/USD,2026-01-15,5.68483,5.68483,5.22799,5.34833,241673.61138497
UNI/USD,2026-01-16,5.35859,5.35859,5.12773,5.31133,201572.42537791
UNI/USD,2026-01-17,5.31369,5.44104,5.30369,5.34915,112554.53153088
UNI/USD,2026-01-18,5.35024,5.39349,5.09005,5.09526,127995.35107857
UNI/USD,2026-01-19,5.09385,5.09385,4.65108,5.02157,359706.84767244
UNI/USD,2026-01-20,5.02084,5.02084,4.69088,4.79604,349251.20532042
UNI/USD,2026-01-21,4.79133,5.06388,4.75706,4.93489,403541.97178259
UNI/USD,2026-01-22,4.93721,4.98948,4.76701,4.83233,196517.05831908
UNI/USD,2026-01-23,4.83542,4.97359,4.76731,4.87025,203172.88249739
UNI/USD,2026-01-24,4.86598,4.9072,4.81862,4.8451,56124.7661829
UNI/USD,2026-01-25,4.85126,4.8887,4.55994,4.62926,244913.29117493
UNI/USD,2026-01-26,4.62061,4.75311,4.48928,4.70586,289754.55398229
UNI/USD,2026-01-27,4.69186,4.81071,4.62737,4.79223,128815.358801
UNI/USD,2026-01-28,4.79955,4.86855,4.7452,4.81019,116991.47912141
UNI/USD,2026-01-29,4.8121,4.81398,4.28443,4.38903,214459.57512593
UNI/USD,2026-01-30,4.39777,4.40868,4.13406,4.26866,408912.7546287
UNI/USD,2026-01-31,4.27,4.2938,3.59756,3.95303,523378.24877193
UNI/USD,2026-02-01,3.95648,4.01722,3.753,3.83246,359770.44155649
UNI/USD,2026-02-02,3.83652,3.99488,3.71151,3.92293,372593.77956249
UNI/USD,2026-02-03,3.91784,4.0177,3.69516,3.85647,332613.69889277
UNI/USD,2026-02-04,3.85565,3.95173,3.63546,3.79246,411452.61646871
UNI/USD,2026-02-05,3.79448,3.82671,3.12236,3.1613,1079383.60400025
UNI/USD,2026-02-06,3.17233,3.62941,2.84374,3.55127,796150.01334928
UNI/USD,2026-02-07,3.53975,3.60878,3.4292,3.53709,252268.70498815
UNI/USD,2026-02-08,3.53252,3.5481,3.43601,3.46479,109678.08895495
UNI/USD,2026-02-09,3.46751,3.57732,3.30829,3.48889,190749.49001902
UNI/USD,2026-02-10,3.49189,3.49629,3.31594,3.36265,172095.07375537
UNI/USD,2026-02-11,3.36137,4.52808,3.22053,3.36653,1454295.71494749
UNI/USD,2026-02-12,3.37142,3.49344,3.14001,3.24394,347295.93066286
UNI/USD,2026-02-13,3.24198,3.49097,3.21032,3.39748,821273.91743608
UNI/USD,2026-02-14,3.39571,3.73105,3.37678,3.63081,424973.30156985
UNI/USD,2026-02-15,3.62558,3.67035,3.39802,3.47169,124524.59530093
UNI/USD,2026-02-16,3.46472,3.62516,3.4293,3.60015,145648.06576891
UNI/USD,2026-02-17,3.59797,3.6292,3.45183,3.522,151639.23754962
UNI/USD,2026-02-18,3.52779,3.60358,3.36318,3.40267,165810.9444182
UNI/USD,2026-02-19,3.39676,3.46437,3.29405,3.38968,156804.87236417
UNI/USD,2026-02-20,3.38112,3.4947,3.30749,3.48945,209563.93083893
UNI/USD,2026-02-21,3.49192,3.69559,3.4696,3.60992,118245.22922557
UNI/USD,2026-02-22,3.60493,3.62589,3.43206,3.48864,108271.50873088
UNI/USD,2026-02-23,3.48776,3.56068,3.2776,3.34365,302698.28748198
UNI/USD,2026-02-24,3.35767,3.39969,3.26,3.33728,169058.0622777
UNI/USD,2026-02-25,3.33817,4.29176,3.33327,4.05385,514649.09429975
UNI/USD,2026-02-26,4.05271,4.0927,3.71326,3.87666,341161.51202652
UNI/USD,2026-02-27,3.87565,3.94274,3.67548,3.74705,178293.9613677
UNI/USD,2026-02-28,3.73902,3.88715,3.53947,3.81156,199333.65888988
UNI/USD,2026-03-01,3.81156,3.96788,3.67341,3.74618,141519.42314014
UNI/USD,2026-03-02,3.74847,4.04426,3.71691,3.93037,166914.05041815
UNI/USD,2026-03-03,3.92344,3.9407,3.74802,3.90893,139843.41985273
UNI/USD,2026-03-04,3.91218,4.08784,3.85987,3.98023,136535.66539061
UNI/USD,2026-03-05,3.97721,4.09773,3.92974,3.96989,227362.55864953
UNI/USD,2026-03-06,3.96994,4.01818,3.80726,3.84794,135782.71326996
UNI/USD,2026-03-07,3.85165,3.86585,3.74484,3.77211,116990.16827759
UNI/USD,2026-03-08,3.77212,3.79433,3.61394,3.65817,317662.04712608
UNI/USD,2026-03-09,3.66289,3.97634,3.66289,3.85448,510802.93107571
UNI/USD,2026-03-10,3.86049,3.99788,3.82661,3.84245,331675.3584152
UNI/USD,2026-03-11,3.83548,3.96533,3.80746,3.89499,149158.94672971
UNI/USD,2026-03-12,3.89834,3.94704,3.84176,3.91771,139560.03341875
UNI/USD,2026-03-13,3.9091,4.20778,3.90816,3.9994,178318.28869654
UNI/USD,2026-03-14,4.00175,4.01893,3.90592,3.946,110029.4731225
UNI/USD,2026-03-15,3.94152,4.11087,3.91876,4.05612,95567.69587014
UNI/USD,2026-03-16,4.08927,4.19,3.97382,4.15469,294950.17289786
UNI/USD,2026-03-17,4.15053,4.171,3.94752,3.95838,204176.8201831
UNI/USD,2026-03-18,3.96165,4.01468,3.61828,3.68152,247639.74049492
UNI/USD,2026-03-19,3.67973,3.71922,3.50227,3.57486,233684.57493792
UNI/USD,2026-03-20,3.57857,3.63791,3.54344,3.60505,143726.88994286
UNI/USD,2026-03-21,3.60845,3.62601,3.45731,3.48406,94644.01232361
UNI/USD,2026-03-22,3.45329,3.53616,3.41003,3.4701,74287.74314704
UNI/USD,2026-03-23,3.4726,3.67592,3.43658,3.58554,171685.99826568
UNI/USD,2026-03-24,3.58857,3.61967,3.52656,3.60541,90023.09897959
UNI/USD,2026-03-25,3.60446,3.75518,3.58194,3.70324,238156.31199006
UNI/USD,2026-03-26,3.70223,3.71514,3.48279,3.52032,149950.6541249
UNI/USD,2026-03-27,3.51857,3.55193,3.36558,3.38517,126545.44791348
UNI/USD,2026-03-28,3.38621,3.44666,3.35536,3.3807,104134.29437961
UNI/USD,2026-03-29,3.38733,3.42508,3.26,3.35031,94461.03042241
UNI/USD,2026-03-30,3.35639,3.57366,3.35433,3.47179,134958.0610248
UNI/USD,2026-03-31,3.47378,3.58635,3.44893,3.53873,238070.07370747
UNI/USD,2026-04-01,3.53355,3.66989,3.53284,3.56729,169190.80681508
UNI/USD,2026-04-02,3.56417,3.59176,3.09706,3.17623,598123.08851782
UNI/USD,2026-04-03,3.17471,3.25654,3.14873,3.17259,185565.05296019
UNI/USD,2026-04-04,3.1698,3.17986,3.10058,3.12335,123459.60495146
UNI/USD,2026-04-05,3.12604,3.15905,3.05609,3.14283,129060.71421776
UNI/USD,2026-04-06,3.1661,3.20981,3.07287,3.09728,135725.27599198
UNI/USD,2026-04-07,3.09148,3.31898,3.01537,3.28573,228451.64117583
UNI/USD,2026-04-08,3.28447,3.2988,3.11245,3.1201,326154.82074245
UNI/USD,2026-04-09,3.12043,3.21854,3.04833,3.10714,175674.8599583
UNI/USD,2026-04-10,3.10862,3.198,3.08977,3.1668,202870.86425828
UNI/USD,2026-04-11,3.16155,3.22134,3.11621,3.15178,96831.71882682
UNI/USD,2026-04-12,3.15041,3.15486,3.00585,3.02021,162506.55410983
UNI/USD,2026-04-13,3.01954,3.25709,3.00923,3.23838,165914.56310319
UNI/USD,2026-04-14,3.24914,3.2495,3.09446,3.12948,156941.81347091
UNI/USD,2026-04-15,3.14619,3.26214,3.12275,3.22338,125831.22229263
UNI/USD,2026-04-16,3.21956,3.4669,3.19936,3.42699,173266.59991354
UNI/USD,2026-04-17,3.42982,3.58339,3.32864,3.45548,249753.03690986
UNI/USD,2026-04-18,3.45346,3.47812,3.33209,3.35094,54757.4229769
UNI/USD,2026-04-19,3.35618,3.35976,3.20811,3.2342,63560.14886365
UNI/USD,2026-04-20,3.23119,3.33505,3.19751,3.23476,313993.73244074
UNI/USD,2026-04-21,3.23442,3.29572,3.19182,3.27358,148964.05007375
UNI/USD,2026-04-22,3.2746,3.43934,3.26064,3.31853,134178.63302052
UNI/USD,2026-04-23,3.32107,3.3287,3.21197,3.29543,122897.56791499
UNI/USD,2026-04-24,3.29545,3.31181,3.2231,3.25189,129623.20804706
UNI/USD,2026-04-25,3.26197,3.27995,3.22902,3.2588,41763.59567247
UNI/USD,2026-04-26,3.25526,3.30862,3.23223,3.28414,59253.57010656
UNI/USD,2026-04-27,3.29019,3.36139,3.17789,3.24745,189035.17342838
UNI/USD,2026-04-28,3.24962,3.27442,3.19431,3.24047,94709.87578191
UNI/USD,2026-04-29,3.24001,3.32562,3.10472,3.19114,171207.03947252
UNI/USD,2026-04-30,3.19389,3.22324,3.14931,3.1865,103976.50299245
UNI/USD,2026-05-01,3.18716,3.27058,3.18716,3.20361,40778.56240406
UNI/USD,2026-05-02,3.20592,3.27916,3.19355,3.25481,57777.0605044
UNI/USD,2026-05-03,3.26113,3.273,3.20701,3.23455,52337.49116793
UNI/USD,2026-05-04,3.22879,3.45079,3.21144,3.27334,368582.99087471
UNI/USD,2026-05-05,3.27263,3.3969,3.27263,3.35823,106182.55071103
UNI/USD,2026-05-06,3.35918,3.55007,3.34157,3.47403,210516.81922491
UNI/USD,2026-05-07,3.47227,3.50556,3.38022,3.43413,163772.58247038
UNI/USD,2026-05-08,3.43628,3.73205,3.38943,3.70934,323746.90542778
UNI/USD,2026-05-09,3.71198,3.82367,3.61889,3.80824,218082.28629959
UNI/USD,2026-05-10,3.80671,4.16754,3.69322,3.99185,554226.78611462
UNI/USD,2026-05-11,3.99473,4.00464,3.81737,3.89526,297897.17550594
UNI/USD,2026-05-12,3.89647,3.90399,3.68851,3.76383,310867.28780039
UNI/USD,2026-05-13,3.76576,3.84344,3.579,3.62365,287273.62445979
UNI/USD,2026-05-14,3.62495,3.81628,3.56287,3.7312,336257.20982167
UNI/USD,2026-05-15,3.73629,3.75642,3.52343,3.60338,293691.37991809
UNI/USD,2026-05-16,3.61882,3.61882,3.46068,3.48409,133690.47700715
UNI/USD,2026-05-17,3.48578,3.60943,3.3848,3.47305,161937.02391466
UNI/USD,2026-05-18,3.46189,3.54798,3.3551,3.54026,279581.08765609
UNI/USD,2026-05-19,3.54545,3.58261,3.43461,3.44555,110654.01541471
UNI/USD,2026-05-20,3.44766,3.66036,3.42506,3.61637,785638.534011
UNI/USD,2026-05-21,3.61241,3.68209,3.52637,3.60421,486279.70700474
UNI/USD,2026-05-22,3.60334,3.6728,3.37638,3.39768,577966.91904414
UNI/USD,2026-05-23,3.39454,3.55965,3.2658,3.45472,119489.49162872
UNI/USD,2026-05-24,3.45668,3.46874,3.32552,3.3903,41556.51189109
UNI/USD,2026-05-25,3.39022,3.43631,3.30784,3.32638,119040.68399669
UNI/USD,2026-05-26,3.32947,3.3813,3.22431,3.24539,115820.34043858
UNI/USD,2026-05-27,3.25165,3.31371,3.06305,3.08982,164591.93119366
UNI/USD,2026-05-28,3.08592,3.11188,2.97345,3.04939,276326.9636557
UNI/USD,2026-05-29,3.05279,3.07336,2.9783,3.02374,76978.68616191
SOL/USD,2025-01-15,187.6121,206.0146,185.87,206.0146,33397.28
SOL/USD,2025-01-16,206.025,216.8604,198.4148,211.437,49355.29
SOL/USD,2025-01-17,211.1001,222.0,210.0,219.7665,47115.59
SOL/USD,2025-01-18,219.5999,270.345,217.4957,261.6422,211827.43
SOL/USD,2025-01-19,261.8117,295.0,237.208,252.1849,362476.04
SOL/USD,2025-01-20,252.3848,272.664,229.29,241.6926,201096.34
SOL/USD,2025-01-21,241.7911,260.0099,230.1866,250.7139,69908.06
SOL/USD,2025-01-22,250.0776,271.7562,248.5,257.4942,77717.69
SOL/USD,2025-01-23,257.2481,258.3482,242.0961,253.784,69376.01
SOL/USD,2025-01-24,253.3384,270.144,247.25,253.3291,56214.86
SOL/USD,2025-01-25,253.2318,260.6034,246.3818,255.9918,44698.86
SOL/USD,2025-01-26,256.4381,259.8255,240.1462,240.6336,26970.91
SOL/USD,2025-01-27,240.1544,242.5874,221.0,235.1725,96783.14
SOL/USD,2025-01-28,234.9014,244.2165,225.0,226.9994,101245.27
SOL/USD,2025-01-29,226.9199,238.3699,222.6069,227.8563,83435.98
SOL/USD,2025-01-30,228.16,244.7173,226.9131,238.48,47891.45
SOL/USD,2025-01-31,238.3389,241.7788,228.1495,231.8044,63041.96
SOL/USD,2025-02-01,231.6899,234.1063,212.7022,212.9604,40683.41
SOL/USD,2025-02-02,212.7363,218.6594,192.3351,203.3786,138136.39
SOL/USD,2025-02-03,203.4688,218.8616,176.0,216.4448,245205.91
SOL/USD,2025-02-04,216.5755,220.1021,202.25,206.6617,119325.71
SOL/USD,2025-02-05,206.8128,209.412,195.2356,196.2151,71250.51
SOL/USD,2025-02-06,196.1112,203.958,187.7204,189.5292,147251.45
SOL/USD,2025-02-07,189.5599,203.6159,188.2273,192.13,68590.28
SOL/USD,2025-02-08,192.0681,200.9387,189.9295,199.4046,90295.29
SOL/USD,2025-02-09,199.4103,207.396,193.5924,200.4854,173950.61
SOL/USD,2025-02-10,200.4988,209.1591,196.0014,200.5192,48942.22
SOL/USD,2025-02-11,200.5226,206.1487,195.112,197.9658,78901.31
SOL/USD,2025-02-12,197.8394,198.5069,188.6579,196.6553,108073.64
SOL/USD,2025-02-13,196.8965,198.4163,189.0,194.2939,83903.35
SOL/USD,2025-02-14,194.2944,205.3578,194.1746,199.5085,147605.4
SOL/USD,2025-02-15,199.3839,200.3092,192.6924,194.578,37775.69
SOL/USD,2025-02-16,194.5056,196.2262,186.502,188.4841,43429.9
SOL/USD,2025-02-17,188.28,189.6937,174.6902,177.5093,91946.9
SOL/USD,2025-02-18,177.3462,179.0682,160.8533,169.2487,195112.28
SOL/USD,2025-02-19,169.2484,174.1686,163.8497,168.9146,111220.53
SOL/USD,2025-02-20,168.9147,176.6499,167.8213,176.0855,100503.06
SOL/USD,2025-02-21,176.0495,180.5538,167.0197,168.8,83560.16
SOL/USD,2025-02-22,168.84,174.5439,168.0328,172.0994,38140.28
SOL/USD,2025-02-23,172.08,173.0627,166.5259,167.9496,15435.43
SOL/USD,2025-02-24,167.9645,169.5901,137.77,141.8272,193542.26
SOL/USD,2025-02-25,141.78,146.9665,131.8877,144.1476,204700.93
SOL/USD,2025-02-26,144.1743,144.9828,130.5337,134.7387,165864.53
SOL/USD,2025-02-27,135.3748,142.5884,134.5506,137.5505,68125.53
SOL/USD,2025-02-28,137.5694,148.46,125.5692,148.0646,163058.21
SOL/USD,2025-03-01,147.7957,151.2359,138.4778,143.5607,116475.24
SOL/USD,2025-03-02,143.625,179.8949,139.9592,178.7047,361747.05
SOL/USD,2025-03-03,178.7047,179.4054,139.2601,141.8512,365142.32
SOL/USD,2025-03-04,141.6998,146.8693,131.0,144.7813,200060.96
SOL/USD,2025-03-05,144.7596,149.7131,140.22,146.3084,249534.34
SOL/USD,2025-03-06,146.2751,151.7807,142.466,143.31,72372.62838
SOL/USD,2025-03-07,143.308,150.766,135.06,139.338,157162.44681
SOL/USD,2025-03-08,139.321,141.0,135.264,136.899,40942.04992
SOL/USD,2025-03-09,136.859,139.822,125.55,126.442,63671.55538
SOL/USD,2025-03-10,126.511,131.501,115.469,118.119,185366.03866
SOL/USD,2025-03-11,118.32,128.337,112.007,125.239,157247.70909
SOL/USD,2025-03-12,125.326,131.222,121.311,126.605,74077.71243
SOL/USD,2025-03-13,126.574,128.5,120.739,123.294,49992.52415
SOL/USD,2025-03-14,123.3,135.924,122.959,133.518,85595.9901
SOL/USD,2025-03-15,133.611,136.541,132.414,135.886,38345.54563
SOL/USD,2025-03-16,135.952,136.681,125.201,125.922,33453.92839
SOL/USD,2025-03-17,126.042,130.615,125.558,128.081,62098.91819
SOL/USD,2025-03-18,128.062,128.179,121.817,125.339,71717.92993
SOL/USD,2025-03-19,125.293,136.084,124.247,135.385,84209.5422
SOL/USD,2025-03-20,135.39,136.013,126.635,127.454,62443.62153
SOL/USD,2025-03-21,127.504,130.094,124.844,128.529,72585.68924
SOL/USD,2025-03-22,128.497,131.801,127.773,128.479,22778.80416
SOL/USD,2025-03-23,128.365,134.064,128.341,132.86,42368.62706
SOL/USD,2025-03-24,132.747,144.998,132.068,141.054,149580.61791
SOL/USD,2025-03-25,140.987,147.495,138.207,143.915,84990.06765
SOL/USD,2025-03-26,143.635,145.481,135.887,137.374,95330.25397
SOL/USD,2025-03-27,137.405,140.228,135.555,138.408,106839.41909
SOL/USD,2025-03-28,138.401,139.007,127.637,129.424,181658.21195
SOL/USD,2025-03-29,129.394,130.42,122.706,124.507,35449.72119
SOL/USD,2025-03-30,124.546,126.707,123.014,124.631,13485.75636
SOL/USD,2025-03-31,124.9,127.79,122.879,124.516,53678.337
SOL/USD,2025-04-01,124.534,130.217,123.785,126.684,97134.41548
SOL/USD,2025-04-02,126.609,136.177,117.214,117.398,115161.31551
SOL/USD,2025-04-03,117.202,120.897,112.227,117.059,108643.37626
SOL/USD,2025-04-04,117.183,123.921,113.28,122.731,78086.50612
SOL/USD,2025-04-05,122.751,122.803,116.536,120.274,87734.95126
SOL/USD,2025-04-06,120.262,121.026,103.805,105.859,123697.84276
SOL/USD,2025-04-07,105.82,112.712,95.345,106.897,191834.87229
SOL/USD,2025-04-08,106.93,112.509,102.986,105.365,235809.2662
SOL/USD,2025-04-09,105.37,120.915,101.228,119.072,158857.28467
SOL/USD,2025-04-10,119.166,119.189,108.39,112.766,147768.3182
SOL/USD,2025-04-11,112.685,122.596,112.124,121.345,65697.47512
SOL/USD,2025-04-12,121.352,134.046,119.441,132.259,107190.37988
SOL/USD,2025-04-13,132.258,133.916,125.3,128.269,65989.64433
SOL/USD,2025-04-14,128.36,135.977,128.0,129.366,96940.18651
SOL/USD,2025-04-15,129.411,134.419,125.878,126.102,96696.05057
SOL/USD,2025-04-16,126.102,133.828,123.555,131.319,133470.90858
SOL/USD,2025-04-17,131.316,136.158,129.52,134.845,112552.40134
SOL/USD,2025-04-18,134.845,135.969,132.545,134.117,65851.62434
SOL/USD,2025-04-19,134.115,140.538,133.598,139.87,264676.1264
SOL/USD,2025-04-20,139.871,141.958,135.678,137.871,280250.81357
SOL/USD,2025-04-21,137.943,143.066,133.865,136.563,90663.56509
SOL/USD,2025-04-22,136.651,150.242,134.717,148.807,120106.50143
SOL/USD,2025-04-23,148.887,154.33,147.206,151.2,141370.42039
SOL/USD,2025-04-24,151.199,152.918,145.292,152.499,94919.30355
SOL/USD,2025-04-25,152.609,157.0,150.025,150.941,172989.97468
SOL/USD,2025-04-26,150.908,153.22,147.9,149.252,63407.68153
SOL/USD,2025-04-27,149.28,150.364,145.597,148.052,50732.91162
SOL/USD,2025-04-28,148.029,153.407,144.732,147.778,125177.67561
SOL/USD,2025-04-29,147.889,150.36,145.035,146.36,87615.85659
SOL/USD,2025-04-30,146.304,148.639,140.488,147.541,83345.24856
SOL/USD,2025-05-01,147.568,154.022,147.568,150.913,63940.08161
SOL/USD,2025-05-02,150.896,151.919,147.264,148.098,69321.16906
SOL/USD,2025-05-03,148.096,149.051,145.912,146.755,32296.60712
SOL/USD,2025-05-04,146.748,147.741,143.721,144.018,16509.92366
SOL/USD,2025-05-05,143.971,147.765,142.59,146.623,83785.62912
SOL/USD,2025-05-06,146.693,147.195,141.499,146.852,46557.18246
SOL/USD,2025-05-07,146.923,149.545,144.683,147.348,71967.42942
SOL/USD,2025-05-08,147.382,164.28,147.164,164.28,140754.39321
SOL/USD,2025-05-09,164.41,176.108,161.069,172.801,76036.64036
SOL/USD,2025-05-10,172.791,178.6,168.822,177.975,37249.13351
SOL/USD,2025-05-11,177.98,180.181,169.379,173.261,48353.98131
SOL/USD,2025-05-12,173.256,181.48,168.5,174.233,148833.85496
SOL/USD,2025-05-13,174.221,184.785,166.17,183.813,108862.0504
SOL/USD,2025-05-14,183.795,184.801,173.195,176.643,55896.47528
SOL/USD,2025-05-15,176.68,178.38,166.8,169.046,87170.68797
SOL/USD,2025-05-16,168.988,174.203,166.456,167.513,41967.07456
SOL/USD,2025-05-17,167.472,169.952,164.181,166.011,40264.64517
SOL/USD,2025-05-18,166.079,176.749,164.94,173.37,43950.03683
SOL/USD,2025-05-19,173.325,173.93,159.462,166.824,78304.26346
SOL/USD,2025-05-20,166.952,173.107,164.618,168.673,43320.6459
SOL/USD,2025-05-21,168.715,176.0,165.794,173.658,62720.643
SOL/USD,2025-05-22,173.684,180.789,172.678,179.788,53712.31663
SOL/USD,2025-05-23,179.733,187.689,173.392,173.825,168247.61442
SOL/USD,2025-05-24,174.191,178.366,172.679,176.016,37498.43236
SOL/USD,2025-05-25,176.134,176.938,169.245,175.719,40981.37284
SOL/USD,2025-05-26,175.875,179.15,173.586,175.003,38795.31204
SOL/USD,2025-05-27,174.984,179.431,171.315,176.839,53148.27551
SOL/USD,2025-05-28,176.797,177.465,168.969,172.294,39957.54034
SOL/USD,2025-05-29,172.306,175.373,166.001,166.746,70154.34635
SOL/USD,2025-05-30,166.701,167.477,155.45,156.269,62928.90876
SOL/USD,2025-05-31,156.226,158.039,152.241,156.498,53576.33478
SOL/USD,2025-06-01,156.556,157.964,150.76,157.763,44855.00292
SOL/USD,2025-06-02,157.791,159.0,151.697,156.905,57538.6578
SOL/USD,2025-06-03,156.913,163.715,154.27,155.309,61879.32249
SOL/USD,2025-06-04,155.303,158.053,153.034,153.323,46571.58032
SOL/USD,2025-06-05,153.395,154.643,141.52,144.356,133573.16941
SOL/USD,2025-06-06,144.452,152.522,144.354,147.928,50073.17046
SOL/USD,2025-06-07,147.868,152.928,147.07,150.141,26729.69755
SOL/USD,2025-06-08,150.143,155.266,147.91,152.556,23560.59905
SOL/USD,2025-06-09,152.509,161.753,149.677,161.22,51679.54814
SOL/USD,2025-06-10,161.203,165.705,156.401,165.096,65530.10243
SOL/USD,2025-06-11,165.049,168.345,159.259,161.107,63980.71119
SOL/USD,2025-06-12,161.008,161.308,152.1,152.384,107834.35304
SOL/USD,2025-06-13,152.26,152.656,141.025,148.672,114686.25977
SOL/USD,2025-06-14,148.671,148.749,142.075,144.726,61158.734
SOL/USD,2025-06-15,144.784,153.533,144.327,152.97,49857.00304
SOL/USD,2025-06-16,152.979,158.782,150.412,150.762,142327.44641
SOL/USD,2025-06-17,150.759,154.279,145.653,147.582,58598.97258
SOL/USD,2025-06-18,147.6,149.287,143.717,146.408,52839.49714
SOL/USD,2025-06-19,146.408,147.928,142.982,147.067,34703.80053
SOL/USD,2025-06-20,147.128,148.773,135.757,140.106,85585.5243
SOL/USD,2025-06-21,140.132,142.66,131.0,135.497,73063.28738
SOL/USD,2025-06-22,135.488,137.666,126.084,131.79,77751.85698
SOL/USD,2025-06-23,131.761,147.011,130.75,144.633,78334.76088
SOL/USD,2025-06-24,144.685,146.86,142.437,145.98,87726.1629
SOL/USD,2025-06-25,145.979,147.997,142.411,143.654,67856.29205
SOL/USD,2025-06-26,143.646,148.0,138.705,139.139,62941.58612
SOL/USD,2025-06-27,139.116,144.89,137.211,142.161,74451.26317
SOL/USD,2025-06-28,142.185,152.735,141.237,150.782,64237.69006
SOL/USD,2025-06-29,150.781,154.753,149.455,153.342,44364.94664
SOL/USD,2025-06-30,153.352,159.982,149.507,154.875,115930.37559
SOL/USD,2025-07-01,154.864,155.606,144.918,146.949,73025.6334
SOL/USD,2025-07-02,146.855,154.512,145.892,152.347,95924.74726
SOL/USD,2025-07-03,152.38,156.43,149.989,152.386,63064.83685
SOL/USD,2025-07-04,152.43,153.849,145.281,147.724,70987.4488
SOL/USD,2025-07-05,147.743,148.687,145.975,147.61,22846.16267
SOL/USD,2025-07-06,147.653,153.839,146.827,151.914,53800.2599
SOL/USD,2025-07-07,151.893,153.425,147.744,148.914,102300.18837
SOL/USD,2025-07-08,148.825,152.866,147.868,151.722,58806.53908
SOL/USD,2025-07-09,151.726,157.972,150.568,157.062,119335.9492
SOL/USD,2025-07-10,157.062,165.411,155.759,164.338,102447.98668
SOL/USD,2025-07-11,164.352,168.184,159.668,162.988,106045.32998
SOL/USD,2025-07-12,162.944,163.982,157.813,160.763,52677.87378
SOL/USD,2025-07-13,160.801,164.178,159.683,161.247,65137.23769
SOL/USD,2025-07-14,161.149,168.635,160.739,162.257,88836.83522
SOL/USD,2025-07-15,162.216,164.204,157.21,164.029,96430.44578
SOL/USD,2025-07-16,164.099,176.049,161.546,173.717,130377.1796
SOL/USD,2025-07-17,173.694,178.246,168.802,175.992,164314.5538
SOL/USD,2025-07-18,176.039,184.758,173.385,177.361,128771.29918
SOL/USD,2025-07-19,177.407,178.632,174.153,177.091,96861.51375
SOL/USD,2025-07-20,177.052,183.715,176.501,181.559,123876.68252
SOL/USD,2025-07-21,181.512,199.44,178.39,195.735,249883.34193
SOL/USD,2025-07-22,195.874,206.371,193.902,205.788,195927.62507
SOL/USD,2025-07-23,205.789,205.807,184.068,189.444,120266.45914
SOL/USD,2025-07-24,189.293,191.971,179.407,182.947,110176.45626
SOL/USD,2025-07-25,182.765,186.89,175.815,186.803,128332.32422
SOL/USD,2025-07-26,186.803,189.784,184.455,184.899,143803.75392
SOL/USD,2025-07-27,184.903,190.765,184.634,188.679,108092.86322
SOL/USD,2025-07-28,188.686,195.309,182.184,183.052,134725.93652
SOL/USD,2025-07-29,183.001,186.6,178.302,181.467,79171.39036
SOL/USD,2025-07-30,181.465,182.514,170.281,177.74,74848.86044
SOL/USD,2025-07-31,177.769,182.64,171.469,172.234,76129.39705
SOL/USD,2025-08-01,172.195,172.221,159.181,162.649,131476.85804
SOL/USD,2025-08-02,162.65,165.227,155.785,158.472,84656.45835
SOL/USD,2025-08-03,158.458,163.169,156.293,161.993,45254.27033
SOL/USD,2025-08-04,162.075,169.838,161.263,169.558,87691.41038
SOL/USD,2025-08-05,169.576,171.693,161.295,164.089,56889.29503
SOL/USD,2025-08-06,164.065,169.95,161.241,168.147,52830.1769
SOL/USD,2025-08-07,168.132,175.553,166.73,175.408,56175.11813
SOL/USD,2025-08-08,175.403,179.659,173.547,176.784,105516.13949
SOL/USD,2025-08-09,176.919,183.456,176.675,180.005,72859.77467
SOL/USD,2025-08-10,179.989,186.157,177.534,182.706,83639.45567
SOL/USD,2025-08-11,182.728,186.777,173.467,174.861,116565.33687
SOL/USD,2025-08-12,174.88,193.75,173.645,191.692,171129.91167
SOL/USD,2025-08-13,191.723,204.912,191.425,201.562,229290.94282
SOL/USD,2025-08-14,201.524,209.903,186.926,192.615,237293.59337
SOL/USD,2025-08-15,192.613,198.216,183.482,185.858,169115.86309
SOL/USD,2025-08-16,185.793,190.134,185.334,189.721,111270.71624
SOL/USD,2025-08-17,189.697,195.947,187.522,191.184,103287.29782
SOL/USD,2025-08-18,191.125,191.434,180.09,182.976,169557.33843
SOL/USD,2025-08-19,182.93,185.862,175.699,176.207,167247.60552
SOL/USD,2025-08-20,176.207,188.018,176.084,187.972,139448.7786
SOL/USD,2025-08-21,187.831,190.103,179.405,180.266,109698.12409
SOL/USD,2025-08-22,180.25,202.306,177.249,200.593,150689.94114
SOL/USD,2025-08-23,200.598,208.319,195.209,204.081,274255.51858
SOL/USD,2025-08-24,204.081,211.982,201.032,206.001,275500.71055
SOL/USD,2025-08-25,205.961,213.619,185.513,187.222,317953.61777
SOL/USD,2025-08-26,187.12,198.097,185.63,195.864,136727.24524
SOL/USD,2025-08-27,195.872,212.07,193.799,202.941,297799.73067
SOL/USD,2025-08-28,202.943,216.919,201.712,214.437,265580.17006
SOL/USD,2025-08-29,214.426,217.961,199.927,205.119,295090.86018
SOL/USD,2025-08-30,205.131,207.046,197.611,202.726,105996.37224
SOL/USD,2025-08-31,202.737,206.667,200.34,200.688,108179.69402
SOL/USD,2025-09-01,200.623,204.591,194.114,197.31,144158.08462
SOL/USD,2025-09-02,197.335,209.713,196.764,209.645,255523.5154
SOL/USD,2025-09-03,209.645,213.019,207.442,210.838,185003.99705
SOL/USD,2025-09-04,210.837,212.011,201.851,202.355,196929.13939
SOL/USD,2025-09-05,202.352,210.03,201.011,203.379,181777.99964
SOL/USD,2025-09-06,203.381,204.662,199.292,200.174,182822.32799
SOL/USD,2025-09-07,200.18,207.947,200.153,206.398,199006.78858
SOL/USD,2025-09-08,206.345,217.126,205.585,214.099,455619.94437
SOL/USD,2025-09-09,214.111,219.725,210.89,217.215,247604.63098
SOL/USD,2025-09-10,217.215,225.98,215.102,224.14,313884.77295
SOL/USD,2025-09-11,224.132,229.0,221.774,228.828,205191.16126
SOL/USD,2025-09-12,228.828,244.2,228.207,242.32,551630.79895
SOL/USD,2025-09-13,242.323,244.281,235.737,242.447,258319.04791
SOL/USD,2025-09-14,242.446,250.05,239.365,239.912,386038.61282
SOL/USD,2025-09-15,239.85,244.051,230.182,234.396,416007.02202
SOL/USD,2025-09-16,234.296,240.982,231.34,236.956,411746.95549
SOL/USD,2025-09-17,236.956,246.719,232.258,244.918,467372.01339
SOL/USD,2025-09-18,244.903,253.509,242.649,247.598,340385.91225
SOL/USD,2025-09-19,247.597,248.634,235.24,238.636,243761.16816
SOL/USD,2025-09-20,238.595,241.323,237.026,239.589,92712.12143
SOL/USD,2025-09-21,239.585,241.917,235.448,236.29,81052.34123
SOL/USD,2025-09-22,236.266,237.062,214.05,220.519,475225.33129
SOL/USD,2025-09-23,220.509,221.815,212.538,213.274,284630.9002
SOL/USD,2025-09-24,213.274,216.481,205.0,211.686,391831.68206
SOL/USD,2025-09-25,211.665,212.491,191.3,192.825,505100.24479
SOL/USD,2025-09-26,192.805,205.585,190.878,205.28,585909.9492
SOL/USD,2025-09-27,205.158,205.532,200.003,203.538,125524.65923
SOL/USD,2025-09-28,203.539,211.019,198.073,210.955,173990.5152
SOL/USD,2025-09-29,210.904,214.827,204.757,212.885,245161.22885
SOL/USD,2025-09-30,212.835,213.798,204.308,208.739,271700.40766
SOL/USD,2025-10-01,208.731,222.847,206.428,222.154,309311.5583
SOL/USD,2025-10-02,222.181,235.051,219.672,234.906,317557.40942
SOL/USD,2025-10-03,234.903,237.142,227.414,232.944,268264.15298
SOL/USD,2025-10-04,232.969,234.156,224.301,227.994,113782.29013
SOL/USD,2025-10-05,227.944,237.184,226.628,228.673,168034.42595
SOL/USD,2025-10-06,228.673,237.899,227.661,232.494,272075.15316
SOL/USD,2025-10-07,232.45,235.292,219.812,220.099,401081.90669
SOL/USD,2025-10-08,219.989,229.734,217.516,229.059,343591.51726
SOL/USD,2025-10-09,229.064,229.644,216.788,221.042,267156.99571
SOL/USD,2025-10-10,221.043,225.0,160.005,188.61,325016.75809
SOL/USD,2025-10-11,188.65,191.224,172.77,177.772,423412.97171
SOL/USD,2025-10-12,177.836,199.114,173.214,197.228,433614.57325
SOL/USD,2025-10-13,197.379,209.448,190.0,208.883,288568.60176
SOL/USD,2025-10-14,208.882,211.468,191.31,202.564,562769.09746
SOL/USD,2025-10-15,202.535,208.875,192.225,193.91,261138.69585
SOL/USD,2025-10-16,193.946,198.48,182.082,184.885,308563.96634
SOL/USD,2025-10-17,184.809,187.548,174.12,181.996,391561.11123
SOL/USD,2025-10-18,181.996,188.346,181.848,187.623,152374.082
SOL/USD,2025-10-19,187.592,192.324,183.241,187.946,155721.5487
SOL/USD,2025-10-20,187.93,194.555,183.887,189.778,227041.66581
SOL/USD,2025-10-21,189.777,197.798,182.793,185.733,309554.01155
SOL/USD,2025-10-22,185.686,187.452,177.17,180.151,262899.87047
SOL/USD,2025-10-23,180.137,193.512,179.713,191.421,228283.09342
SOL/USD,2025-10-24,191.437,196.58,188.851,193.643,188273.97289
SOL/USD,2025-10-25,193.538,195.272,191.317,193.931,65843.52782
SOL/USD,2025-10-26,193.912,202.444,191.968,200.059,99838.14916
SOL/USD,2025-10-27,200.045,205.244,197.379,198.676,175076.60561
SOL/USD,2025-10-28,198.672,203.946,190.403,194.22,209566.13893
SOL/USD,2025-10-29,194.123,201.704,189.408,193.965,181181.27999
SOL/USD,2025-10-30,193.821,198.18,178.66,184.7,275624.46179
SOL/USD,2025-10-31,184.65,190.141,183.687,187.128,147738.04411
SOL/USD,2025-11-01,187.128,187.403,183.764,186.282,67465.42912
SOL/USD,2025-11-02,186.26,188.228,182.083,187.706,80652.35595
SOL/USD,2025-11-03,187.682,189.04,163.219,166.019,327390.84457
SOL/USD,2025-11-04,166.008,168.335,145.789,154.99,477512.79129
SOL/USD,2025-11-05,154.988,163.98,147.234,162.406,280626.53188
SOL/USD,2025-11-06,162.299,162.912,153.384,155.204,151110.71969
SOL/USD,2025-11-07,155.2,164.392,149.821,161.718,216641.03064
SOL/USD,2025-11-08,161.718,164.813,155.742,157.922,112508.23319
SOL/USD,2025-11-09,157.968,166.525,155.148,164.528,165100.25491
SOL/USD,2025-11-10,164.46,170.425,163.429,167.246,177041.88579
SOL/USD,2025-11-11,167.311,171.89,153.857,154.535,236852.84287
SOL/USD,2025-11-12,154.54,161.083,151.177,153.35,235504.71223
SOL/USD,2025-11-13,153.373,157.18,141.0,144.64,307396.42705
SOL/USD,2025-11-14,144.641,145.58,135.685,138.813,382726.19664
SOL/USD,2025-11-15,138.808,144.544,138.505,139.515,129120.50779
SOL/USD,2025-11-16,139.537,143.219,134.365,137.017,181566.55429
SOL/USD,2025-11-17,137.072,142.974,128.653,130.819,267594.56963
SOL/USD,2025-11-18,130.871,142.032,128.878,140.62,358038.8944
SOL/USD,2025-11-19,140.591,142.72,130.43,136.922,286271.81688
SOL/USD,2025-11-20,136.921,144.618,131.01,133.534,400675.07547
SOL/USD,2025-11-21,133.489,134.906,121.524,128.588,464324.02262
SOL/USD,2025-11-22,128.615,129.821,125.08,127.53,105133.75597
SOL/USD,2025-11-23,127.519,133.438,127.483,130.525,208630.76758
SOL/USD,2025-11-24,130.522,139.814,128.381,138.394,283532.21571
SOL/USD,2025-11-25,138.382,140.437,133.103,138.904,224527.75969
SOL/USD,2025-11-26,138.923,144.704,135.442,143.028,278677.00867
SOL/USD,2025-11-27,142.987,144.224,140.473,140.841,161422.38671
SOL/USD,2025-11-28,140.865,143.583,136.043,137.345,253068.98387
SOL/USD,2025-11-29,137.355,138.068,134.122,135.955,165147.62404
SOL/USD,2025-11-30,135.977,140.128,133.277,133.504,168529.76285
SOL/USD,2025-12-01,133.48,133.722,123.102,126.635,494266.63385
SOL/USD,2025-12-02,126.634,140.877,125.991,138.659,373572.48027
SOL/USD,2025-12-03,138.69,146.086,137.811,144.746,273359.04564
SOL/USD,2025-12-04,144.715,146.926,137.845,139.039,186821.84329
SOL/USD,2025-12-05,139.007,140.751,130.868,133.325,200392.61824
SOL/USD,2025-12-06,133.292,134.136,131.34,132.214,111282.34565
SOL/USD,2025-12-07,132.214,136.363,127.139,132.257,262183.12541
SOL/USD,2025-12-08,132.248,139.352,131.567,133.233,193608.63329
SOL/USD,2025-12-09,133.265,144.903,131.673,137.913,238852.43635
SOL/USD,2025-12-10,137.882,142.625,135.436,136.295,233074.03631
SOL/USD,2025-12-11,136.286,137.795,129.1,136.405,297075.74831
SOL/USD,2025-12-12,136.431,140.148,130.361,132.254,220600.50262
SOL/USD,2025-12-13,132.327,134.274,131.669,133.174,82834.5121
SOL/USD,2025-12-14,133.105,133.703,127.859,129.365,195056.87567
SOL/USD,2025-12-15,129.336,135.413,123.65,127.784,189772.16875
SOL/USD,2025-12-16,127.777,130.071,124.941,129.118,224545.79082
SOL/USD,2025-12-17,129.14,133.935,121.337,123.15,242236.58399
SOL/USD,2025-12-18,123.206,128.944,116.858,119.526,315563.316
SOL/USD,2025-12-19,119.545,127.778,117.565,126.178,277521.21478
SOL/USD,2025-12-20,126.196,126.816,125.242,125.784,60190.48183
SOL/USD,2025-12-21,125.762,126.603,123.38,125.991,87122.92082
SOL/USD,2025-12-22,125.991,128.688,124.174,125.805,164398.97187
SOL/USD,2025-12-23,125.816,126.795,122.143,123.919,132094.9209
SOL/USD,2025-12-24,123.961,124.19,120.535,122.422,87733.83378
SOL/USD,2025-12-25,122.414,124.344,119.7,119.998,83913.91963
SOL/USD,2025-12-26,119.974,125.032,119.196,122.18,171595.01419
SOL/USD,2025-12-27,122.166,124.993,121.799,124.621,63082.35327
SOL/USD,2025-12-28,124.644,125.54,122.979,125.153,70960.78642
SOL/USD,2025-12-29,125.284,129.946,122.226,123.146,222038.42707
SOL/USD,2025-12-30,123.054,126.392,122.404,124.867,132925.18199
SOL/USD,2025-12-31,124.867,127.224,123.236,124.437,177061.84167
SOL/USD,2026-01-01,124.438,127.07,123.931,126.724,88953.07404
SOL/USD,2026-01-02,126.723,133.144,125.728,132.253,191266.56948
SOL/USD,2026-01-03,132.252,133.907,129.541,133.314,101715.92397
SOL/USD,2026-01-04,133.312,135.478,133.043,134.036,96933.28993
SOL/USD,2026-01-05,134.037,139.793,133.118,137.885,210014.18004
SOL/USD,2026-01-06,137.883,143.424,136.108,141.008,272117.91562
SOL/USD,2026-01-07,141.008,141.291,134.335,136.257,116943.35979
SOL/USD,2026-01-08,136.257,139.912,132.497,138.242,175063.27626
SOL/USD,2026-01-09,138.236,140.936,134.823,135.787,174175.10543
SOL/USD,2026-01-10,135.783,136.859,135.121,135.666,41110.24502
SOL/USD,2026-01-11,135.666,141.301,135.58,139.441,99151.71555
SOL/USD,2026-01-12,139.469,144.161,138.217,139.043,202033.53959
SOL/USD,2026-01-13,139.041,148.551,137.694,145.364,295634.61987
SOL/USD,2026-01-14,145.402,148.387,143.32,146.657,304161.58313
SOL/USD,2026-01-15,146.69,146.706,140.907,142.337,147235.60431
SOL/USD,2026-01-16,142.35,145.498,140.22,144.815,150758.3081
SOL/USD,2026-01-17,144.824,144.91,143.268,143.763,57023.36823
SOL/USD,2026-01-18,143.634,143.916,137.69,137.799,88252.00722
SOL/USD,2026-01-19,137.814,137.814,129.98,133.356,173345.29549
SOL/USD,2026-01-20,133.348,134.528,124.002,125.649,233938.44506
SOL/USD,2026-01-21,125.655,131.995,125.175,129.426,202489.27598
SOL/USD,2026-01-22,129.483,130.793,126.509,128.331,96829.89554
SOL/USD,2026-01-23,128.334,130.071,125.166,127.274,125409.79656
SOL/USD,2026-01-24,127.286,127.924,126.465,126.994,45434.68651
SOL/USD,2026-01-25,127.011,127.254,117.062,118.732,209246.31165
SOL/USD,2026-01-26,118.718,125.446,118.425,124.082,226930.48147
SOL/USD,2026-01-27,124.092,127.699,122.959,127.014,149653.58803
SOL/USD,2026-01-28,127.08,128.113,124.6,125.155,93616.87959
SOL/USD,2026-01-29,125.159,125.301,115.236,117.639,245391.04192
SOL/USD,2026-01-30,117.644,118.933,112.1,117.415,340352.40574
SOL/USD,2026-01-31,117.442,118.729,96.125,105.439,926800.85604
SOL/USD,2026-02-01,105.446,106.576,97.911,100.629,346322.38333
SOL/USD,2026-02-02,100.758,106.015,95.882,104.405,418207.28893
SOL/USD,2026-02-03,104.446,104.995,96.557,97.717,356024.80716
SOL/USD,2026-02-04,97.741,99.513,89.186,91.92,599674.37847
SOL/USD,2026-02-05,91.905,93.171,77.394,78.21,650162.34636
SOL/USD,2026-02-06,78.194,89.739,66.757,87.369,980810.42071
SOL/USD,2026-02-07,87.38,89.136,84.137,87.633,282294.57495
SOL/USD,2026-02-08,87.533,88.929,85.726,86.927,212614.83291
SOL/USD,2026-02-09,86.926,88.625,82.799,86.709,313385.97366
SOL/USD,2026-02-10,86.743,87.424,81.887,82.902,328534.19028
SOL/USD,2026-02-11,82.934,84.335,77.988,79.256,459126.57105
SOL/USD,2026-02-12,79.248,82.184,76.527,78.297,313046.98921
SOL/USD,2026-02-13,78.321,85.576,77.474,84.29,288774.57378
SOL/USD,2026-02-14,84.29,88.838,84.176,88.005,176650.51251
SOL/USD,2026-02-15,88.025,91.196,84.862,86.111,228341.42803
SOL/USD,2026-02-16,86.073,86.885,82.559,86.4,189835.06617
SOL/USD,2026-02-17,86.401,87.643,82.879,85.035,245186.48249
SOL/USD,2026-02-18,85.047,86.004,80.463,81.566,307953.2441
SOL/USD,2026-02-19,81.586,82.638,79.595,82.457,214502.26188
SOL/USD,2026-02-20,82.436,85.439,81.777,84.636,266668.25102
SOL/USD,2026-02-21,84.636,86.698,83.955,85.178,159190.7519
SOL/USD,2026-02-22,85.147,85.569,82.445,82.752,173606.93833
SOL/USD,2026-02-23,82.752,82.814,77.15,77.882,446188.81651
SOL/USD,2026-02-24,77.901,79.618,75.65,78.958,227549.62057
SOL/USD,2026-02-25,78.991,92.086,78.737,88.047,404992.36844
SOL/USD,2026-02-26,88.049,89.252,84.355,85.905,245822.05337
SOL/USD,2026-02-27,85.902,88.268,80.342,81.854,268320.06463
SOL/USD,2026-02-28,81.84,85.634,77.147,84.363,389817.92342
SOL/USD,2026-03-01,84.366,88.871,81.709,83.596,436972.92693
SOL/USD,2026-03-02,83.611,90.306,82.355,86.623,432910.42791
SOL/USD,2026-03-03,86.604,87.442,82.491,86.98,351397.28888
SOL/USD,2026-03-04,86.977,94.066,84.818,90.973,406962.61349
SOL/USD,2026-03-05,90.887,92.97,87.93,88.784,280866.3642
SOL/USD,2026-03-06,88.795,89.312,83.656,84.684,217414.61237
SOL/USD,2026-03-07,84.697,85.063,82.254,83.228,99968.89678
SOL/USD,2026-03-08,83.238,84.088,80.232,81.602,156561.89126
SOL/USD,2026-03-09,81.553,87.043,81.541,84.955,299508.83063
SOL/USD,2026-03-10,84.908,88.804,84.836,85.883,266292.5327
SOL/USD,2026-03-11,85.877,88.09,84.368,86.581,211332.46414
SOL/USD,2026-03-12,86.647,87.683,84.72,86.851,166169.86942
SOL/USD,2026-03-13,86.839,93.052,86.733,88.186,331593.17301
SOL/USD,2026-03-14,88.146,88.712,86.536,88.051,80969.95622
SOL/USD,2026-03-15,88.058,93.244,87.392,92.322,153230.3598
SOL/USD,2026-03-16,92.338,97.685,91.184,96.195,385735.12369
SOL/USD,2026-03-17,96.192,96.942,93.22,94.64,227838.42833
SOL/USD,2026-03-18,94.627,95.656,88.573,90.097,168927.88705
SOL/USD,2026-03-19,90.077,91.401,87.016,88.887,185147.70802
SOL/USD,2026-03-20,88.918,90.434,88.148,89.839,145247.74515
SOL/USD,2026-03-21,89.84,90.789,87.115,87.561,87998.4498
SOL/USD,2026-03-22,87.554,89.151,85.142,86.205,146781.06211
SOL/USD,2026-03-23,86.223,92.236,85.083,91.437,290431.23922
SOL/USD,2026-03-24,91.408,92.185,88.393,90.762,229878.75044
SOL/USD,2026-03-25,90.764,93.427,90.679,91.677,197944.71686
SOL/USD,2026-03-26,91.674,91.94,85.391,86.465,240953.66322
SOL/USD,2026-03-27,86.449,86.945,81.791,83.072,293420.99766
SOL/USD,2026-03-28,83.047,84.214,81.648,82.039,133820.106
SOL/USD,2026-03-29,82.004,83.158,78.909,81.38,132265.9455
SOL/USD,2026-03-30,81.451,84.927,81.119,82.433,226004.0938
SOL/USD,2026-03-31,82.473,84.5,80.069,83.124,290821.50461
SOL/USD,2026-04-01,83.113,86.603,80.754,81.144,271818.64986
SOL/USD,2026-04-02,81.172,81.754,76.72,78.934,250724.66697
SOL/USD,2026-04-03,78.941,80.858,78.841,80.369,102768.76022
SOL/USD,2026-04-04,80.349,81.58,79.61,80.808,69918.84593
SOL/USD,2026-04-05,80.821,82.072,78.503,81.865,103161.26648
SOL/USD,2026-04-06,81.916,83.16,79.638,80.024,189189.65293
SOL/USD,2026-04-07,79.977,86.999,78.345,85.589,245546.70318
SOL/USD,2026-04-08,85.539,85.882,82.271,82.551,184237.74476
SOL/USD,2026-04-09,82.568,85.961,81.436,83.338,117604.60342
SOL/USD,2026-04-10,83.348,85.654,82.719,84.853,149514.75706
SOL/USD,2026-04-11,84.88,86.273,83.838,84.95,69209.36988
SOL/USD,2026-04-12,84.911,85.017,81.318,81.544,133911.32701
SOL/USD,2026-04-13,81.546,86.821,81.42,86.58,195247.81237
SOL/USD,2026-04-14,86.542,87.692,83.342,83.775,214155.63107
SOL/USD,2026-04-15,83.745,85.841,82.696,84.916,175553.52625
SOL/USD,2026-04-16,84.92,90.471,83.887,89.101,264045.5014
SOL/USD,2026-04-17,89.131,90.779,87.403,88.885,317335.22121
SOL/USD,2026-04-18,88.814,89.192,85.866,86.196,142274.50201
SOL/USD,2026-04-19,86.195,87.13,82.997,83.476,197313.17283
SOL/USD,2026-04-20,83.493,86.232,83.375,85.311,172453.5765
SOL/USD,2026-04-21,85.314,86.902,84.339,86.052,139308.44929
SOL/USD,2026-04-22,86.09,89.358,86.033,86.897,182830.6704
SOL/USD,2026-04-23,86.969,87.165,84.525,86.154,139806.67833
SOL/USD,2026-04-24,86.201,86.97,84.98,86.21,138195.87399
SOL/USD,2026-04-25,86.21,86.83,85.576,86.194,63571.27565
SOL/USD,2026-04-26,86.205,87.333,85.871,86.948,108942.11581
SOL/USD,2026-04-27,86.95,88.113,83.668,84.794,153149.57403
SOL/USD,2026-04-28,84.811,84.915,82.976,84.054,110312.36988
SOL/USD,2026-04-29,84.051,85.536,81.376,83.009,210608.42527
SOL/USD,2026-04-30,83.01,83.967,82.135,83.034,267926.99376
SOL/USD,2026-05-01,83.048,84.839,83.041,83.752,83031.28083
SOL/USD,2026-05-02,83.753,84.964,83.45,84.26,72761.55454
SOL/USD,2026-05-03,84.26,84.956,83.578,83.9,77938.96806
SOL/USD,2026-05-04,83.899,85.871,83.279,84.094,177770.2581
SOL/USD,2026-05-05,84.088,86.977,84.03,86.305,140762.69568
SOL/USD,2026-05-06,86.275,90.029,86.107,89.148,199726.92697
SOL/USD,2026-05-07,89.148,90.43,87.621,88.407,202446.39949
SOL/USD,2026-05-08,88.408,92.781,87.607,92.0,183145.63012
SOL/USD,2026-05-09,92.012,94.135,91.871,93.117,128094.87425
SOL/USD,2026-05-10,93.082,96.875,92.591,96.423,177644.90905
SOL/USD,2026-05-11,96.453,98.369,94.317,97.343,175997.93292
SOL/USD,2026-05-12,97.309,97.653,93.579,94.279,173958.65165
SOL/USD,2026-05-13,94.273,95.952,90.231,91.123,153569.13786
SOL/USD,2026-05-14,91.144,93.643,89.818,92.136,170830.98397
SOL/USD,2026-05-15,92.14,92.632,88.51,89.218,187425.60294
SOL/USD,2026-05-16,89.19,89.378,85.481,86.515,110765.43841
SOL/USD,2026-05-17,86.499,87.237,83.363,85.178,96150.59637
SOL/USD,2026-05-18,85.179,85.745,83.446,85.324,158966.36107
SOL/USD,2026-05-19,85.361,85.873,83.635,84.208,112067.95701
SOL/USD,2026-05-20,84.222,86.98,83.776,86.08,136660.03916
SOL/USD,2026-05-21,86.083,87.9,85.243,87.232,121364.96837
SOL/USD,2026-05-22,87.268,87.745,83.859,84.285,188812.08754
SOL/USD,2026-05-23,84.323,87.339,81.427,85.651,278990.97063
SOL/USD,2026-05-24,85.667,86.848,83.6,85.16,152911.29992
SOL/USD,2026-05-25,85.191,86.418,84.636,84.988,105987.4782
SOL/USD,2026-05-26,84.996,86.031,83.085,83.585,173502.44415
SOL/USD,2026-05-27,83.611,84.664,82.006,82.303,140475.15007
SOL/USD,2026-05-28,82.283,82.894,79.899,82.016,209838.33076
SOL/USD,2026-05-29,82.006,82.524,81.273,82.319,28996.85268
ADA/USD,2025-01-15,1.00102,1.08861,0.98893,1.07589,5096309.75664661
ADA/USD,2025-01-16,1.07566,1.14496,1.02715,1.08822,4153991.88467032
ADA/USD,2025-01-17,1.09303,1.16662,1.08795,1.13336,3001861.33329105
ADA/USD,2025-01-18,1.13366,1.14687,1.025,1.10355,2531327.33266194
ADA/USD,2025-01-19,1.09842,1.1495,0.96497,0.99175,3891201.6442261
ADA/USD,2025-01-20,0.986,1.10061,0.96143,1.00366,1738786.72950889
ADA/USD,2025-01-21,1.00183,1.03965,0.95111,1.00586,2076055.54911652
ADA/USD,2025-01-22,1.00567,1.01895,0.97728,0.983,1284799.50897072
ADA/USD,2025-01-23,0.98061,1.01069,0.95223,0.98691,1559299.13358688
ADA/USD,2025-01-24,0.98691,1.00894,0.96372,0.97175,1457160.21337586
ADA/USD,2025-01-25,0.97061,0.99043,0.9645,0.97592,690971.99902365
ADA/USD,2025-01-26,0.97669,0.9999,0.95228,0.9528,993347.68764313
ADA/USD,2025-01-27,0.951,0.95746,0.85673,0.93169,2653194.25455129
ADA/USD,2025-01-28,0.93727,0.96773,0.90409,0.91588,1824281.39576608
ADA/USD,2025-01-29,0.91767,0.95958,0.90191,0.94259,1259952.11490499
ADA/USD,2025-01-30,0.94086,0.98818,0.93772,0.96079,813142.94475504
ADA/USD,2025-01-31,0.95925,0.98348,0.93463,0.94001,1004253.94024461
ADA/USD,2025-02-01,0.94289,0.95517,0.88849,0.89607,558006.58023438
ADA/USD,2025-02-02,0.89453,0.91101,0.75255,0.80324,2268363.77147731
ADA/USD,2025-02-03,0.80198,0.8234,0.51257,0.81294,8539142.91723
ADA/USD,2025-02-04,0.81355,0.81895,0.71802,0.74333,2547501.29347402
ADA/USD,2025-02-05,0.74243,0.77603,0.72571,0.73274,1748390.71712259
ADA/USD,2025-02-06,0.73137,0.76568,0.69881,0.70577,1380169.25289395
ADA/USD,2025-02-07,0.70593,0.75271,0.69087,0.70566,2138746.23291115
ADA/USD,2025-02-08,0.70649,0.71566,0.68187,0.70155,994882.37848439
ADA/USD,2025-02-09,0.70087,0.71503,0.65082,0.68167,1214187.94235314
ADA/USD,2025-02-10,0.68167,0.72422,0.66422,0.71163,1309529.90838076
ADA/USD,2025-02-11,0.7132,0.8211,0.71294,0.77818,4160487.14119804
ADA/USD,2025-02-12,0.77806,0.80867,0.74705,0.80001,1506117.05890034
ADA/USD,2025-02-13,0.79595,0.83038,0.77027,0.81063,1502895.62798775
ADA/USD,2025-02-14,0.81366,0.82896,0.79024,0.79978,1561253.67814165
ADA/USD,2025-02-15,0.79981,0.81332,0.77518,0.78158,994832.60897824
ADA/USD,2025-02-16,0.78055,0.78829,0.762,0.7719,701331.2802008
ADA/USD,2025-02-17,0.77477,0.82873,0.77477,0.80895,1027433.58773096
ADA/USD,2025-02-18,0.81021,0.81348,0.73611,0.75193,997419.95543389
ADA/USD,2025-02-19,0.75323,0.77597,0.73353,0.77319,1061557.83371951
ADA/USD,2025-02-20,0.77419,0.81125,0.77195,0.80427,985778.46107072
ADA/USD,2025-02-21,0.80456,0.81888,0.75227,0.76112,1551233.52529886
ADA/USD,2025-02-22,0.75828,0.78325,0.75732,0.77548,698702.19739407
ADA/USD,2025-02-23,0.7725,0.78761,0.76021,0.76991,1083223.55529494
ADA/USD,2025-02-24,0.77079,0.77581,0.66855,0.68155,1939078.82109936
ADA/USD,2025-02-25,0.68346,0.6926,0.63,0.68292,2108016.60023515
ADA/USD,2025-02-26,0.68399,0.69401,0.631,0.64504,1002419.11044423
ADA/USD,2025-02-27,0.64671,0.67819,0.627,0.64592,762350.51986811
ADA/USD,2025-02-28,0.64342,0.64394,0.58161,0.63408,1934854.31360793
ADA/USD,2025-03-01,0.63193,0.67551,0.62586,0.65965,774643.59260145
ADA/USD,2025-03-02,0.65895,1.16675,0.64596,1.13547,21050463.72131403
ADA/USD,2025-03-03,1.1359,1.17482,0.82406,0.85618,11589511.55703909
ADA/USD,2025-03-04,0.85652,0.95416,0.75899,0.93843,5661359.71589457
ADA/USD,2025-03-05,0.93487,1.02735,0.91614,0.97395,11602931.67163087
ADA/USD,2025-03-06,0.97613,0.98702,0.88642,0.90633,4676759.1608554
ADA/USD,2025-03-07,0.90912,0.91457,0.80671,0.81844,5932050.70236868
ADA/USD,2025-03-08,0.81564,0.83759,0.79396,0.80435,1347821.94673687
ADA/USD,2025-03-09,0.80365,0.81737,0.70847,0.7216,3221238.13326723
ADA/USD,2025-03-10,0.72057,0.77704,0.658,0.67,2515184.04419817
ADA/USD,2025-03-11,0.671,0.74413,0.64904,0.72223,2747394.99538839
ADA/USD,2025-03-12,0.7238,0.7686,0.71158,0.7361,1573685.69249874
ADA/USD,2025-03-13,0.73356,0.74101,0.68381,0.70223,1469883.29602982
ADA/USD,2025-03-14,0.70112,0.74947,0.6969,0.73777,983007.61806483
ADA/USD,2025-03-15,0.73639,0.75914,0.73322,0.74792,1468859.69045825
ADA/USD,2025-03-16,0.74279,0.74562,0.69584,0.70516,1658305.4147561
ADA/USD,2025-03-17,0.70465,0.73137,0.70354,0.71769,1261392.91516178
ADA/USD,2025-03-18,0.71714,0.71831,0.682,0.70198,1264563.41248732
ADA/USD,2025-03-19,0.7012,0.74643,0.7012,0.74473,3509897.78294076
ADA/USD,2025-03-20,0.74403,0.75437,0.71199,0.71824,2568706.00858874
ADA/USD,2025-03-21,0.71748,0.72605,0.70069,0.70447,915797.79349795
ADA/USD,2025-03-22,0.70695,0.71536,0.69808,0.69938,756244.77609607
ADA/USD,2025-03-23,0.70194,0.71527,0.69213,0.71044,1185275.70330817
ADA/USD,2025-03-24,0.71023,0.7454,0.70679,0.73198,1885538.28697504
ADA/USD,2025-03-25,0.73145,0.76591,0.72135,0.74547,2380511.54196897
ADA/USD,2025-03-26,0.74391,0.7739,0.71965,0.72867,2406393.23311766
ADA/USD,2025-03-27,0.72866,0.74299,0.72132,0.73829,3088672.39305954
ADA/USD,2025-03-28,0.73631,0.74532,0.68961,0.70554,5439787.3106693
ADA/USD,2025-03-29,0.70691,0.71153,0.65894,0.67288,1627736.41403276
ADA/USD,2025-03-30,0.67267,0.68684,0.65137,0.66103,1076797.70420785
ADA/USD,2025-03-31,0.65298,0.66511,0.63,0.66099,1823550.27198053
ADA/USD,2025-04-01,0.66487,0.6933,0.65906,0.67695,1824644.37867704
ADA/USD,2025-04-02,0.67684,0.70656,0.63619,0.64057,3494855.2755091
ADA/USD,2025-04-03,0.63637,0.65715,0.61361,0.65082,2262938.05511045
ADA/USD,2025-04-04,0.6501,0.67129,0.6282,0.66079,1744564.82854974
ADA/USD,2025-04-05,0.66004,0.66672,0.64591,0.65373,1111531.31640027
ADA/USD,2025-04-06,0.65376,0.65445,0.55948,0.57324,7329773.66563883
ADA/USD,2025-04-07,0.57152,0.60275,0.5111,0.58655,5214231.50618505
ADA/USD,2025-04-08,0.58572,0.61865,0.55297,0.55732,4814742.75358385
ADA/USD,2025-04-09,0.55783,0.6458,0.53638,0.63134,6207517.34811969
ADA/USD,2025-04-10,0.63174,0.63336,0.5859,0.61078,6389417.49671303
ADA/USD,2025-04-11,0.60789,0.64381,0.60587,0.62409,3897637.90818228
ADA/USD,2025-04-12,0.62208,0.66693,0.61814,0.65884,2742756.04581717
ADA/USD,2025-04-13,0.66033,0.66874,0.63118,0.63795,1637170.29834445
ADA/USD,2025-04-14,0.637,0.65688,0.62844,0.63531,2862080.42371152
ADA/USD,2025-04-15,0.63423,0.64838,0.60745,0.60941,4191390.76327895
ADA/USD,2025-04-16,0.60864,0.62427,0.59559,0.61079,1978944.45996146
ADA/USD,2025-04-17,0.61084,0.62907,0.60944,0.617,2047184.5663828
ADA/USD,2025-04-18,0.61546,0.63197,0.61063,0.62724,1211682.32405071
ADA/USD,2025-04-19,0.62827,0.63447,0.61914,0.62762,919375.14715885
ADA/USD,2025-04-20,0.6286,0.63431,0.60967,0.61969,1059019.94866571
ADA/USD,2025-04-21,0.62136,0.64975,0.6165,0.6244,2579708.21077815
ADA/USD,2025-04-22,0.6244,0.68476,0.61726,0.67913,4092394.73066333
ADA/USD,2025-04-23,0.68328,0.72039,0.67795,0.6975,4006240.99264686
ADA/USD,2025-04-24,0.69749,0.74539,0.67045,0.72181,4207827.40044926
ADA/USD,2025-04-25,0.72233,0.73204,0.70237,0.71413,2984762.73943989
ADA/USD,2025-04-26,0.71492,0.73389,0.70038,0.70683,2298382.7462744
ADA/USD,2025-04-27,0.70708,0.71752,0.69129,0.70424,3249461.89058625
ADA/USD,2025-04-28,0.70388,0.72874,0.682,0.70583,4574103.68587388
ADA/USD,2025-04-29,0.70371,0.71804,0.68955,0.69649,1760236.23395515
ADA/USD,2025-04-30,0.69593,0.70344,0.66617,0.68177,2021475.15777068
ADA/USD,2025-05-01,0.68156,0.71423,0.68156,0.70512,1930734.71602676
ADA/USD,2025-05-02,0.70684,0.72532,0.68943,0.69841,2430773.641859
ADA/USD,2025-05-03,0.69888,0.72944,0.69314,0.70012,3402177.23064216
ADA/USD,2025-05-04,0.69962,0.71386,0.67287,0.67684,3165608.87507188
ADA/USD,2025-05-05,0.67587,0.6899,0.65424,0.66245,2900704.94104496
ADA/USD,2025-05-06,0.66214,0.68042,0.64338,0.67783,2543524.33688791
ADA/USD,2025-05-07,0.67938,0.68904,0.65544,0.67092,2516956.23631244
ADA/USD,2025-05-08,0.6708,0.77,0.67067,0.76929,3973699.26360505
ADA/USD,2025-05-09,0.76882,0.81845,0.75421,0.77726,3527474.73519013
ADA/USD,2025-05-10,0.77844,0.84264,0.77111,0.84238,3182749.95523708
ADA/USD,2025-05-11,0.83861,0.846,0.78179,0.80307,3025827.64813092
ADA/USD,2025-05-12,0.8049,0.86274,0.78053,0.817,6042574.65205689
ADA/USD,2025-05-13,0.81723,0.84119,0.77298,0.82993,4224940.02749875
ADA/USD,2025-05-14,0.82995,0.83195,0.78878,0.79859,2039899.81791445
ADA/USD,2025-05-15,0.80227,0.80926,0.74588,0.76163,3286140.88328369
ADA/USD,2025-05-16,0.76188,0.7861,0.75289,0.75913,1010632.15746828
ADA/USD,2025-05-17,0.75945,0.78122,0.72795,0.74128,1994077.44552449
ADA/USD,2025-05-18,0.74337,0.77646,0.72,0.76046,1794203.51771508
ADA/USD,2025-05-19,0.76133,0.76133,0.71104,0.74411,1029788.51676935
ADA/USD,2025-05-20,0.74375,0.75284,0.72394,0.74579,1800438.9931355
ADA/USD,2025-05-21,0.74633,0.78391,0.73902,0.76961,2686589.69431723
ADA/USD,2025-05-22,0.76976,0.81012,0.76924,0.80824,3414844.34634063
ADA/USD,2025-05-23,0.80955,0.84093,0.74381,0.74744,4511463.30749804
ADA/USD,2025-05-24,0.74661,0.76607,0.74179,0.74697,798712.78320205
ADA/USD,2025-05-25,0.747,0.76045,0.72904,0.7593,1061432.25489697
ADA/USD,2025-05-26,0.76035,0.77705,0.7525,0.7585,937475.64263861
ADA/USD,2025-05-27,0.76052,0.77583,0.745,0.7587,2796276.85962191
ADA/USD,2025-05-28,0.75816,0.76065,0.73331,0.7478,1456747.60930252
ADA/USD,2025-05-29,0.74812,0.7654,0.71991,0.72174,1784490.43231365
ADA/USD,2025-05-30,0.72418,0.72745,0.68242,0.68936,2626477.12533166
ADA/USD,2025-05-31,0.68952,0.6951,0.65745,0.68635,1686862.55612536
ADA/USD,2025-06-01,0.68484,0.68824,0.65484,0.68561,1590131.41923767
ADA/USD,2025-06-02,0.68576,0.69213,0.66437,0.68951,1511539.03452577
ADA/USD,2025-06-03,0.68888,0.70712,0.67571,0.68439,2247324.96510906
ADA/USD,2025-06-04,0.68391,0.70259,0.66251,0.66559,1807128.06903917
ADA/USD,2025-06-05,0.666,0.69023,0.61923,0.62844,3384636.04717242
ADA/USD,2025-06-06,0.62653,0.67273,0.62313,0.65579,2876260.72952855
ADA/USD,2025-06-07,0.65642,0.67089,0.65054,0.66493,1971905.43653056
ADA/USD,2025-06-08,0.66484,0.6792,0.65251,0.66937,1867776.14314615
ADA/USD,2025-06-09,0.67182,0.7077,0.65712,0.7058,1783155.28853885
ADA/USD,2025-06-10,0.70563,0.72024,0.68752,0.71638,2909877.96576443
ADA/USD,2025-06-11,0.71606,0.73078,0.69152,0.69749,4357978.49928846
ADA/USD,2025-06-12,0.69822,0.69996,0.6578,0.66525,2742178.12431376
ADA/USD,2025-06-13,0.6616,0.6616,0.61887,0.64164,2450715.72555629
ADA/USD,2025-06-14,0.64146,0.64191,0.61438,0.62523,1070641.07685632
ADA/USD,2025-06-15,0.62484,0.63602,0.62114,0.63318,1177731.03867966
ADA/USD,2025-06-16,0.63363,0.65765,0.62661,0.6291,2526903.2302052
ADA/USD,2025-06-17,0.63026,0.64245,0.6,0.60982,1809346.20194447
ADA/USD,2025-06-18,0.60914,0.62081,0.58892,0.60319,2181221.24914298
ADA/USD,2025-06-19,0.60488,0.61163,0.5907,0.60304,1522323.39770648
ADA/USD,2025-06-20,0.60284,0.60647,0.56292,0.57743,2286271.67299666
ADA/USD,2025-06-21,0.5776,0.58779,0.54493,0.55665,2166314.26906782
ADA/USD,2025-06-22,0.55702,0.56339,0.5105,0.54219,2987736.44618421
ADA/USD,2025-06-23,0.54198,0.58642,0.5292,0.58275,5499357.16992031
ADA/USD,2025-06-24,0.58332,0.59389,0.57682,0.58777,3330818.2700158
ADA/USD,2025-06-25,0.58797,0.59025,0.56386,0.56717,3995757.39279787
ADA/USD,2025-06-26,0.56792,0.58145,0.55069,0.55426,2190789.49947979
ADA/USD,2025-06-27,0.5545,0.56331,0.54569,0.55894,1245150.07082501
ADA/USD,2025-06-28,0.55936,0.56899,0.55581,0.5657,1053593.7239047
ADA/USD,2025-06-29,0.56544,0.58532,0.55531,0.57807,2418060.50722744
ADA/USD,2025-06-30,0.57766,0.59039,0.55676,0.57255,4142526.83544175
ADA/USD,2025-07-01,0.57227,0.57666,0.53678,0.54214,3613825.50994583
ADA/USD,2025-07-02,0.54212,0.59946,0.53903,0.58394,5337001.99490824
ADA/USD,2025-07-03,0.58414,0.61143,0.58323,0.59941,3242071.44795441
ADA/USD,2025-07-04,0.60041,0.60339,0.56338,0.57288,3754341.55493297
ADA/USD,2025-07-05,0.57242,0.58253,0.56926,0.57582,1727135.60182463
ADA/USD,2025-07-06,0.57514,0.59326,0.571,0.58599,1681187.72462759
ADA/USD,2025-07-07,0.58598,0.59414,0.57462,0.58084,2691053.59832314
ADA/USD,2025-07-08,0.58049,0.59217,0.57201,0.58852,3110542.8300436
ADA/USD,2025-07-09,0.58824,0.62752,0.58429,0.62279,5263407.63868446
ADA/USD,2025-07-10,0.62409,0.68016,0.61765,0.67738,6036558.26027606
ADA/USD,2025-07-11,0.67718,0.77693,0.6684,0.70996,10115175.30138932
ADA/USD,2025-07-12,0.70972,0.73689,0.68883,0.70795,5073429.53209961
ADA/USD,2025-07-13,0.70906,0.75625,0.70527,0.73713,6491381.19356338
ADA/USD,2025-07-14,0.73701,0.76826,0.72183,0.73593,5202006.31980467
ADA/USD,2025-07-15,0.73444,0.74942,0.71076,0.74687,9262324.88766972
ADA/USD,2025-07-16,0.74688,0.78493,0.73317,0.76464,3271007.45047964
ADA/USD,2025-07-17,0.76431,0.83913,0.74053,0.82214,9755485.84069155
ADA/USD,2025-07-18,0.82208,0.89615,0.79654,0.81633,8552211.07332712
ADA/USD,2025-07-19,0.81605,0.83804,0.8027,0.83019,2917290.05025424
ADA/USD,2025-07-20,0.83024,0.87867,0.82391,0.85868,5556373.84832208
ADA/USD,2025-07-21,0.85659,0.93394,0.84195,0.88959,7784070.23292151
ADA/USD,2025-07-22,0.89031,0.90957,0.85304,0.90409,5564102.29492131
ADA/USD,2025-07-23,0.90325,0.90325,0.78704,0.81633,5839448.78744174
ADA/USD,2025-07-24,0.81531,0.83855,0.76217,0.80534,5813381.11917499
ADA/USD,2025-07-25,0.8066,0.81804,0.77538,0.81608,3167105.88744387
ADA/USD,2025-07-26,0.81484,0.83876,0.81245,0.81958,2273543.19636423
ADA/USD,2025-07-27,0.8196,0.83941,0.81497,0.83224,1746736.47573888
ADA/USD,2025-07-28,0.83063,0.85602,0.78622,0.79232,3594702.49042202
ADA/USD,2025-07-29,0.79189,0.80947,0.76985,0.78194,2598399.67246539
ADA/USD,2025-07-30,0.78211,0.78904,0.73029,0.76335,3120452.27746723
ADA/USD,2025-07-31,0.76325,0.78888,0.73621,0.73861,2838092.52406013
ADA/USD,2025-08-01,0.73937,0.74091,0.69621,0.71505,4556556.64916207
ADA/USD,2025-08-02,0.71489,0.72766,0.68387,0.69741,3155714.39164636
ADA/USD,2025-08-03,0.69743,0.73084,0.68682,0.72594,1406372.56077955
ADA/USD,2025-08-04,0.72748,0.75917,0.72569,0.7549,1475375.5961586
ADA/USD,2025-08-05,0.75546,0.76016,0.71408,0.72617,1473612.87697595
ADA/USD,2025-08-06,0.72488,0.74788,0.71123,0.74173,1254540.24116169
ADA/USD,2025-08-07,0.74139,0.78899,0.73404,0.7874,2734261.03915373
ADA/USD,2025-08-08,0.78839,0.80632,0.77629,0.79089,4229145.03567079
ADA/USD,2025-08-09,0.79089,0.82084,0.78999,0.80344,4069562.19004029
ADA/USD,2025-08-10,0.80337,0.83413,0.78475,0.80179,4390828.05238566
ADA/USD,2025-08-11,0.80036,0.83349,0.76657,0.77298,7545532.0506603
ADA/USD,2025-08-12,0.77287,0.85705,0.76608,0.84107,6729967.00860662
ADA/USD,2025-08-13,0.84204,0.92251,0.83332,0.90431,5906001.93599829
ADA/USD,2025-08-14,0.90447,1.01892,0.87898,0.92659,17538542.60796579
ADA/USD,2025-08-15,0.92614,0.9648,0.9115,0.94719,8653994.51857513
ADA/USD,2025-08-16,0.94624,0.97829,0.9023,0.92165,6418965.01069591
ADA/USD,2025-08-17,0.92134,0.98764,0.90495,0.96141,7453475.11068915
ADA/USD,2025-08-18,0.96135,0.96836,0.89241,0.92339,3873200.38045874
ADA/USD,2025-08-19,0.92367,0.95566,0.84337,0.84639,3443670.55498588
ADA/USD,2025-08-20,0.84592,0.89229,0.83735,0.8812,2581698.75592467
ADA/USD,2025-08-21,0.88023,0.89151,0.84688,0.85147,2579496.51085404
ADA/USD,2025-08-22,0.8518,0.94174,0.82228,0.93105,3207413.97943901
ADA/USD,2025-08-23,0.93193,0.93851,0.89143,0.91348,4156292.52380807
ADA/USD,2025-08-24,0.91399,0.96407,0.8888,0.90868,3112928.71441092
ADA/USD,2025-08-25,0.91351,0.92771,0.83071,0.83727,4224061.08976099
ADA/USD,2025-08-26,0.83575,0.87352,0.82766,0.86675,5210371.16705215
ADA/USD,2025-08-27,0.86414,0.87821,0.84823,0.85046,2590524.87444307
ADA/USD,2025-08-28,0.85088,0.87979,0.84192,0.85799,3275741.0125917
ADA/USD,2025-08-29,0.85773,0.86635,0.81006,0.82667,5089111.73472548
ADA/USD,2025-08-30,0.82684,0.84422,0.80583,0.8225,3712594.29765042
ADA/USD,2025-08-31,0.82277,0.83793,0.80967,0.81132,2464728.04416666
ADA/USD,2025-09-01,0.81122,0.84475,0.782,0.80172,4706532.66985176
ADA/USD,2025-09-02,0.80162,0.83549,0.79879,0.83501,6535719.15745087
ADA/USD,2025-09-03,0.83565,0.84372,0.82603,0.83665,3580019.69110558
ADA/USD,2025-09-04,0.83853,0.84186,0.80302,0.80914,3983996.78149232
ADA/USD,2025-09-05,0.81011,0.84944,0.8049,0.83047,5215094.90321993
ADA/USD,2025-09-06,0.83047,0.83575,0.81454,0.81836,2973039.01918084
ADA/USD,2025-09-07,0.8187,0.84142,0.8187,0.83492,2950010.76702125
ADA/USD,2025-09-08,0.83541,0.86912,0.82968,0.86557,5721028.60278587
ADA/USD,2025-09-09,0.86738,0.89429,0.85267,0.86498,5922243.96734383
ADA/USD,2025-09-10,0.86524,0.89654,0.85965,0.88514,3596221.00325704
ADA/USD,2025-09-11,0.88494,0.89773,0.8577,0.89447,4703285.32991972
ADA/USD,2025-09-12,0.89442,0.91868,0.88306,0.91759,8148266.8070172
ADA/USD,2025-09-13,0.91819,0.95422,0.91487,0.93019,10079392.26897163
ADA/USD,2025-09-14,0.92936,0.93042,0.87961,0.88915,10139118.72869307
ADA/USD,2025-09-15,0.88829,0.9027,0.85327,0.86416,8049035.0931221
ADA/USD,2025-09-16,0.86318,0.88405,0.8539,0.88049,4369106.27535282
ADA/USD,2025-09-17,0.88075,0.91946,0.85499,0.91343,7870822.25667868
ADA/USD,2025-09-18,0.91444,0.93881,0.89968,0.92598,9249980.76986341
ADA/USD,2025-09-19,0.92713,0.93602,0.88639,0.89093,6400891.54219812
ADA/USD,2025-09-20,0.89041,0.90663,0.88776,0.89368,3792352.79392141
ADA/USD,2025-09-21,0.89363,0.90292,0.87598,0.88476,3620095.51053282
ADA/USD,2025-09-22,0.88444,0.88765,0.785,0.8262,8403677.7795972
ADA/USD,2025-09-23,0.8252,0.82979,0.804,0.80601,5128167.8669219
ADA/USD,2025-09-24,0.80636,0.83045,0.79059,0.81211,5684296.68548735
ADA/USD,2025-09-25,0.81291,0.81472,0.75496,0.76384,8463667.4421957
ADA/USD,2025-09-26,0.76407,0.79699,0.75825,0.79232,5806380.17896576
ADA/USD,2025-09-27,0.79208,0.79434,0.77709,0.78134,2231093.28106921
ADA/USD,2025-09-28,0.78131,0.81213,0.76514,0.80912,3012670.23785682
ADA/USD,2025-09-29,0.80896,0.81625,0.78846,0.80646,5242242.71399107
ADA/USD,2025-09-30,0.80575,0.81286,0.77878,0.80717,5659726.15863574
ADA/USD,2025-10-01,0.80745,0.85135,0.79761,0.85106,6246306.80864936
ADA/USD,2025-10-02,0.85127,0.87863,0.83649,0.87122,6644285.63553782
ADA/USD,2025-10-03,0.87125,0.89287,0.84971,0.86577,5844655.69787682
ADA/USD,2025-10-04,0.86695,0.86915,0.83373,0.83959,3283610.44217169
ADA/USD,2025-10-05,0.83843,0.88301,0.82752,0.83746,6288692.58316364
ADA/USD,2025-10-06,0.83692,0.88134,0.833,0.872,7892742.67635855
ADA/USD,2025-10-07,0.8719,0.87802,0.81738,0.8203,10520082.92259289
ADA/USD,2025-10-08,0.8201,0.8519,0.80846,0.83899,9992203.54122146
ADA/USD,2025-10-09,0.83932,0.83959,0.79491,0.81559,9279915.76489846
ADA/USD,2025-10-10,0.81663,0.87999,0.5652,0.66093,9863469.94973992
ADA/USD,2025-10-11,0.66008,0.70987,0.61019,0.63255,11960850.79704257
ADA/USD,2025-10-12,0.63231,0.70988,0.61834,0.70175,11277367.66988906
ADA/USD,2025-10-13,0.70098,0.73631,0.69233,0.72956,9527106.27919671
ADA/USD,2025-10-14,0.72928,0.73349,0.66271,0.69908,9254933.09307143
ADA/USD,2025-10-15,0.69904,0.71507,0.65786,0.66912,6566921.6557751
ADA/USD,2025-10-16,0.66964,0.68517,0.63358,0.64546,7546266.28430028
ADA/USD,2025-10-17,0.64452,0.65465,0.59289,0.6249,10509113.46388534
ADA/USD,2025-10-18,0.6249,0.64062,0.62331,0.63461,4500750.01967521
ADA/USD,2025-10-19,0.63357,0.66551,0.62248,0.6531,8320670.78821805
ADA/USD,2025-10-20,0.65301,0.6761,0.6394,0.66323,8296337.04029021
ADA/USD,2025-10-21,0.66266,0.68596,0.63721,0.64239,11081026.77092827
ADA/USD,2025-10-22,0.64297,0.6468,0.60676,0.62368,8703388.77380994
ADA/USD,2025-10-23,0.62369,0.65402,0.62291,0.64282,6176693.3536969
ADA/USD,2025-10-24,0.6431,0.6635,0.63915,0.65592,6323421.32344137
ADA/USD,2025-10-25,0.65611,0.65933,0.64838,0.65428,2852671.40798527
ADA/USD,2025-10-26,0.65447,0.6873,0.64681,0.68107,4468478.35535883
ADA/USD,2025-10-27,0.68143,0.69339,0.66355,0.6668,6842466.80386315
ADA/USD,2025-10-28,0.66672,0.67532,0.63608,0.64603,8353993.03364584
ADA/USD,2025-10-29,0.64483,0.66012,0.62541,0.64001,5247236.02519606
ADA/USD,2025-10-30,0.64018,0.64837,0.58642,0.60158,8351251.34190635
ADA/USD,2025-10-31,0.601,0.6196,0.59771,0.60901,5092953.20867976
ADA/USD,2025-11-01,0.60897,0.61745,0.60331,0.61237,1566037.72033453
ADA/USD,2025-11-02,0.61275,0.61804,0.59298,0.6105,1994035.32872419
ADA/USD,2025-11-03,0.61058,0.61194,0.52653,0.55266,9351849.31877517
ADA/USD,2025-11-04,0.55299,0.5631,0.49084,0.5208,11955192.84743049
ADA/USD,2025-11-05,0.52064,0.55035,0.4946,0.54583,8154585.91834145
ADA/USD,2025-11-06,0.54408,0.54524,0.51684,0.53032,4442746.75444715
ADA/USD,2025-11-07,0.53183,0.58794,0.51934,0.57618,6247902.96770619
ADA/USD,2025-11-08,0.57614,0.59257,0.55377,0.56885,2345615.04443328
ADA/USD,2025-11-09,0.56836,0.58398,0.54321,0.57868,3327985.17714085
ADA/USD,2025-11-10,0.57751,0.6024,0.57471,0.59272,3824539.71388416
ADA/USD,2025-11-11,0.59294,0.6064,0.55348,0.55608,2772999.91596275
ADA/USD,2025-11-12,0.55626,0.58075,0.5395,0.54584,2633837.90424339
ADA/USD,2025-11-13,0.54548,0.57056,0.51414,0.5298,4474816.1452859
ADA/USD,2025-11-14,0.52818,0.53272,0.48958,0.49809,5207468.09722384
ADA/USD,2025-11-15,0.49788,0.5147,0.49788,0.50303,7205477.19896514
ADA/USD,2025-11-16,0.50334,0.50869,0.47319,0.48433,6643366.82357939
ADA/USD,2025-11-17,0.48427,0.49832,0.45715,0.46559,5988479.551675
ADA/USD,2025-11-18,0.4659,0.48172,0.45569,0.47557,6543113.29100915
ADA/USD,2025-11-19,0.47487,0.47686,0.43811,0.46353,3824892.62494838
ADA/USD,2025-11-20,0.46366,0.47047,0.42861,0.4316,5235594.93710738
ADA/USD,2025-11-21,0.43167,0.43864,0.38693,0.40917,8470854.51349134
ADA/USD,2025-11-22,0.40903,0.41304,0.39067,0.40428,2952911.71084135
ADA/USD,2025-11-23,0.4045,0.41792,0.40164,0.40844,3334834.44815056
ADA/USD,2025-11-24,0.40702,0.43396,0.40196,0.42793,3332821.90238805
ADA/USD,2025-11-25,0.42693,0.42904,0.40476,0.42188,1997755.66848654
ADA/USD,2025-11-26,0.42208,0.43708,0.41061,0.43585,3523433.27998184
ADA/USD,2025-11-27,0.43545,0.43905,0.42661,0.4336,2367672.15449908
ADA/USD,2025-11-28,0.43292,0.43608,0.41514,0.42022,3966010.00182336
ADA/USD,2025-11-29,0.42014,0.42202,0.41197,0.41594,2977280.06525656
ADA/USD,2025-11-30,0.41496,0.42736,0.41393,0.41466,2514014.09295128
ADA/USD,2025-12-01,0.4145,0.41503,0.37109,0.38583,12700609.090446
ADA/USD,2025-12-02,0.38565,0.43889,0.38485,0.43358,5798739.59431029
ADA/USD,2025-12-03,0.43385,0.45422,0.42654,0.45017,8195322.74884175
ADA/USD,2025-12-04,0.45047,0.45588,0.43484,0.43951,4007584.15566355
ADA/USD,2025-12-05,0.43951,0.4429,0.40944,0.41614,3369611.2502707
ADA/USD,2025-12-06,0.41524,0.42143,0.41004,0.41395,1932101.77542355
ADA/USD,2025-12-07,0.41377,0.43507,0.4062,0.41776,4699439.23213713
ADA/USD,2025-12-08,0.41598,0.44131,0.41447,0.43286,4767912.49671656
ADA/USD,2025-12-09,0.43275,0.48385,0.42394,0.4697,9206922.98335038
ADA/USD,2025-12-10,0.46975,0.47626,0.45289,0.4536,6414301.82186248
ADA/USD,2025-12-11,0.4537,0.45481,0.40951,0.42524,10228350.66401333
ADA/USD,2025-12-12,0.4255,0.42935,0.40372,0.4092,6867121.7514982
ADA/USD,2025-12-13,0.40937,0.41558,0.40643,0.41114,3338573.31073757
ADA/USD,2025-12-14,0.41075,0.41171,0.39177,0.39629,6172971.91598404
ADA/USD,2025-12-15,0.39622,0.40699,0.37729,0.38819,10013205.47065239
ADA/USD,2025-12-16,0.38801,0.39149,0.37765,0.38591,10216629.7828765
ADA/USD,2025-12-17,0.38589,0.39981,0.36388,0.36707,10532318.5806921
ADA/USD,2025-12-18,0.36723,0.37878,0.34667,0.35138,10763251.446732
ADA/USD,2025-12-19,0.35139,0.38041,0.34643,0.37662,9634282.00971572
ADA/USD,2025-12-20,0.37631,0.38022,0.37209,0.37294,4247365.72362596
ADA/USD,2025-12-21,0.37279,0.37442,0.35773,0.36596,5564095.86464584
ADA/USD,2025-12-22,0.36617,0.38215,0.36049,0.37087,10102605.75504505
ADA/USD,2025-12-23,0.37067,0.37405,0.3551,0.3628,7260547.97696586
ADA/USD,2025-12-24,0.3631,0.36485,0.35224,0.35643,6746742.92466778
ADA/USD,2025-12-25,0.35654,0.36113,0.33951,0.34339,9226869.43802838
ADA/USD,2025-12-26,0.3433,0.35797,0.34175,0.34939,10876029.15203703
ADA/USD,2025-12-27,0.34927,0.37059,0.34856,0.36959,6692318.83629181
ADA/USD,2025-12-28,0.36998,0.37659,0.36107,0.36837,5813292.06117292
ADA/USD,2025-12-29,0.36838,0.38421,0.35026,0.3529,6696799.84931103
ADA/USD,2025-12-30,0.35269,0.3565,0.34807,0.35109,3950896.01464055
ADA/USD,2025-12-31,0.35073,0.35335,0.32761,0.33275,6632437.4871945
ADA/USD,2026-01-01,0.33283,0.35991,0.3315,0.35605,4464296.38042965
ADA/USD,2026-01-02,0.35606,0.39607,0.35448,0.39466,12176878.36738101
ADA/USD,2026-01-03,0.39468,0.39877,0.38251,0.38927,6724077.59821877
ADA/USD,2026-01-04,0.38895,0.4053,0.38872,0.40068,7744307.39070486
ADA/USD,2026-01-05,0.40046,0.42498,0.39389,0.42118,14987680.90285413
ADA/USD,2026-01-06,0.42116,0.43728,0.40127,0.41938,13873892.9746388
ADA/USD,2026-01-07,0.41938,0.42234,0.39736,0.40188,9047056.75121133
ADA/USD,2026-01-08,0.40175,0.40419,0.38451,0.39536,12886031.12271445
ADA/USD,2026-01-09,0.39559,0.40472,0.38737,0.391,8494650.18654729
ADA/USD,2026-01-10,0.39086,0.39198,0.38426,0.38796,5000079.46526676
ADA/USD,2026-01-11,0.38806,0.39651,0.38371,0.39035,5482168.16073505
ADA/USD,2026-01-12,0.3896,0.403,0.38139,0.38589,8968529.5458007
ADA/USD,2026-01-13,0.38564,0.42658,0.38468,0.4215,10079080.22595148
ADA/USD,2026-01-14,0.42256,0.42693,0.40975,0.41456,18227073.37637083
ADA/USD,2026-01-15,0.41423,0.41426,0.38914,0.39361,11210637.46837237
ADA/USD,2026-01-16,0.39355,0.39843,0.37904,0.39534,8587897.51046038
ADA/USD,2026-01-17,0.39537,0.40402,0.39347,0.39712,4762884.0385039
ADA/USD,2026-01-18,0.39684,0.3986,0.37132,0.37551,7279724.59304991
ADA/USD,2026-01-19,0.37511,0.37511,0.34164,0.37007,14208026.38778784
ADA/USD,2026-01-20,0.37002,0.37022,0.34686,0.35033,18945712.21248281
ADA/USD,2026-01-21,0.35022,0.37338,0.34652,0.36555,15097108.31791238
ADA/USD,2026-01-22,0.36585,0.36858,0.35523,0.35903,10851616.0994724
ADA/USD,2026-01-23,0.35894,0.37013,0.35206,0.35983,9803635.16224701
ADA/USD,2026-01-24,0.35983,0.36198,0.35584,0.3579,4303469.8529776
ADA/USD,2026-01-25,0.35761,0.35952,0.33254,0.33873,10384847.04611877
ADA/USD,2026-01-26,0.33851,0.35783,0.33837,0.35174,9337790.96356536
ADA/USD,2026-01-27,0.35145,0.36293,0.34737,0.36038,7972975.49613142
ADA/USD,2026-01-28,0.36029,0.36449,0.35438,0.35754,8093710.67998919
ADA/USD,2026-01-29,0.35783,0.35851,0.32676,0.33409,13828988.47819296
ADA/USD,2026-01-30,0.33412,0.33528,0.31558,0.32021,20269850.66262406
ADA/USD,2026-01-31,0.32024,0.32165,0.26914,0.29357,30511178.21028643
ADA/USD,2026-02-01,0.29338,0.29873,0.27877,0.2854,20970831.42567907
ADA/USD,2026-02-02,0.28549,0.30317,0.27555,0.29873,25876686.38672377
ADA/USD,2026-02-03,0.29897,0.3046,0.28138,0.2913,16843025.54220869
ADA/USD,2026-02-04,0.29117,0.30228,0.27962,0.28579,15902759.22350256
ADA/USD,2026-02-05,0.28573,0.2892,0.2434,0.24485,28371009.78068619
ADA/USD,2026-02-06,0.24541,0.28411,0.22094,0.27598,25291611.97498115
ADA/USD,2026-02-07,0.27594,0.27922,0.26584,0.27215,8343714.51740685
ADA/USD,2026-02-08,0.27215,0.27637,0.26699,0.27003,3755184.33017549
ADA/USD,2026-02-09,0.26979,0.27371,0.2594,0.26976,9259575.28263365
ADA/USD,2026-02-10,0.27001,0.27027,0.25966,0.26163,9543818.44184157
ADA/USD,2026-02-11,0.26183,0.26451,0.25048,0.2557,11916174.71590081
ADA/USD,2026-02-12,0.25586,0.26929,0.25576,0.26414,10494411.99438277
ADA/USD,2026-02-13,0.26414,0.27451,0.25805,0.27271,9324801.56796709
ADA/USD,2026-02-14,0.27295,0.30043,0.27259,0.29484,12120865.23355814
ADA/USD,2026-02-15,0.29498,0.3015,0.27741,0.28161,11829748.97487849
ADA/USD,2026-02-16,0.2817,0.28886,0.27703,0.28581,8592291.35434193
ADA/USD,2026-02-17,0.28577,0.28966,0.27744,0.28084,7976188.30416431
ADA/USD,2026-02-18,0.28109,0.28738,0.27134,0.27341,5200079.99904849
ADA/USD,2026-02-19,0.27348,0.27705,0.2671,0.27287,6782119.91492451
ADA/USD,2026-02-20,0.27278,0.29346,0.27007,0.28482,11757366.63429719
ADA/USD,2026-02-21,0.28505,0.28631,0.27904,0.28012,5231322.52903895
ADA/USD,2026-02-22,0.27991,0.27994,0.26885,0.27163,3974089.68778095
ADA/USD,2026-02-23,0.27172,0.27525,0.25738,0.26208,9989399.8871298
ADA/USD,2026-02-24,0.26255,0.2643,0.2537,0.25866,5949798.68414393
ADA/USD,2026-02-25,0.25868,0.31313,0.25795,0.29703,15789215.34153265
ADA/USD,2026-02-26,0.2973,0.30068,0.2824,0.28695,7151857.01793831
ADA/USD,2026-02-27,0.28707,0.29628,0.27332,0.27768,6075419.80566533
ADA/USD,2026-02-28,0.27772,0.28384,0.25962,0.28111,9770759.9196499
ADA/USD,2026-03-01,0.28124,0.29226,0.2693,0.27351,5729534.04107755
ADA/USD,2026-03-02,0.27331,0.28827,0.26872,0.27688,6700407.8732773
ADA/USD,2026-03-03,0.27711,0.27711,0.2607,0.26267,4913961.491037
ADA/USD,2026-03-04,0.26265,0.28497,0.25881,0.27643,7574842.89565628
ADA/USD,2026-03-05,0.27619,0.27798,0.26549,0.26904,7321916.66421872
ADA/USD,2026-03-06,0.26873,0.27171,0.25588,0.25911,4325241.29574092
ADA/USD,2026-03-07,0.25918,0.2609,0.25198,0.25451,3266391.97375807
ADA/USD,2026-03-08,0.25449,0.25732,0.24619,0.2489,5600743.95394738
ADA/USD,2026-03-09,0.24937,0.26282,0.24891,0.25533,7364691.62825114
ADA/USD,2026-03-10,0.25521,0.2741,0.2552,0.26198,8010716.14022859
ADA/USD,2026-03-11,0.26183,0.26778,0.25678,0.26242,5114427.48340487
ADA/USD,2026-03-12,0.26304,0.26569,0.25809,0.26347,4424093.59897629
ADA/USD,2026-03-13,0.26348,0.28135,0.2633,0.26569,7504701.43075252
ADA/USD,2026-03-14,0.26541,0.26655,0.25871,0.26363,3121031.00911458
ADA/USD,2026-03-15,0.26388,0.27189,0.26146,0.26989,2947217.44057217
ADA/USD,2026-03-16,0.27026,0.29339,0.26882,0.29029,16490680.99805731
ADA/USD,2026-03-17,0.29015,0.2932,0.28221,0.28885,5585697.16216296
ADA/USD,2026-03-18,0.28914,0.29527,0.26981,0.27423,4061901.98788412
ADA/USD,2026-03-19,0.2744,0.27637,0.26269,0.26685,3377178.58308372
ADA/USD,2026-03-20,0.26792,0.27276,0.26173,0.26605,2062966.13464913
ADA/USD,2026-03-21,0.26608,0.26714,0.25586,0.25743,2045057.82506961
ADA/USD,2026-03-22,0.25629,0.25978,0.24813,0.25073,2545431.90842232
ADA/USD,2026-03-23,0.25106,0.26689,0.24819,0.26166,6683539.47129679
ADA/USD,2026-03-24,0.26159,0.26827,0.2582,0.26607,5547892.03355204
ADA/USD,2026-03-25,0.26652,0.27668,0.26561,0.27051,8434567.82154918
ADA/USD,2026-03-26,0.2706,0.2706,0.25251,0.2546,5129969.67103277
ADA/USD,2026-03-27,0.25458,0.25605,0.24437,0.24594,7038684.5575487
ADA/USD,2026-03-28,0.24607,0.25263,0.24393,0.24578,3451890.03815754
ADA/USD,2026-03-29,0.24568,0.24678,0.23277,0.23946,4942052.86995058
ADA/USD,2026-03-30,0.23979,0.25248,0.23932,0.24289,3456557.30309348
ADA/USD,2026-03-31,0.24346,0.24886,0.23434,0.24197,6532850.46820896
ADA/USD,2026-04-01,0.24162,0.25447,0.24136,0.24844,8047289.48054308
ADA/USD,2026-04-02,0.2484,0.25045,0.23487,0.23925,6282642.38411227
ADA/USD,2026-04-03,0.2398,0.25133,0.23897,0.24617,4205531.07313065
ADA/USD,2026-04-04,0.24632,0.24979,0.24329,0.24793,1621428.30217522
ADA/USD,2026-04-05,0.24794,0.25089,0.24001,0.25063,4472226.15215232
ADA/USD,2026-04-06,0.25085,0.26008,0.24505,0.24623,7731968.18435159
ADA/USD,2026-04-07,0.24539,0.26632,0.24002,0.26277,6524330.26839196
ADA/USD,2026-04-08,0.2627,0.26424,0.24987,0.25084,9201744.16165305
ADA/USD,2026-04-09,0.25022,0.26094,0.24772,0.25405,2365586.18117624
ADA/USD,2026-04-10,0.25444,0.25895,0.24989,0.25419,2490766.22968513
ADA/USD,2026-04-11,0.25368,0.25556,0.24704,0.24962,3072046.63028353
ADA/USD,2026-04-12,0.24945,0.25056,0.2355,0.23631,3114569.69900364
ADA/USD,2026-04-13,0.23608,0.24907,0.23601,0.24877,3546807.88019698
ADA/USD,2026-04-14,0.24891,0.2495,0.23877,0.23979,2994186.52135788
ADA/USD,2026-04-15,0.23974,0.25039,0.23817,0.24582,2867264.19898277
ADA/USD,2026-04-16,0.24665,0.26122,0.24474,0.25928,4631233.34033878
ADA/USD,2026-04-17,0.25955,0.26803,0.25216,0.25879,4561800.21791754
ADA/USD,2026-04-18,0.25957,0.25957,0.2477,0.2496,1859259.301623
ADA/USD,2026-04-19,0.24911,0.25095,0.24115,0.24252,2386772.23073044
ADA/USD,2026-04-20,0.24287,0.25148,0.24258,0.2482,2535422.03506769
ADA/USD,2026-04-21,0.24822,0.25231,0.24435,0.24974,1187099.73679079
ADA/USD,2026-04-22,0.24994,0.25749,0.2484,0.2484,2433070.19618842
ADA/USD,2026-04-23,0.24844,0.25087,0.24484,0.24995,1701954.35289219
ADA/USD,2026-04-24,0.25032,0.25297,0.24763,0.25049,2086108.55330579
ADA/USD,2026-04-25,0.2498,0.25379,0.24841,0.25038,902654.45136341
ADA/USD,2026-04-26,0.25003,0.25433,0.24864,0.25287,1482814.73633395
ADA/USD,2026-04-27,0.2525,0.25592,0.24308,0.2482,2286653.62679817
ADA/USD,2026-04-28,0.24787,0.24889,0.24445,0.24685,1548474.01825203
ADA/USD,2026-04-29,0.24671,0.25392,0.23854,0.24456,4690464.9308723
ADA/USD,2026-04-30,0.24467,0.24818,0.24457,0.24611,2175518.14679755
ADA/USD,2026-05-01,0.24623,0.25124,0.24608,0.24821,3382155.50997829
ADA/USD,2026-05-02,0.24833,0.25273,0.24704,0.25011,2656269.13503985
ADA/USD,2026-05-03,0.25017,0.25167,0.24735,0.24952,1703651.04065147
ADA/USD,2026-05-04,0.24943,0.25497,0.24703,0.24983,6960165.25933723
ADA/USD,2026-05-05,0.24992,0.26569,0.24976,0.26204,7011070.39032119
ADA/USD,2026-05-06,0.26186,0.27358,0.26026,0.26677,6430952.59701888
ADA/USD,2026-05-07,0.26687,0.27028,0.25997,0.26275,3154443.12073877
ADA/USD,2026-05-08,0.26265,0.27832,0.26004,0.27351,4924920.06237534
ADA/USD,2026-05-09,0.27359,0.2783,0.26966,0.27087,1984968.94826483
ADA/USD,2026-05-10,0.27086,0.28853,0.26852,0.28242,4469703.6436896
ADA/USD,2026-05-11,0.2825,0.2832,0.27437,0.28047,3137526.86794813
ADA/USD,2026-05-12,0.28043,0.28175,0.26712,0.27102,2688610.85929924
ADA/USD,2026-05-13,0.27109,0.2775,0.26135,0.2647,4906893.8021811
ADA/USD,2026-05-14,0.26486,0.28024,0.26236,0.27044,5175361.22166939
ADA/USD,2026-05-15,0.27088,0.2727,0.25702,0.26141,4027827.76328542
ADA/USD,2026-05-16,0.26144,0.26221,0.25239,0.25506,2442734.58801411
ADA/USD,2026-05-17,0.25516,0.25807,0.24555,0.25215,2786048.3384096
ADA/USD,2026-05-18,0.25204,0.25288,0.24625,0.2515,8963434.75798095
ADA/USD,2026-05-19,0.25164,0.25339,0.24695,0.248,4164198.36492066
ADA/USD,2026-05-20,0.24801,0.25112,0.24686,0.24906,3586216.23292796
ADA/USD,2026-05-21,0.24901,0.25326,0.24571,0.25036,4762586.71900694
ADA/USD,2026-05-22,0.25039,0.25422,0.24096,0.24212,4594078.33534532
ADA/USD,2026-05-23,0.24219,0.25032,0.23554,0.24567,4531232.32684352
ADA/USD,2026-05-24,0.24588,0.24634,0.23832,0.24204,2037931.52216684
ADA/USD,2026-05-25,0.24209,0.24747,0.24023,0.24351,1480683.73583624
ADA/USD,2026-05-26,0.24331,0.24702,0.238,0.23976,3245430.75405806
ADA/USD,2026-05-27,0.24001,0.24237,0.23561,0.23669,2078721.94756934
ADA/USD,2026-05-28,0.23733,0.23787,0.22777,0.23433,3811902.54024275
ADA/USD,2026-05-29,0.23475,0.23593,0.23227,0.2354,397231.94287834
DOT/USD,2025-01-15,6.667,7.163,6.572,7.163,13410.62
DOT/USD,2025-01-16,7.142,7.453,6.855,7.151,29634.64
DOT/USD,2025-01-17,7.224,7.583,7.168,7.515,31623.04
DOT/USD,2025-01-18,7.56,7.569,6.861,7.046,34941.24
DOT/USD,2025-01-19,7.096,7.209,6.191,6.236,21432.64
DOT/USD,2025-01-20,6.157,6.91,6.1,6.384,14949.81
DOT/USD,2025-01-21,6.305,6.791,6.192,6.681,10276.8
DOT/USD,2025-01-22,6.671,6.691,6.44,6.46,23718.45
DOT/USD,2025-01-23,6.464,6.475,6.2,6.389,33054.21
DOT/USD,2025-01-24,6.343,6.5,6.206,6.341,9769.24
DOT/USD,2025-01-25,6.351,6.377,6.285,6.349,12206.71
DOT/USD,2025-01-26,6.31,6.473,6.188,6.189,10362.78
DOT/USD,2025-01-27,6.168,6.168,5.5,5.962,16997.35
DOT/USD,2025-01-28,5.97,6.007,5.593,5.646,7563.86
DOT/USD,2025-01-29,5.701,5.9,5.589,5.857,12525.45
DOT/USD,2025-01-30,5.84,6.237,5.84,6.158,36614.34
DOT/USD,2025-01-31,6.09,6.492,6.063,6.437,14308.36
DOT/USD,2025-02-01,6.423,6.46,5.9,5.961,9047.02
DOT/USD,2025-02-02,5.99,6.012,4.881,5.146,29376.09
DOT/USD,2025-02-03,5.139,5.275,4.0,5.199,53641.16
DOT/USD,2025-02-04,5.195,5.207,4.625,4.716,19652.92
DOT/USD,2025-02-05,4.759,4.855,4.648,4.688,9909.22
DOT/USD,2025-02-06,4.732,4.822,4.457,4.457,18153.55
DOT/USD,2025-02-07,4.529,4.935,4.47,4.596,6928.63
DOT/USD,2025-02-08,4.586,4.683,4.503,4.682,2550.46
DOT/USD,2025-02-09,4.764,4.878,4.549,4.685,72575.71
DOT/USD,2025-02-10,4.657,4.941,4.648,4.843,52234.16
DOT/USD,2025-02-11,4.847,5.2,4.62,4.786,58287.75
DOT/USD,2025-02-12,4.83,5.297,4.787,5.224,38316.05
DOT/USD,2025-02-13,5.222,5.266,5.082,5.145,17738.61
DOT/USD,2025-02-14,5.14,5.354,5.121,5.191,13572.04
DOT/USD,2025-02-15,5.154,5.212,4.997,5.02,12748.34
DOT/USD,2025-02-16,5.006,5.029,4.832,4.889,5769.05
DOT/USD,2025-02-17,4.95,5.04,4.812,4.873,19591.37
DOT/USD,2025-02-18,4.85,4.915,4.563,4.746,38850.14
DOT/USD,2025-02-19,4.774,4.9,4.707,4.879,8197.74
DOT/USD,2025-02-20,4.888,5.06,4.888,5.042,16133.89
DOT/USD,2025-02-21,5.059,5.334,5.015,5.055,8943.02
DOT/USD,2025-02-22,5.155,5.181,5.036,5.073,26397.72
DOT/USD,2025-02-23,5.073,5.123,4.922,4.922,22882.97
DOT/USD,2025-02-24,4.972,4.972,4.391,4.455,19422.06
DOT/USD,2025-02-25,4.364,4.715,4.155,4.664,17749.76
DOT/USD,2025-02-26,4.654,4.911,4.613,4.754,5100.8
DOT/USD,2025-02-27,4.738,5.173,4.719,4.914,22462.42
DOT/USD,2025-02-28,4.919,4.919,4.45,4.696,24009.97
DOT/USD,2025-03-01,4.732,4.803,4.537,4.68,10458.89
DOT/USD,2025-03-02,4.679,5.22,4.6,5.22,55511.9
DOT/USD,2025-03-03,5.212,5.212,4.45,4.481,81570.37
DOT/USD,2025-03-04,4.438,4.46,4.042,4.332,19726.04
DOT/USD,2025-03-05,4.32,4.53,4.291,4.526,24453.08
DOT/USD,2025-03-06,4.527,4.642,4.35,4.441,13633.29
DOT/USD,2025-03-07,4.446,4.664,4.259,4.404,13998.64
DOT/USD,2025-03-08,4.399,4.432,4.265,4.298,4883.92
DOT/USD,2025-03-09,4.291,4.317,3.989,4.012,24253.16
DOT/USD,2025-03-10,4.028,4.257,3.8,3.915,20383.86
DOT/USD,2025-03-11,3.881,4.107,3.668,4.079,13385.55
DOT/USD,2025-03-12,3.999,4.086,3.852,3.956,17604.86
DOT/USD,2025-03-13,3.935,4.081,3.828,3.909,28873.58
DOT/USD,2025-03-14,4.025,4.206,4.014,4.192,24283.86
DOT/USD,2025-03-15,4.198,4.414,4.187,4.365,16572.7
DOT/USD,2025-03-16,4.339,4.342,4.192,4.335,2701.14
DOT/USD,2025-03-17,4.406,4.44,4.359,4.383,2080.59
DOT/USD,2025-03-18,4.26,4.479,4.248,4.477,25968.04
DOT/USD,2025-03-19,4.448,4.58,4.448,4.535,16184.08
DOT/USD,2025-03-20,4.553,4.553,4.335,4.377,23115.55
DOT/USD,2025-03-21,4.41,4.569,4.378,4.489,65878.61
DOT/USD,2025-03-22,4.494,4.523,4.425,4.469,2236.12
DOT/USD,2025-03-23,4.475,4.509,4.401,4.496,7747.65
DOT/USD,2025-03-24,4.485,4.763,4.485,4.613,14423.81
DOT/USD,2025-03-25,4.657,4.712,4.61,4.636,8201.73
DOT/USD,2025-03-26,4.667,4.759,4.616,4.708,7256.56
DOT/USD,2025-03-27,4.731,4.731,4.514,4.627,73112.3
DOT/USD,2025-03-28,4.59,4.61,4.25,4.287,56650.36
DOT/USD,2025-03-29,4.232,4.232,4.012,4.057,5526.5
DOT/USD,2025-03-30,4.048,4.139,3.985,4.036,13245.85
DOT/USD,2025-03-31,4.057,4.084,3.959,4.031,11718.36
DOT/USD,2025-04-01,4.031,4.275,4.031,4.184,29502.43
DOT/USD,2025-04-02,4.148,4.219,3.915,3.965,18852.82
DOT/USD,2025-04-03,3.95,4.085,3.846,4.056,42132.08
DOT/USD,2025-04-04,4.048,4.131,3.949,4.021,21094.03
DOT/USD,2025-04-05,4.036,4.055,3.912,3.959,8712.13
DOT/USD,2025-04-06,3.951,3.967,3.61,3.67,45478.44
DOT/USD,2025-04-07,3.681,3.696,3.294,3.592,64252.55
DOT/USD,2025-04-08,3.603,3.696,3.342,3.371,35662.56
DOT/USD,2025-04-09,3.349,3.747,3.269,3.631,33651.22
DOT/USD,2025-04-10,3.646,3.646,3.4,3.49,65797.38
DOT/USD,2025-04-11,3.452,3.593,3.452,3.556,23897.04
DOT/USD,2025-04-12,3.566,3.75,3.527,3.712,19346.81
DOT/USD,2025-04-13,3.728,3.813,3.622,3.658,52758.58
DOT/USD,2025-04-14,3.725,3.79,3.64,3.67,24411.64
DOT/USD,2025-04-15,3.66,3.726,3.518,3.518,74907.64
DOT/USD,2025-04-16,3.524,3.613,3.479,3.546,27200.55
DOT/USD,2025-04-17,3.556,3.694,3.544,3.643,25053.88
DOT/USD,2025-04-18,3.634,3.745,3.634,3.68,17350.34
DOT/USD,2025-04-19,3.667,3.886,3.653,3.879,40977.84
DOT/USD,2025-04-20,3.88,3.946,3.791,3.936,40097.87
DOT/USD,2025-04-21,3.877,3.972,3.779,3.786,26990.46
DOT/USD,2025-04-22,3.771,4.02,3.692,4.015,61425.18
DOT/USD,2025-04-23,4.014,4.181,4.014,4.091,74458.19
DOT/USD,2025-04-24,4.046,4.283,3.931,4.246,42637.35
DOT/USD,2025-04-25,4.265,4.477,4.22,4.256,46713.25
DOT/USD,2025-04-26,4.272,4.353,4.213,4.266,41459.43
DOT/USD,2025-04-27,4.272,4.292,4.057,4.094,26054.78
DOT/USD,2025-04-28,4.061,4.256,4.013,4.249,60236.15
DOT/USD,2025-04-29,4.257,4.325,4.104,4.148,38418.54
DOT/USD,2025-04-30,4.138,4.168,3.978,4.079,81891.85
DOT/USD,2025-05-01,4.069,4.221,4.069,4.19,30276.53
DOT/USD,2025-05-02,4.194,4.279,4.128,4.163,40365.01
DOT/USD,2025-05-03,4.162,4.174,4.029,4.029,27025.52
DOT/USD,2025-05-04,4.026,4.051,3.902,3.921,101458.62
DOT/USD,2025-05-05,3.92,4.02,3.826,3.943,63287.57
DOT/USD,2025-05-06,3.906,3.968,3.75,3.968,118939.67
DOT/USD,2025-05-07,3.958,4.008,3.886,3.969,52116.6
DOT/USD,2025-05-08,3.969,4.499,3.969,4.442,125821.28
DOT/USD,2025-05-09,4.456,4.855,4.434,4.792,113390.8
DOT/USD,2025-05-10,4.797,5.319,4.797,5.319,179198.82
DOT/USD,2025-05-11,5.298,5.357,4.952,5.092,138693.63
DOT/USD,2025-05-12,5.102,5.378,4.91,5.072,127230.82
DOT/USD,2025-05-13,5.05,5.27,4.83,5.213,87391.34
DOT/USD,2025-05-14,5.203,5.248,4.954,4.985,32449.47
DOT/USD,2025-05-15,5.024,5.024,4.683,4.761,62356.05
DOT/USD,2025-05-16,4.779,4.948,4.716,4.76,37879.19
DOT/USD,2025-05-17,4.755,4.756,4.57,4.591,23157.38
DOT/USD,2025-05-18,4.615,4.94,4.559,4.792,24236.03
DOT/USD,2025-05-19,4.807,4.808,4.423,4.599,24359.52
DOT/USD,2025-05-20,4.599,4.723,4.525,4.679,25781.11
DOT/USD,2025-05-21,4.695,4.871,4.616,4.744,80512.34
DOT/USD,2025-05-22,4.735,4.976,4.735,4.952,41076.84
DOT/USD,2025-05-23,4.984,5.113,4.538,4.558,45022.59
DOT/USD,2025-05-24,4.552,4.631,4.516,4.544,46571.09
DOT/USD,2025-05-25,4.561,4.561,4.379,4.512,29808.98
DOT/USD,2025-05-26,4.524,4.646,4.414,4.452,40255.73
DOT/USD,2025-05-27,4.454,4.614,4.451,4.537,29306.55
DOT/USD,2025-05-28,4.512,4.655,4.424,4.571,17236.23
DOT/USD,2025-05-29,4.649,4.657,4.334,4.339,30654.26
DOT/USD,2025-05-30,4.33,4.343,4.047,4.047,89966.76
DOT/USD,2025-05-31,4.0,4.351,3.9,4.111,22248.56
DOT/USD,2025-06-01,4.105,4.105,3.987,4.053,11620.73
DOT/USD,2025-06-02,4.059,4.154,3.964,4.149,8854.53
DOT/USD,2025-06-03,4.167,4.207,4.121,4.154,11950.53
DOT/USD,2025-06-04,4.157,4.218,4.01,4.027,6142.96
DOT/USD,2025-06-05,4.031,4.071,3.75,3.828,22712.46
DOT/USD,2025-06-06,3.848,3.983,3.828,3.896,4792.12
DOT/USD,2025-06-07,3.981,4.144,3.981,4.022,15438.52
DOT/USD,2025-06-08,4.024,4.118,3.987,4.037,7591.79
DOT/USD,2025-06-09,4.019,4.16,3.971,4.16,18112.73
DOT/USD,2025-06-10,4.166,4.318,4.105,4.29,34153.44
DOT/USD,2025-06-11,4.297,4.34,4.151,4.172,24872.69
DOT/USD,2025-06-12,4.195,4.195,3.919,3.928,12724.02
DOT/USD,2025-06-13,3.908,3.908,3.7,3.842,52824.23
DOT/USD,2025-06-14,3.835,3.835,3.728,3.772,9536.43
DOT/USD,2025-06-15,3.776,3.825,3.747,3.814,3551.85
DOT/USD,2025-06-16,3.802,4.012,3.802,3.887,15678.56
DOT/USD,2025-06-17,3.782,3.885,3.665,3.72,25004.01
DOT/USD,2025-06-18,3.752,3.778,3.579,3.604,24383.58
DOT/USD,2025-06-19,3.632,3.651,3.509,3.548,35380.66
DOT/USD,2025-06-20,3.555,3.574,3.344,3.437,72427.09
DOT/USD,2025-06-21,3.443,3.506,3.25,3.308,87282.85
DOT/USD,2025-06-22,3.331,3.358,3.02,3.158,20120.92
DOT/USD,2025-06-23,3.163,3.419,3.121,3.419,12193.1
DOT/USD,2025-06-24,3.426,3.557,3.394,3.434,34442.68
DOT/USD,2025-06-25,3.434,3.539,3.352,3.371,9922.04
DOT/USD,2025-06-26,3.355,3.432,3.286,3.329,10178.22
DOT/USD,2025-06-27,3.35,3.433,3.303,3.362,4009.34
DOT/USD,2025-06-28,3.361,3.415,3.335,3.405,6172.52
DOT/USD,2025-06-29,3.42,3.632,3.402,3.547,2254.41
DOT/USD,2025-06-30,3.547,3.547,3.354,3.402,34721.8
DOT/USD,2025-07-01,3.398,3.409,3.277,3.288,19956.38
DOT/USD,2025-07-02,3.287,3.622,3.287,3.546,38946.83
DOT/USD,2025-07-03,3.56,3.659,3.511,3.537,56968.87
DOT/USD,2025-07-04,3.558,3.563,3.332,3.357,53898.75
DOT/USD,2025-07-05,3.379,3.39,3.329,3.359,32826.31
DOT/USD,2025-07-06,3.354,3.541,3.341,3.41,18092.13
DOT/USD,2025-07-07,3.415,3.415,3.338,3.338,8055.29
DOT/USD,2025-07-08,3.355,3.492,3.335,3.454,18480.97
DOT/USD,2025-07-09,3.434,3.657,3.423,3.614,67790.33
DOT/USD,2025-07-10,3.632,3.881,3.6,3.881,69607.13
DOT/USD,2025-07-11,3.856,4.096,3.816,3.914,66291.86
DOT/USD,2025-07-12,3.918,4.044,3.809,3.901,10332.87
DOT/USD,2025-07-13,3.889,4.051,3.889,3.958,20553.33
DOT/USD,2025-07-14,4.034,4.191,3.932,3.945,89768.15
DOT/USD,2025-07-15,3.943,4.095,3.825,4.084,57893.75
DOT/USD,2025-07-16,4.076,4.268,4.022,4.257,15219.11
DOT/USD,2025-07-17,4.202,4.301,4.088,4.289,42182.23
DOT/USD,2025-07-18,4.24,4.604,4.176,4.213,73877.41
DOT/USD,2025-07-19,4.233,4.454,4.189,4.415,33271.01
DOT/USD,2025-07-20,4.38,4.581,4.354,4.498,43378.13
DOT/USD,2025-07-21,4.49,4.675,4.402,4.509,72989.2
DOT/USD,2025-07-22,4.524,4.55,4.159,4.55,81085.46
DOT/USD,2025-07-23,4.535,4.539,4.001,4.112,119409.47
DOT/USD,2025-07-24,4.111,4.23,3.909,4.0,147358.22
DOT/USD,2025-07-25,4.001,4.099,3.869,4.093,50672.8
DOT/USD,2025-07-26,4.084,4.184,4.081,4.152,12976.58
DOT/USD,2025-07-27,4.18,4.241,4.118,4.221,21790.56
DOT/USD,2025-07-28,4.237,4.31,3.965,3.965,51726.21
DOT/USD,2025-07-29,3.923,4.079,3.825,3.899,61972.61
DOT/USD,2025-07-30,3.874,3.909,3.655,3.813,45006.72
DOT/USD,2025-07-31,3.802,3.918,3.677,3.684,63925.51
DOT/USD,2025-08-01,3.63,3.722,3.47,3.549,34548.28
DOT/USD,2025-08-02,3.54,3.624,3.433,3.495,21590.37
DOT/USD,2025-08-03,3.509,3.621,3.46,3.621,17319.39
DOT/USD,2025-08-04,3.603,3.745,3.601,3.72,27710.72
DOT/USD,2025-08-05,3.715,3.717,3.578,3.613,16578.71
DOT/USD,2025-08-06,3.622,3.755,3.562,3.68,12381.91
DOT/USD,2025-08-07,3.674,3.867,3.646,3.859,21037.31
DOT/USD,2025-08-08,3.863,3.992,3.829,3.99,59376.01
DOT/USD,2025-08-09,3.976,4.175,3.976,4.126,27910.15
DOT/USD,2025-08-10,4.147,4.178,3.968,4.044,40141.06
DOT/USD,2025-08-11,4.049,4.155,3.835,3.861,69629.52
DOT/USD,2025-08-12,3.854,4.226,3.841,4.154,156003.72
DOT/USD,2025-08-13,4.173,4.307,4.107,4.268,115026.77
DOT/USD,2025-08-14,4.287,4.363,3.918,3.995,77359.62
DOT/USD,2025-08-15,3.989,4.105,3.828,3.886,66958.79
DOT/USD,2025-08-16,3.916,3.998,3.895,3.984,28343.8
DOT/USD,2025-08-17,3.959,4.185,3.94,4.064,27980.27
DOT/USD,2025-08-18,4.042,4.055,3.832,3.911,52389.73
DOT/USD,2025-08-19,3.914,3.962,3.727,3.759,49224.35
DOT/USD,2025-08-20,3.733,3.903,3.7,3.88,23918.73
DOT/USD,2025-08-21,3.875,3.938,3.744,3.792,42282.32
DOT/USD,2025-08-22,3.838,4.2,3.692,4.186,59379.73
DOT/USD,2025-08-23,4.166,4.261,4.036,4.221,47477.2
DOT/USD,2025-08-24,4.224,4.435,4.009,4.107,60603.28
DOT/USD,2025-08-25,4.119,4.136,3.7,3.727,83283.84
DOT/USD,2025-08-26,3.725,3.922,3.721,3.887,52903.7
DOT/USD,2025-08-27,3.889,3.928,3.829,3.829,61258.4
DOT/USD,2025-08-28,3.835,4.02,3.813,3.976,183692.51
DOT/USD,2025-08-29,3.978,3.983,3.725,3.778,174252.45
DOT/USD,2025-08-30,3.769,3.835,3.714,3.81,255998.69
DOT/USD,2025-08-31,3.811,3.867,3.737,3.743,86624.53
DOT/USD,2025-09-01,3.743,3.883,3.617,3.69,188575.65
DOT/USD,2025-09-02,3.693,3.82,3.68,3.816,69582.49
DOT/USD,2025-09-03,3.819,3.906,3.79,3.864,93647.2
DOT/USD,2025-09-04,3.865,3.874,3.739,3.785,299715.2
DOT/USD,2025-09-05,3.757,3.89,3.757,3.826,110898.39
DOT/USD,2025-09-06,3.83,3.88,3.787,3.816,59285.8
DOT/USD,2025-09-07,3.824,4.085,3.824,4.007,58334.47
DOT/USD,2025-09-08,3.996,4.069,3.99,4.033,87485.81
DOT/USD,2025-09-09,4.063,4.184,4.01,4.137,80206.86
DOT/USD,2025-09-10,4.106,4.248,4.058,4.215,68397.2
DOT/USD,2025-09-11,4.219,4.252,4.145,4.239,63703.05
DOT/USD,2025-09-12,4.248,4.323,4.155,4.321,86620.0
DOT/USD,2025-09-13,4.318,4.621,4.31,4.502,174358.22
DOT/USD,2025-09-14,4.495,4.495,4.282,4.322,123345.68
DOT/USD,2025-09-15,4.324,4.4,4.11,4.144,115668.5
DOT/USD,2025-09-16,4.141,4.29,4.122,4.256,66111.41
DOT/USD,2025-09-17,4.25,4.433,4.151,4.4,105794.29
DOT/USD,2025-09-18,4.403,4.592,4.381,4.539,188616.77
DOT/USD,2025-09-19,4.548,4.882,4.323,4.335,337879.1
DOT/USD,2025-09-20,4.364,4.465,4.29,4.356,128617.68
DOT/USD,2025-09-21,4.356,4.385,4.244,4.268,111167.16
DOT/USD,2025-09-22,4.261,4.261,3.798,4.041,263938.41
DOT/USD,2025-09-23,4.046,4.056,3.946,3.969,112172.45
DOT/USD,2025-09-24,3.964,4.108,3.899,3.994,143949.23
DOT/USD,2025-09-25,3.994,4.001,3.778,3.797,220377.39
DOT/USD,2025-09-26,3.823,3.97,3.78,3.926,131117.55
DOT/USD,2025-09-27,3.92,3.924,3.855,3.892,52087.21
DOT/USD,2025-09-28,3.888,4.029,3.796,4.003,88913.45
DOT/USD,2025-09-29,4.0,4.023,3.863,3.987,113242.95
DOT/USD,2025-09-30,3.991,3.991,3.811,3.908,81952.33
DOT/USD,2025-10-01,3.908,4.126,3.887,4.12,132896.39
DOT/USD,2025-10-02,4.129,4.335,4.109,4.296,108639.56
DOT/USD,2025-10-03,4.289,4.38,4.19,4.333,97804.76
DOT/USD,2025-10-04,4.328,4.328,4.14,4.204,29743.26
DOT/USD,2025-10-05,4.194,4.368,4.083,4.146,161078.12
DOT/USD,2025-10-06,4.139,4.421,4.118,4.393,87902.58
DOT/USD,2025-10-07,4.394,4.432,4.121,4.139,84444.86
DOT/USD,2025-10-08,4.16,4.241,4.075,4.199,549731.65
DOT/USD,2025-10-09,4.197,4.201,3.972,4.077,235899.93
DOT/USD,2025-10-10,4.079,4.29,2.846,3.21,803288.96
DOT/USD,2025-10-11,3.032,3.604,2.896,3.0,371912.7
DOT/USD,2025-10-12,3.001,3.312,2.912,3.238,300775.08
DOT/USD,2025-10-13,3.233,3.449,3.205,3.375,243301.37
DOT/USD,2025-10-14,3.385,3.385,3.078,3.259,128322.08
DOT/USD,2025-10-15,3.239,3.335,3.099,3.132,94770.1
DOT/USD,2025-10-16,3.152,3.199,2.974,3.011,187377.28
DOT/USD,2025-10-17,3.033,3.059,2.782,2.893,182083.69
DOT/USD,2025-10-18,2.908,2.969,2.898,2.933,80302.64
DOT/USD,2025-10-19,2.919,3.054,2.89,3.014,51950.58
DOT/USD,2025-10-20,2.984,3.132,2.961,3.086,113462.14
DOT/USD,2025-10-21,3.084,3.187,2.957,3.008,150194.85
DOT/USD,2025-10-22,3.007,3.031,2.837,2.92,140026.13
DOT/USD,2025-10-23,2.93,3.036,2.92,2.991,68154.92
DOT/USD,2025-10-24,3.002,3.109,2.993,3.078,93008.22
DOT/USD,2025-10-25,3.074,3.105,3.032,3.097,25556.67
DOT/USD,2025-10-26,3.081,3.225,3.061,3.196,58065.64
DOT/USD,2025-10-27,3.192,3.244,3.123,3.144,106355.61
DOT/USD,2025-10-28,3.132,3.19,2.998,3.051,80338.79
DOT/USD,2025-10-29,3.052,3.171,3.038,3.076,84359.64
DOT/USD,2025-10-30,3.103,3.114,2.791,2.874,110736.51
DOT/USD,2025-10-31,2.871,2.92,2.826,2.883,143619.18
DOT/USD,2025-11-01,2.873,2.968,2.866,2.968,64851.63
DOT/USD,2025-11-02,2.962,3.011,2.87,2.983,72460.02
DOT/USD,2025-11-03,2.936,2.936,2.505,2.583,287402.37
DOT/USD,2025-11-04,2.578,2.657,2.344,2.513,104276.03
DOT/USD,2025-11-05,2.508,2.676,2.391,2.671,110547.63
DOT/USD,2025-11-06,2.649,2.678,2.535,2.666,116360.34
DOT/USD,2025-11-07,2.686,3.321,2.686,3.288,149343.04
DOT/USD,2025-11-08,3.264,3.524,3.088,3.225,126166.73
DOT/USD,2025-11-09,3.248,3.306,3.045,3.22,69775.53
DOT/USD,2025-11-10,3.23,3.309,3.13,3.255,73498.58
DOT/USD,2025-11-11,3.226,3.394,3.06,3.07,62366.26
DOT/USD,2025-11-12,3.071,3.138,2.897,2.926,33483.72
DOT/USD,2025-11-13,2.936,3.034,2.764,2.861,33540.6
DOT/USD,2025-11-14,2.846,2.946,2.762,2.802,49873.4
DOT/USD,2025-11-15,2.843,2.925,2.822,2.835,9229.25
DOT/USD,2025-11-16,2.826,2.887,2.657,2.783,37489.68
DOT/USD,2025-11-17,2.788,2.846,2.626,2.66,61446.94
DOT/USD,2025-11-18,2.666,2.796,2.666,2.751,33101.53
DOT/USD,2025-11-19,2.741,2.754,2.572,2.685,47191.49
DOT/USD,2025-11-20,2.681,2.813,2.503,2.549,92426.03
DOT/USD,2025-11-21,2.562,2.586,2.278,2.352,144595.02
DOT/USD,2025-11-22,2.329,2.355,2.262,2.304,70823.56
DOT/USD,2025-11-23,2.317,2.368,2.252,2.256,20693.55
DOT/USD,2025-11-24,2.25,2.393,2.246,2.348,51616.1
DOT/USD,2025-11-25,2.34,2.349,2.194,2.314,62724.49
DOT/USD,2025-11-26,2.297,2.367,2.244,2.346,44691.74
DOT/USD,2025-11-27,2.336,2.383,2.307,2.344,70024.86
DOT/USD,2025-11-28,2.334,2.371,2.265,2.295,75493.4
DOT/USD,2025-11-29,2.291,2.3,2.231,2.255,64402.32
DOT/USD,2025-11-30,2.265,2.29,2.208,2.208,35674.91
DOT/USD,2025-12-01,2.207,2.207,1.967,2.044,85503.55
DOT/USD,2025-12-02,2.049,2.281,2.039,2.252,132719.84
DOT/USD,2025-12-03,2.259,2.394,2.244,2.367,74680.2
DOT/USD,2025-12-04,2.354,2.36,2.248,2.274,71386.64
DOT/USD,2025-12-05,2.283,2.308,2.088,2.127,48271.34
DOT/USD,2025-12-06,2.123,2.162,2.088,2.127,33516.87
DOT/USD,2025-12-07,2.128,2.154,2.046,2.089,41746.78
DOT/USD,2025-12-08,2.098,2.176,2.094,2.13,52677.37
DOT/USD,2025-12-09,2.125,2.385,2.09,2.294,215815.58
DOT/USD,2025-12-10,2.277,2.311,2.185,2.192,190790.55
DOT/USD,2025-12-11,2.188,2.188,2.007,2.071,202639.11
DOT/USD,2025-12-12,2.067,2.095,1.946,2.011,219734.68
DOT/USD,2025-12-13,2.013,2.057,2.01,2.041,101197.65
DOT/USD,2025-12-14,2.035,2.042,1.937,1.951,184792.84
DOT/USD,2025-12-15,1.962,2.007,1.834,1.902,187725.43
DOT/USD,2025-12-16,1.903,1.933,1.869,1.895,169646.52
DOT/USD,2025-12-17,1.89,1.943,1.795,1.813,205072.67
DOT/USD,2025-12-18,1.811,1.885,1.721,1.759,173428.7
DOT/USD,2025-12-19,1.764,1.874,1.74,1.848,202222.12
DOT/USD,2025-12-20,1.846,1.866,1.827,1.832,170253.81
DOT/USD,2025-12-21,1.833,1.85,1.751,1.8,130603.76
DOT/USD,2025-12-22,1.803,1.85,1.755,1.778,175480.03
DOT/USD,2025-12-23,1.781,1.797,1.734,1.763,123134.07
DOT/USD,2025-12-24,1.762,1.771,1.71,1.737,78440.96
DOT/USD,2025-12-25,1.742,1.75,1.681,1.687,48294.73
DOT/USD,2025-12-26,1.689,1.75,1.659,1.723,130718.65
DOT/USD,2025-12-27,1.73,1.924,1.723,1.9,167387.99
DOT/USD,2025-12-28,1.901,1.901,1.832,1.848,96194.9
DOT/USD,2025-12-29,1.855,1.897,1.821,1.823,229156.5
DOT/USD,2025-12-30,1.821,1.839,1.792,1.81,123349.84
DOT/USD,2025-12-31,1.809,1.835,1.766,1.787,43768.99
DOT/USD,2026-01-01,1.783,2.023,1.766,1.997,93687.6
DOT/USD,2026-01-02,2.006,2.169,1.968,2.169,110162.13
DOT/USD,2026-01-03,2.167,2.209,2.108,2.127,73835.23
DOT/USD,2026-01-04,2.122,2.18,2.121,2.144,75499.97
DOT/USD,2026-01-05,2.141,2.232,2.094,2.209,222922.96
DOT/USD,2026-01-06,2.199,2.261,2.117,2.232,172882.84
DOT/USD,2026-01-07,2.23,2.244,2.124,2.145,108239.38
DOT/USD,2026-01-08,2.15,2.154,2.084,2.12,106285.31
DOT/USD,2026-01-09,2.109,2.139,2.05,2.082,141687.72
DOT/USD,2026-01-10,2.083,2.127,2.069,2.088,57367.35
DOT/USD,2026-01-11,2.087,2.117,2.04,2.071,97368.61
DOT/USD,2026-01-12,2.066,2.147,2.024,2.053,104623.69
DOT/USD,2026-01-13,2.053,2.34,2.052,2.285,404262.95
DOT/USD,2026-01-14,2.288,2.295,2.199,2.229,206272.24
DOT/USD,2026-01-15,2.219,2.237,2.099,2.114,135243.55
DOT/USD,2026-01-16,2.118,2.153,2.058,2.116,105001.2
DOT/USD,2026-01-17,2.118,2.234,2.116,2.176,85826.06
DOT/USD,2026-01-18,2.184,2.196,2.067,2.067,84076.83
DOT/USD,2026-01-19,2.046,2.063,1.856,2.026,137529.83
DOT/USD,2026-01-20,2.026,2.047,1.884,1.899,220131.01
DOT/USD,2026-01-21,1.898,1.994,1.877,1.95,171313.67
DOT/USD,2026-01-22,1.964,1.978,1.908,1.924,118567.63
DOT/USD,2026-01-23,1.923,1.978,1.896,1.92,142834.67
DOT/USD,2026-01-24,1.929,1.936,1.898,1.926,86068.19
DOT/USD,2026-01-25,1.927,1.936,1.782,1.824,185736.26
DOT/USD,2026-01-26,1.823,1.892,1.823,1.872,147799.61
DOT/USD,2026-01-27,1.872,1.893,1.826,1.878,144042.02
DOT/USD,2026-01-28,1.87,1.892,1.828,1.869,172723.37
DOT/USD,2026-01-29,1.868,1.868,1.696,1.733,289855.3
DOT/USD,2026-01-30,1.735,1.742,1.65,1.683,469661.53
DOT/USD,2026-01-31,1.686,1.688,1.401,1.545,944158.44
DOT/USD,2026-02-01,1.545,1.557,1.467,1.491,394139.6
DOT/USD,2026-02-02,1.493,1.573,1.452,1.542,379962.05
DOT/USD,2026-02-03,1.535,1.563,1.432,1.486,371553.71
DOT/USD,2026-02-04,1.509,1.528,1.423,1.461,356042.87
DOT/USD,2026-02-05,1.459,1.472,1.232,1.243,418727.84
DOT/USD,2026-02-06,1.235,1.408,1.107,1.381,552224.75
DOT/USD,2026-02-07,1.36,1.396,1.323,1.374,201719.52
DOT/USD,2026-02-08,1.368,1.376,1.326,1.344,56497.02
DOT/USD,2026-02-09,1.339,1.348,1.278,1.325,85407.2
DOT/USD,2026-02-10,1.318,1.323,1.266,1.279,161091.99
DOT/USD,2026-02-11,1.286,1.291,1.23,1.256,204096.96
DOT/USD,2026-02-12,1.266,1.301,1.253,1.28,164095.25
DOT/USD,2026-02-13,1.285,1.339,1.259,1.334,73348.84
DOT/USD,2026-02-14,1.333,1.43,1.329,1.419,74163.47
DOT/USD,2026-02-15,1.421,1.437,1.335,1.355,80862.56
DOT/USD,2026-02-16,1.364,1.387,1.333,1.375,72487.63
DOT/USD,2026-02-17,1.374,1.38,1.341,1.346,105279.63
DOT/USD,2026-02-18,1.346,1.371,1.3,1.311,113264.91
DOT/USD,2026-02-19,1.312,1.322,1.261,1.287,90535.01
DOT/USD,2026-02-20,1.286,1.361,1.277,1.337,134216.96
DOT/USD,2026-02-21,1.345,1.396,1.332,1.361,27709.82
DOT/USD,2026-02-22,1.36,1.364,1.305,1.311,48727.73
DOT/USD,2026-02-23,1.307,1.312,1.242,1.265,189461.36
DOT/USD,2026-02-24,1.268,1.279,1.23,1.243,74385.31
DOT/USD,2026-02-25,1.242,1.751,1.241,1.66,864970.12
DOT/USD,2026-02-26,1.666,1.696,1.524,1.606,381329.29
DOT/USD,2026-02-27,1.627,1.678,1.549,1.6,167123.21
DOT/USD,2026-02-28,1.593,1.674,1.459,1.668,120288.69
DOT/USD,2026-03-01,1.67,1.675,1.504,1.543,124333.49
DOT/USD,2026-03-02,1.536,1.6,1.5,1.506,121937.97
DOT/USD,2026-03-03,1.495,1.554,1.478,1.531,100270.99
DOT/USD,2026-03-04,1.529,1.574,1.51,1.545,188812.36
DOT/USD,2026-03-05,1.534,1.555,1.486,1.531,110177.2
DOT/USD,2026-03-06,1.531,1.547,1.455,1.489,89348.92
DOT/USD,2026-03-07,1.487,1.513,1.434,1.448,84175.06
DOT/USD,2026-03-08,1.448,1.479,1.427,1.453,43157.41
DOT/USD,2026-03-09,1.453,1.529,1.453,1.49,172392.31
DOT/USD,2026-03-10,1.496,1.546,1.481,1.486,137585.64
DOT/USD,2026-03-11,1.485,1.554,1.475,1.521,152494.73
DOT/USD,2026-03-12,1.523,1.526,1.486,1.517,50933.6
DOT/USD,2026-03-13,1.516,1.547,1.449,1.464,159751.17
DOT/USD,2026-03-14,1.463,1.463,1.406,1.414,99914.92
DOT/USD,2026-03-15,1.416,1.444,1.396,1.438,66003.56
DOT/USD,2026-03-16,1.44,1.659,1.434,1.642,364713.92
DOT/USD,2026-03-17,1.641,1.641,1.585,1.618,110734.45
DOT/USD,2026-03-18,1.623,1.655,1.542,1.578,57975.23
DOT/USD,2026-03-19,1.566,1.568,1.498,1.523,38667.71
DOT/USD,2026-03-20,1.52,1.552,1.499,1.503,150092.28
DOT/USD,2026-03-21,1.503,1.514,1.46,1.46,61515.73
DOT/USD,2026-03-22,1.462,1.479,1.394,1.413,61676.63
DOT/USD,2026-03-23,1.414,1.49,1.403,1.42,292841.18
DOT/USD,2026-03-24,1.419,1.427,1.362,1.4,250972.34
DOT/USD,2026-03-25,1.402,1.409,1.347,1.361,404507.91
DOT/USD,2026-03-26,1.362,1.368,1.3,1.321,323473.23
DOT/USD,2026-03-27,1.321,1.337,1.27,1.289,124498.66
DOT/USD,2026-03-28,1.29,1.304,1.254,1.255,173460.57
DOT/USD,2026-03-29,1.262,1.274,1.223,1.255,96062.26
DOT/USD,2026-03-30,1.268,1.286,1.233,1.239,137497.67
DOT/USD,2026-03-31,1.242,1.275,1.226,1.249,237086.05
DOT/USD,2026-04-01,1.251,1.301,1.247,1.255,201960.0
DOT/USD,2026-04-02,1.256,1.267,1.204,1.233,161238.51
DOT/USD,2026-04-03,1.239,1.268,1.23,1.236,78556.78
DOT/USD,2026-04-04,1.239,1.265,1.235,1.253,37255.99
DOT/USD,2026-04-05,1.253,1.253,1.215,1.242,58584.15
DOT/USD,2026-04-06,1.245,1.315,1.237,1.241,106870.67
DOT/USD,2026-04-07,1.24,1.331,1.206,1.314,369094.83
DOT/USD,2026-04-08,1.313,1.335,1.268,1.269,225480.04
DOT/USD,2026-04-09,1.268,1.359,1.235,1.301,223301.6
DOT/USD,2026-04-10,1.294,1.322,1.286,1.304,146726.56
DOT/USD,2026-04-11,1.305,1.315,1.266,1.288,78919.75
DOT/USD,2026-04-12,1.285,1.289,1.217,1.223,92606.25
DOT/USD,2026-04-13,1.223,1.245,1.145,1.23,890494.48
DOT/USD,2026-04-14,1.23,1.23,1.148,1.167,270859.4
DOT/USD,2026-04-15,1.169,1.195,1.147,1.18,148741.38
DOT/USD,2026-04-16,1.18,1.351,1.172,1.33,398782.21
DOT/USD,2026-04-17,1.326,1.355,1.286,1.336,188663.2
DOT/USD,2026-04-18,1.333,1.34,1.272,1.275,44412.56
DOT/USD,2026-04-19,1.272,1.29,1.239,1.241,57182.72
DOT/USD,2026-04-20,1.24,1.295,1.24,1.278,41495.31
DOT/USD,2026-04-21,1.282,1.291,1.259,1.28,80035.2
DOT/USD,2026-04-22,1.279,1.325,1.271,1.271,77183.76
DOT/USD,2026-04-23,1.275,1.276,1.215,1.241,106678.53
DOT/USD,2026-04-24,1.241,1.268,1.229,1.251,122371.13
DOT/USD,2026-04-25,1.253,1.273,1.239,1.246,50778.83
DOT/USD,2026-04-26,1.243,1.272,1.237,1.261,69703.7
DOT/USD,2026-04-27,1.262,1.274,1.212,1.234,105907.47
DOT/USD,2026-04-28,1.231,1.239,1.217,1.229,72232.47
DOT/USD,2026-04-29,1.229,1.258,1.18,1.211,123617.32
DOT/USD,2026-04-30,1.211,1.225,1.197,1.203,38649.56
DOT/USD,2026-05-01,1.204,1.227,1.196,1.2,47150.17
DOT/USD,2026-05-02,1.204,1.239,1.196,1.228,43607.1
DOT/USD,2026-05-03,1.228,1.228,1.204,1.21,41026.76
DOT/USD,2026-05-04,1.209,1.259,1.201,1.226,193685.88
DOT/USD,2026-05-05,1.228,1.294,1.227,1.28,208560.83
DOT/USD,2026-05-06,1.277,1.332,1.27,1.315,125639.08
DOT/USD,2026-05-07,1.318,1.337,1.291,1.311,194636.75
DOT/USD,2026-05-08,1.31,1.389,1.294,1.372,128897.75
DOT/USD,2026-05-09,1.372,1.39,1.338,1.345,67687.95
DOT/USD,2026-05-10,1.342,1.416,1.329,1.386,110946.18
DOT/USD,2026-05-11,1.379,1.38,1.335,1.366,82090.06
DOT/USD,2026-05-12,1.364,1.364,1.306,1.334,50103.15
DOT/USD,2026-05-13,1.334,1.437,1.316,1.327,205280.22
DOT/USD,2026-05-14,1.327,1.421,1.313,1.361,186687.26
DOT/USD,2026-05-15,1.368,1.374,1.289,1.316,121596.63
DOT/USD,2026-05-16,1.314,1.317,1.248,1.269,85638.31
DOT/USD,2026-05-17,1.267,1.293,1.216,1.249,66801.94
DOT/USD,2026-05-18,1.246,1.254,1.216,1.254,135664.34
DOT/USD,2026-05-19,1.251,1.257,1.22,1.223,41830.2
DOT/USD,2026-05-20,1.223,1.256,1.22,1.247,45710.37
DOT/USD,2026-05-21,1.247,1.305,1.246,1.289,68583.72
DOT/USD,2026-05-22,1.291,1.343,1.25,1.25,102904.33
DOT/USD,2026-05-23,1.253,1.335,1.2,1.295,138990.84
DOT/USD,2026-05-24,1.293,1.296,1.23,1.245,60543.75
DOT/USD,2026-05-25,1.244,1.291,1.24,1.262,40105.03
DOT/USD,2026-05-26,1.26,1.303,1.235,1.248,68617.57
DOT/USD,2026-05-27,1.25,1.274,1.225,1.228,223268.33
DOT/USD,2026-05-28,1.227,1.234,1.176,1.212,329353.25
DOT/USD,2026-05-29,1.211,1.222,1.198,1.215,10389.22
AVAX/USD,2025-01-15,36.57643,39.85025,36.23421,39.85025,45901.44872222
AVAX/USD,2025-01-16,39.83824,40.47,38.34159,40.01966,30946.6045158
AVAX/USD,2025-01-17,40.22265,41.80434,40.13045,41.35852,38306.33838942
AVAX/USD,2025-01-18,41.43302,41.64758,38.33205,39.22997,24524.69576092
AVAX/USD,2025-01-19,39.11454,40.49552,34.92999,35.59216,51354.25765321
AVAX/USD,2025-01-20,35.09286,39.93635,34.48877,36.0606,34294.98695551
AVAX/USD,2025-01-21,35.96802,37.59339,34.5153,36.89887,28761.08851597
AVAX/USD,2025-01-22,37.0894,37.77696,36.53172,36.88491,18469.08730468
AVAX/USD,2025-01-23,36.87015,36.87015,34.68075,35.58497,60025.88918733
AVAX/USD,2025-01-24,35.5619,36.82291,34.57777,35.35658,22239.90842776
AVAX/USD,2025-01-25,35.27415,37.23396,34.97796,36.76673,19152.26945782
AVAX/USD,2025-01-26,36.61,38.1474,35.7516,35.7516,28496.26453249
AVAX/USD,2025-01-27,35.41612,36.0078,32.88795,34.12955,42198.76939684
AVAX/USD,2025-01-28,34.26932,34.5235,31.804,32.14518,17488.07265677
AVAX/USD,2025-01-29,32.10971,33.81297,31.89948,32.80462,39832.05193239
AVAX/USD,2025-01-30,32.6845,34.6543,32.6683,34.32747,18356.89801851
AVAX/USD,2025-01-31,34.3494,36.17522,33.84729,34.41439,46363.89702685
AVAX/USD,2025-02-01,34.35761,35.0731,31.90449,32.13948,34616.16488432
AVAX/USD,2025-02-02,32.30583,32.52,25.92844,27.59296,74090.07833129
AVAX/USD,2025-02-03,27.60275,28.78455,21.32414,28.44392,212025.15866042
AVAX/USD,2025-02-04,28.46312,28.58905,25.59422,26.53931,42633.65043856
AVAX/USD,2025-02-05,26.46599,27.39021,25.63633,25.86638,35919.10872379
AVAX/USD,2025-02-06,25.86636,26.8206,24.37831,24.39848,67820.68644029
AVAX/USD,2025-02-07,24.70629,26.21822,23.72968,24.38946,31469.06754511
AVAX/USD,2025-02-08,24.46491,24.80392,23.94113,24.61347,6990.59709162
AVAX/USD,2025-02-09,24.5989,25.51608,23.69599,24.89147,25291.8937356
AVAX/USD,2025-02-10,25.1833,25.9635,23.88944,25.69039,21615.97058535
AVAX/USD,2025-02-11,25.66949,26.9786,24.93155,25.39783,19865.43781593
AVAX/USD,2025-02-12,25.37834,27.07939,24.34536,26.52467,17714.64761634
AVAX/USD,2025-02-13,26.55416,26.59735,25.14306,25.41296,43374.25623408
AVAX/USD,2025-02-14,25.39347,27.2221,25.31752,26.36317,20770.39762307
AVAX/USD,2025-02-15,26.43776,26.93593,25.41773,25.48146,21118.9145374
AVAX/USD,2025-02-16,25.41945,25.58278,24.7625,24.79801,11372.06576309
AVAX/USD,2025-02-17,24.95017,25.94845,24.46876,24.99886,14442.90164439
AVAX/USD,2025-02-18,25.04952,25.10808,22.92957,23.52381,37157.6420283
AVAX/USD,2025-02-19,23.52019,24.0024,22.98862,23.7409,26267.53684736
AVAX/USD,2025-02-20,23.74871,25.3567,23.73518,25.16884,40897.83921077
AVAX/USD,2025-02-21,25.21328,26.53164,23.80146,24.5631,38112.76638259
AVAX/USD,2025-02-22,24.54185,26.31896,24.43398,25.8169,16314.09558807
AVAX/USD,2025-02-23,25.85377,25.94496,24.41975,24.85801,27830.00254113
AVAX/USD,2025-02-24,24.87732,25.18898,21.51884,21.87231,56320.25856232
AVAX/USD,2025-02-25,21.99653,22.30172,20.30943,21.92427,40810.12981529
AVAX/USD,2025-02-26,21.94309,22.56125,21.00169,21.76311,19113.13499483
AVAX/USD,2025-02-27,21.83982,23.32759,21.68338,22.50749,21975.66099236
AVAX/USD,2025-02-28,22.52143,22.54243,20.26871,22.35102,38989.04901221
AVAX/USD,2025-03-01,22.4058,22.44709,21.08,21.86811,8823.66317748
AVAX/USD,2025-03-02,21.84843,24.99356,21.65534,24.91484,25015.01432107
AVAX/USD,2025-03-03,24.9939,25.07841,20.59959,20.95533,23974.86165919
AVAX/USD,2025-03-04,20.82816,21.08829,18.9473,19.9904,34891.12365006
AVAX/USD,2025-03-05,19.9991,22.4833,19.70796,21.7393,77889.84003422
AVAX/USD,2025-03-06,21.72541,22.56638,20.9,20.99277,23000.47369537
AVAX/USD,2025-03-07,21.02429,21.23907,19.7075,20.09684,20803.93296194
AVAX/USD,2025-03-08,20.06955,21.10506,19.4957,20.48102,12824.61508619
AVAX/USD,2025-03-09,20.49223,20.67002,17.78345,17.95128,34354.84540667
AVAX/USD,2025-03-10,17.98708,19.03387,16.15108,16.39156,35768.38884875
AVAX/USD,2025-03-11,16.2824,17.87,15.33803,17.46372,41420.12905769
AVAX/USD,2025-03-12,17.50625,18.9665,16.95998,18.88658,39157.86112052
AVAX/USD,2025-03-13,18.99237,19.29417,17.7629,18.48115,20694.45455107
AVAX/USD,2025-03-14,18.49643,19.29384,18.49622,18.54828,32870.91321315
AVAX/USD,2025-03-15,18.52426,19.4566,18.41059,19.38275,21613.71854011
AVAX/USD,2025-03-16,19.33089,19.8202,18.12926,18.30056,18248.24491271
AVAX/USD,2025-03-17,18.27071,19.05657,18.24418,18.88144,14180.36857167
AVAX/USD,2025-03-18,18.84008,19.25549,18.36199,18.98267,22546.89638022
AVAX/USD,2025-03-19,18.96471,20.09899,18.84643,19.75989,81692.66903288
AVAX/USD,2025-03-20,19.73967,19.85218,18.40432,18.73915,46591.88065924
AVAX/USD,2025-03-21,18.84185,19.42584,18.35,19.10999,13386.97463579
AVAX/USD,2025-03-22,19.25031,19.72246,19.1201,19.37333,8801.88405714
AVAX/USD,2025-03-23,19.40109,19.82954,19.29928,19.82954,6165.09628794
AVAX/USD,2025-03-24,19.81869,22.1289,19.79972,21.4793,49264.11311816
AVAX/USD,2025-03-25,21.42075,23.46986,21.3617,22.93355,25425.83461283
AVAX/USD,2025-03-26,22.90063,23.16896,21.83587,22.10969,37685.974835
AVAX/USD,2025-03-27,22.04493,22.3498,21.66826,21.98897,59759.91906318
AVAX/USD,2025-03-28,22.06438,22.17138,19.75998,20.38347,170421.90231519
AVAX/USD,2025-03-29,20.52455,20.52455,19.46073,19.6557,21925.04060871
AVAX/USD,2025-03-30,19.63315,19.8783,18.697,18.85574,9507.19344599
AVAX/USD,2025-03-31,18.8663,19.085,18.17121,18.77276,29524.89384369
AVAX/USD,2025-04-01,18.7972,19.97331,18.73274,19.81404,80462.5124253
AVAX/USD,2025-04-02,19.81786,19.97703,17.7829,17.9852,46304.68202963
AVAX/USD,2025-04-03,17.95462,18.9593,17.59429,18.13488,70246.14037336
AVAX/USD,2025-04-04,18.14485,18.76205,17.62839,18.19466,32653.18163267
AVAX/USD,2025-04-05,18.16079,18.36944,17.69801,17.85697,6051.13961176
AVAX/USD,2025-04-06,17.84559,17.89817,15.61,16.02582,57535.12117937
AVAX/USD,2025-04-07,16.02383,17.12893,14.67045,16.67456,54018.61455981
AVAX/USD,2025-04-08,16.69851,17.69083,15.93719,16.13086,40433.84635738
AVAX/USD,2025-04-09,16.11305,18.87354,15.61847,18.43844,41520.8597904
AVAX/USD,2025-04-10,18.4115,18.42518,17.53555,18.3167,29686.95481584
AVAX/USD,2025-04-11,18.29487,19.56604,18.28981,19.15254,36010.60212245
AVAX/USD,2025-04-12,19.13561,21.0041,18.86178,20.49255,20598.7176716
AVAX/USD,2025-04-13,20.50401,20.67393,19.2859,19.4522,14757.56713893
AVAX/USD,2025-04-14,19.56829,20.66688,19.56829,20.0868,32011.29111512
AVAX/USD,2025-04-15,20.14509,20.2531,18.96156,19.02518,37229.41869962
AVAX/USD,2025-04-16,18.97062,19.27395,18.52553,18.7526,49834.30734869
AVAX/USD,2025-04-17,18.75465,19.54715,18.69817,19.04703,27992.69611993
AVAX/USD,2025-04-18,19.01333,19.33504,18.85151,19.0805,28694.99459099
AVAX/USD,2025-04-19,19.06563,20.34797,19.0314,19.89703,30922.36111435
AVAX/USD,2025-04-20,19.89705,20.02536,19.22393,19.49457,18338.30164135
AVAX/USD,2025-04-21,19.51353,20.92555,19.50513,19.95545,34297.16686667
AVAX/USD,2025-04-22,19.89913,22.29571,19.49345,22.09646,68159.55367308
AVAX/USD,2025-04-23,22.12586,23.08206,21.88097,22.35893,43930.52124502
AVAX/USD,2025-04-24,22.34894,22.63639,21.67267,22.38434,23168.64646421
AVAX/USD,2025-04-25,22.36875,22.85214,21.78296,22.17269,40032.44684902
AVAX/USD,2025-04-26,22.23031,22.98195,21.74549,22.41936,39158.26072499
AVAX/USD,2025-04-27,22.42605,22.77497,21.69495,21.76843,20151.88205692
AVAX/USD,2025-04-28,21.72434,22.39427,21.03473,21.82667,28507.2692823
AVAX/USD,2025-04-29,21.82746,22.30321,21.2779,21.55194,30074.67577104
AVAX/USD,2025-04-30,21.54352,21.92609,20.37964,20.90891,50351.74438851
AVAX/USD,2025-05-01,20.92029,21.86588,20.82603,21.61097,38958.82347514
AVAX/USD,2025-05-02,21.64402,22.18286,20.97958,21.2624,47277.12460985
AVAX/USD,2025-05-03,21.26536,21.26536,20.52763,20.52783,26449.84229904
AVAX/USD,2025-05-04,20.48873,20.63022,19.7857,19.91823,35122.63985835
AVAX/USD,2025-05-05,19.90435,20.22696,19.32087,19.67144,47971.65777603
AVAX/USD,2025-05-06,19.68334,20.11631,19.27836,19.99683,37277.96311685
AVAX/USD,2025-05-07,20.01583,20.22084,19.08817,19.52506,30264.1333032
AVAX/USD,2025-05-08,19.58563,22.15206,19.50852,22.11712,50776.71365701
AVAX/USD,2025-05-09,22.16676,24.06407,21.96548,23.24917,73307.28958325
AVAX/USD,2025-05-10,23.28196,25.97512,23.0605,25.80767,44406.43243367
AVAX/USD,2025-05-11,25.74729,26.00812,24.16333,24.75706,53289.82562064
AVAX/USD,2025-05-12,24.77271,26.87053,23.76111,24.89407,80229.31293157
AVAX/USD,2025-05-13,24.75972,26.21817,23.47385,25.76936,70135.30231189
AVAX/USD,2025-05-14,25.74504,26.52717,24.79456,24.98136,47243.51675202
AVAX/USD,2025-05-15,24.95056,25.08644,22.99796,23.5038,26462.78738967
AVAX/USD,2025-05-16,23.52951,24.01401,22.74706,23.0954,23095.62385995
AVAX/USD,2025-05-17,23.08052,23.10116,21.9911,22.17882,19118.90049643
AVAX/USD,2025-05-18,22.19719,23.85917,21.60294,23.0948,35874.31667066
AVAX/USD,2025-05-19,22.97314,23.11564,21.27797,22.26695,31634.92981296
AVAX/USD,2025-05-20,22.27737,22.8227,21.7764,22.61525,26256.24692092
AVAX/USD,2025-05-21,22.63559,23.79119,22.17748,23.17813,45003.88511953
AVAX/USD,2025-05-22,23.19601,25.42717,23.17083,25.27815,74528.37618045
AVAX/USD,2025-05-23,25.28155,25.96665,22.94997,23.07558,99300.55585266
AVAX/USD,2025-05-24,23.025,23.49054,22.77006,22.915,29934.85692142
AVAX/USD,2025-05-25,22.95484,23.49062,22.04965,23.45322,40377.08966372
AVAX/USD,2025-05-26,23.49082,24.01441,22.87913,23.10012,46944.73595194
AVAX/USD,2025-05-27,23.05775,24.01441,22.55145,23.38365,108377.05474558
AVAX/USD,2025-05-28,23.38963,23.74559,22.7944,23.60454,47183.77640533
AVAX/USD,2025-05-29,23.62636,24.32953,22.17696,22.25068,79384.3984739
AVAX/USD,2025-05-30,22.25443,22.32694,20.43405,20.532,66154.66395317
AVAX/USD,2025-05-31,20.56339,21.12234,19.79978,20.80758,53629.3989536
AVAX/USD,2025-06-01,20.8121,20.9671,20.22879,20.88085,36507.74290753
AVAX/USD,2025-06-02,20.8814,21.30511,20.26832,21.1749,46562.80217394
AVAX/USD,2025-06-03,21.15796,21.68989,20.99353,21.15216,28860.26794073
AVAX/USD,2025-06-04,21.14134,21.62447,20.12253,20.18348,27731.21059933
AVAX/USD,2025-06-05,20.14683,20.55626,18.45975,18.7699,71982.20549133
AVAX/USD,2025-06-06,18.76334,19.97169,18.71885,19.65932,51631.6595391
AVAX/USD,2025-06-07,19.68522,21.13726,19.59749,20.66249,60400.06658011
AVAX/USD,2025-06-08,20.66137,21.48776,20.15006,21.0343,49817.2078765
AVAX/USD,2025-06-09,21.05028,22.03771,20.24043,21.95654,61693.79974063
AVAX/USD,2025-06-10,21.95245,22.5861,21.53814,22.57414,79575.22220812
AVAX/USD,2025-06-11,22.59198,22.76326,21.34195,21.57856,45575.76076183
AVAX/USD,2025-06-12,21.54287,21.60021,20.17899,20.31445,61144.94035933
AVAX/USD,2025-06-13,20.30207,20.30207,18.5037,19.42881,62938.13085109
AVAX/USD,2025-06-14,19.42113,19.49869,18.7217,18.95505,34249.17163576
AVAX/USD,2025-06-15,18.93925,19.27856,18.77217,19.12003,19276.20036815
AVAX/USD,2025-06-16,19.09938,19.99727,18.92243,19.0485,42015.91844263
AVAX/USD,2025-06-17,19.05289,19.46341,18.15541,18.59858,88865.89923661
AVAX/USD,2025-06-18,18.6373,18.88179,18.04792,18.15558,316762.60767045
AVAX/USD,2025-06-19,18.15558,18.38624,17.65162,18.05069,254001.21692277
AVAX/USD,2025-06-20,18.06303,18.43698,16.96299,17.36369,105564.88078673
AVAX/USD,2025-06-21,17.38233,17.63442,16.32248,16.83466,65601.00817972
AVAX/USD,2025-06-22,16.85207,17.10186,15.63654,16.52398,89161.77948146
AVAX/USD,2025-06-23,16.51926,18.21019,16.28194,18.0771,108395.40405018
AVAX/USD,2025-06-24,18.08685,18.49399,17.90775,18.24472,69810.12347034
AVAX/USD,2025-06-25,18.24019,18.37931,17.44051,17.56219,78647.27689363
AVAX/USD,2025-06-26,17.57244,18.01368,17.11584,17.23373,99847.38838097
AVAX/USD,2025-06-27,17.24439,17.75707,17.03221,17.57564,76529.98010059
AVAX/USD,2025-06-28,17.57306,18.07254,17.49945,17.98017,38765.76688929
AVAX/USD,2025-06-29,17.987,18.89019,17.81499,18.74151,39114.21055174
AVAX/USD,2025-06-30,18.76467,18.86379,17.71616,17.96743,103361.33295495
AVAX/USD,2025-07-01,17.977,18.04784,16.97865,17.10452,74589.23830412
AVAX/USD,2025-07-02,17.11075,18.83364,16.97842,18.5148,128223.49564471
AVAX/USD,2025-07-03,18.56018,19.16515,18.35469,18.54906,105907.54665736
AVAX/USD,2025-07-04,18.55524,18.89193,17.5192,17.79585,134974.45693887
AVAX/USD,2025-07-05,17.78253,17.99446,17.63409,17.92483,39969.88288237
AVAX/USD,2025-07-06,17.92831,18.60547,17.75316,18.2929,51654.4003501
AVAX/USD,2025-07-07,18.30358,18.57575,17.81793,18.0043,51592.47232053
AVAX/USD,2025-07-08,17.98438,18.48,17.69379,18.36064,107228.59600265
AVAX/USD,2025-07-09,18.36247,19.62596,18.10135,19.51988,130783.26713254
AVAX/USD,2025-07-10,19.51751,20.77401,19.35531,20.70139,97282.6351025
AVAX/USD,2025-07-11,20.71496,21.53644,20.34468,20.6869,124216.20763635
AVAX/USD,2025-07-12,20.66123,21.07984,20.19678,20.68875,97400.37193409
AVAX/USD,2025-07-13,20.68875,21.79114,20.67287,21.19223,146621.11881481
AVAX/USD,2025-07-14,21.21224,22.0792,21.04817,21.27518,143496.39105703
AVAX/USD,2025-07-15,21.25588,22.56723,20.40069,22.50574,133624.25263995
AVAX/USD,2025-07-16,22.50587,23.04167,21.64316,22.65869,68353.22887967
AVAX/USD,2025-07-17,22.71218,24.32001,22.04943,23.9412,138784.33322868
AVAX/USD,2025-07-18,23.9316,25.03405,23.05356,23.52059,180289.1847324
AVAX/USD,2025-07-19,23.53055,25.23467,23.02545,24.51809,116720.87950124
AVAX/USD,2025-07-20,24.5288,25.55639,24.31885,25.09447,140211.35286484
AVAX/USD,2025-07-21,25.01329,26.49631,24.67941,25.4634,142039.31731903
AVAX/USD,2025-07-22,25.44259,26.10677,24.71164,25.89421,183762.33041581
AVAX/USD,2025-07-23,25.89925,26.1191,23.17923,23.97716,137026.83090623
AVAX/USD,2025-07-24,23.92915,24.44976,22.54435,23.65525,127405.1066191
AVAX/USD,2025-07-25,23.65895,24.02006,22.8681,24.00595,70167.31272065
AVAX/USD,2025-07-26,24.01872,25.76067,23.89314,24.93464,53150.73622711
AVAX/USD,2025-07-27,24.94343,26.45177,24.76421,26.0543,124889.80885061
AVAX/USD,2025-07-28,26.09081,27.37452,25.0,25.08603,141958.36229253
AVAX/USD,2025-07-29,25.16968,25.50924,23.9096,24.33237,87552.12294926
AVAX/USD,2025-07-30,24.27568,24.48873,22.41799,23.29266,102582.55924472
AVAX/USD,2025-07-31,23.29502,24.11343,22.40329,22.463,97036.60578274
AVAX/USD,2025-08-01,22.46517,22.55665,21.02915,21.5287,141777.55724802
AVAX/USD,2025-08-02,21.52557,21.80413,20.66714,20.85541,67308.96337856
AVAX/USD,2025-08-03,20.8513,21.54309,20.58627,21.38017,34576.21086514
AVAX/USD,2025-08-04,21.39748,23.11698,21.35383,23.09645,83859.38959102
AVAX/USD,2025-08-05,23.10446,23.12327,21.43812,21.92039,77570.72084538
AVAX/USD,2025-08-06,21.91477,22.38529,21.57334,22.22337,59442.85237471
AVAX/USD,2025-08-07,22.24334,23.37185,21.96982,23.3521,82555.96464781
AVAX/USD,2025-08-08,23.37002,23.87097,23.05074,23.80182,82061.74765952
AVAX/USD,2025-08-09,23.81256,24.81925,23.73572,24.24609,66184.61625592
AVAX/USD,2025-08-10,24.25665,24.53453,23.26915,23.86628,106685.96400527
AVAX/USD,2025-08-11,23.80331,24.59101,22.67107,22.79529,126856.40686733
AVAX/USD,2025-08-12,22.7896,24.89566,22.76172,24.66591,133380.52081781
AVAX/USD,2025-08-13,24.67542,25.68013,24.38043,25.48216,100419.53194157
AVAX/USD,2025-08-14,25.47955,25.99218,23.2101,23.64376,233479.59902878
AVAX/USD,2025-08-15,23.67302,25.66888,23.47942,23.75586,149015.15620711
AVAX/USD,2025-08-16,23.75186,24.36387,23.58564,24.31705,49519.27252302
AVAX/USD,2025-08-17,24.31693,25.67239,24.04596,25.08509,106178.44662542
AVAX/USD,2025-08-18,25.08194,25.31724,23.38119,23.70636,116450.64342775
AVAX/USD,2025-08-19,23.70106,24.05242,22.30809,22.3558,99892.7715369
AVAX/USD,2025-08-20,22.35711,23.54185,22.28393,23.44598,51192.46544739
AVAX/USD,2025-08-21,23.44334,23.61542,22.71553,22.75825,68421.91660923
AVAX/USD,2025-08-22,22.77041,25.38444,22.19009,25.25218,124519.43564481
AVAX/USD,2025-08-23,25.21349,26.75,24.49729,26.25214,201683.603336
AVAX/USD,2025-08-24,26.24958,26.56569,24.92605,25.85711,137059.16148333
AVAX/USD,2025-08-25,25.82171,25.96643,23.04434,23.36091,188958.49034438
AVAX/USD,2025-08-26,23.30669,24.34821,23.10898,24.17438,83295.53923009
AVAX/USD,2025-08-27,24.16279,25.32229,23.87667,24.41942,113623.21863578
AVAX/USD,2025-08-28,24.42489,25.07349,24.13383,24.92698,168503.99180147
AVAX/USD,2025-08-29,24.93244,25.19877,23.20771,23.54523,161953.18118254
AVAX/USD,2025-08-30,23.54881,23.93865,23.1218,23.79273,88365.35805958
AVAX/USD,2025-08-31,23.77789,24.19027,23.38603,23.39834,37663.48784613
AVAX/USD,2025-09-01,23.39776,24.31812,22.68248,23.20938,101205.73107906
AVAX/USD,2025-09-02,23.21992,24.49704,23.04186,24.45871,136745.82364264
AVAX/USD,2025-09-03,24.46884,25.76893,24.27335,25.20918,93588.7387232
AVAX/USD,2025-09-04,25.20917,25.2718,24.21054,24.22377,91839.26596632
AVAX/USD,2025-09-05,24.20502,25.08272,23.87795,24.47362,154244.62509039
AVAX/USD,2025-09-06,24.46494,24.62229,24.09701,24.37704,55014.58318746
AVAX/USD,2025-09-07,24.38183,24.9497,24.26375,24.67479,45160.19553601
AVAX/USD,2025-09-08,24.6854,25.79623,24.53625,25.24482,159803.03487583
AVAX/USD,2025-09-09,25.28514,26.3449,24.91118,25.93141,193114.92789863
AVAX/USD,2025-09-10,25.95754,29.52871,25.75889,29.46746,279316.5300493
AVAX/USD,2025-09-11,29.48158,30.0,28.33793,29.14967,200784.72870619
AVAX/USD,2025-09-12,29.14394,29.40964,28.24972,29.00535,190244.25159634
AVAX/USD,2025-09-13,29.0061,31.26935,28.76506,30.1123,305434.3805634
AVAX/USD,2025-09-14,30.10474,30.64356,29.0,29.49718,198084.19821339
AVAX/USD,2025-09-15,29.45876,30.45457,28.26987,29.82892,281860.75083514
AVAX/USD,2025-09-16,29.80823,30.98526,29.16388,30.08682,277649.63261008
AVAX/USD,2025-09-17,30.08262,32.0,29.36217,31.80744,258824.15070547
AVAX/USD,2025-09-18,31.85913,35.44664,31.66507,35.21036,362861.15962612
AVAX/USD,2025-09-19,35.20072,35.81349,33.36754,33.75091,246953.20374694
AVAX/USD,2025-09-20,33.75081,34.12699,32.89515,33.20206,149162.91209084
AVAX/USD,2025-09-21,33.19251,33.62251,32.61062,33.0435,108063.31378935
AVAX/USD,2025-09-22,33.06351,33.99046,29.20197,33.88294,352971.00860251
AVAX/USD,2025-09-23,33.88238,36.17721,32.79285,33.60617,411103.30068768
AVAX/USD,2025-09-24,33.62083,34.85887,32.27598,32.3301,293585.48165503
AVAX/USD,2025-09-25,32.32844,32.79188,28.55572,28.64809,489637.20078145
AVAX/USD,2025-09-26,28.64896,29.59389,27.08985,29.11343,459342.04498578
AVAX/USD,2025-09-27,29.1188,29.1188,28.24789,28.77097,155049.91793186
AVAX/USD,2025-09-28,28.76636,30.20503,27.93927,30.01929,228071.92379073
AVAX/USD,2025-09-29,30.00633,30.85249,29.14824,30.42793,265829.77181938
AVAX/USD,2025-09-30,30.42799,30.73801,28.81128,30.01414,248343.01618873
AVAX/USD,2025-10-01,30.06416,31.10057,29.63895,30.7458,259485.89341007
AVAX/USD,2025-10-02,30.7657,31.39434,29.54224,30.9941,410807.38648804
AVAX/USD,2025-10-03,30.99444,31.5756,30.02383,31.33796,326197.69156054
AVAX/USD,2025-10-04,31.33796,31.46185,29.88694,30.138,96926.69418444
AVAX/USD,2025-10-05,30.13064,31.21164,29.64241,30.08693,143152.09257259
AVAX/USD,2025-10-06,30.08603,31.03812,29.96295,30.68162,219759.2451586
AVAX/USD,2025-10-07,30.62402,30.73985,27.85025,27.93,563077.59862417
AVAX/USD,2025-10-08,27.93986,29.6387,27.86049,28.82274,357409.42723386
AVAX/USD,2025-10-09,28.82499,28.90189,27.60831,28.39351,235721.52202546
AVAX/USD,2025-10-10,28.39351,28.61813,16.40002,20.72497,485199.89017838
AVAX/USD,2025-10-11,20.8626,23.39501,20.40853,21.45614,457045.16164522
AVAX/USD,2025-10-12,21.47616,23.35674,20.67822,22.54256,533569.2752009
AVAX/USD,2025-10-13,22.51227,24.08129,21.73712,23.83022,514923.22854844
AVAX/USD,2025-10-14,23.82444,23.91987,21.8375,22.7522,317721.1148272
AVAX/USD,2025-10-15,22.74365,23.29614,21.61572,21.91784,138213.86969561
AVAX/USD,2025-10-16,21.93034,22.39356,20.59001,20.98879,143743.94828465
AVAX/USD,2025-10-17,20.96749,21.25981,19.06802,19.95033,250367.96194599
AVAX/USD,2025-10-18,19.96079,20.41166,19.84159,20.20783,73058.89830072
AVAX/USD,2025-10-19,20.19636,20.84583,19.76391,20.60032,139612.53853421
AVAX/USD,2025-10-20,20.58758,21.21626,20.17699,20.36597,195109.66531204
AVAX/USD,2025-10-21,20.3512,20.85825,19.48014,19.53914,357013.4609949
AVAX/USD,2025-10-22,19.53426,19.72237,18.45741,19.01855,371175.16704738
AVAX/USD,2025-10-23,19.03038,19.74204,18.97643,19.13626,317575.35582643
AVAX/USD,2025-10-24,19.13145,19.91443,19.02512,19.49892,321776.57070978
AVAX/USD,2025-10-25,19.50484,19.83189,19.24774,19.71222,105121.07974433
AVAX/USD,2025-10-26,19.72222,20.95937,19.34434,20.82795,227341.35733111
AVAX/USD,2025-10-27,20.83198,21.10172,20.18306,20.33272,408620.38648763
AVAX/USD,2025-10-28,20.32348,20.52645,19.15583,19.47801,516172.02931984
AVAX/USD,2025-10-29,19.47499,20.18967,19.31767,19.65929,454413.86879096
AVAX/USD,2025-10-30,19.66897,19.96991,17.53324,18.11624,492368.76458428
AVAX/USD,2025-10-31,18.11905,18.57494,17.78837,18.19516,274623.88762335
AVAX/USD,2025-11-01,18.18645,18.73019,18.08008,18.71852,146590.04701732
AVAX/USD,2025-11-02,18.70321,18.99302,18.10112,18.81641,116816.04324238
AVAX/USD,2025-11-03,18.80883,18.88826,15.91982,16.63461,754275.86892713
AVAX/USD,2025-11-04,16.64174,17.00422,14.99658,15.98743,1062379.90962806
AVAX/USD,2025-11-05,15.98334,16.99766,15.28601,16.60664,278153.37914689
AVAX/USD,2025-11-06,16.60615,16.70866,15.59553,16.11379,204220.58459328
AVAX/USD,2025-11-07,16.11388,18.0511,16.05857,17.73071,330757.57968941
AVAX/USD,2025-11-08,17.73061,18.39275,17.02184,17.48935,131457.9254393
AVAX/USD,2025-11-09,17.47572,17.90546,16.80478,17.77784,125238.08135488
AVAX/USD,2025-11-10,17.76572,18.35512,17.64912,18.17862,313343.00287334
AVAX/USD,2025-11-11,18.19136,18.59538,16.97602,16.98797,220276.10928966
AVAX/USD,2025-11-12,17.01221,17.75697,16.64471,16.81639,157058.1498206
AVAX/USD,2025-11-13,16.8,17.68815,15.76909,16.09256,371780.68033362
AVAX/USD,2025-11-14,16.09193,16.15266,14.85,15.10511,484588.18807437
AVAX/USD,2025-11-15,15.10542,15.77648,15.10542,15.51844,235889.4718772
AVAX/USD,2025-11-16,15.51882,15.8429,14.61975,15.14179,450174.48425831
AVAX/USD,2025-11-17,15.12732,15.78252,14.24755,14.51,412439.87245354
AVAX/USD,2025-11-18,14.51,14.9052,14.0,14.58358,383848.99731202
AVAX/USD,2025-11-19,14.58079,14.66282,13.69199,14.26642,358041.45149467
AVAX/USD,2025-11-20,14.26865,14.48846,13.4955,13.79229,315599.44477549
AVAX/USD,2025-11-21,13.80271,13.9653,12.49031,13.28406,476876.5935068
AVAX/USD,2025-11-22,13.28118,13.35976,13.03,13.22514,245281.13854251
AVAX/USD,2025-11-23,13.22917,13.4586,13.20742,13.26943,171076.23856511
AVAX/USD,2025-11-24,13.26624,14.04175,13.16699,13.89246,275072.78711063
AVAX/USD,2025-11-25,13.88712,14.37469,13.70013,14.17464,198345.73699198
AVAX/USD,2025-11-26,14.18524,14.95,13.89421,14.94996,314843.63166046
AVAX/USD,2025-11-27,14.95238,15.15676,14.86984,15.01948,248247.17630155
AVAX/USD,2025-11-28,15.02069,15.26982,14.79069,14.84648,243789.4162804
AVAX/USD,2025-11-29,14.85022,14.91346,14.19376,14.26878,178944.59208198
AVAX/USD,2025-11-30,14.25588,14.3404,13.67895,13.71028,229047.8972709
AVAX/USD,2025-12-01,13.70479,13.71874,12.5458,12.77346,459075.08370029
AVAX/USD,2025-12-02,12.75924,13.7624,12.71786,13.63178,450111.38026653
AVAX/USD,2025-12-03,13.6314,15.08491,13.58969,14.78404,406145.29867119
AVAX/USD,2025-12-04,14.79138,14.8819,14.21124,14.40458,234629.98021238
AVAX/USD,2025-12-05,14.40372,14.52589,13.11627,13.2161,320384.07126359
AVAX/USD,2025-12-06,13.19876,13.47811,13.15291,13.41088,182345.41459728
AVAX/USD,2025-12-07,13.41006,13.85247,12.9538,13.49864,183221.21509162
AVAX/USD,2025-12-08,13.48265,13.91171,13.37935,13.6488,262327.20371591
AVAX/USD,2025-12-09,13.64423,14.7269,13.50052,14.60263,296806.31743884
AVAX/USD,2025-12-10,14.60882,14.82744,14.09479,14.1206,267281.57063018
AVAX/USD,2025-12-11,14.11681,14.11681,12.89293,13.41985,338277.04724325
AVAX/USD,2025-12-12,13.44815,13.78909,12.81322,13.10602,296122.63037872
AVAX/USD,2025-12-13,13.10884,13.46757,13.09736,13.38561,141321.33251928
AVAX/USD,2025-12-14,13.38539,13.3981,12.74065,12.87726,241678.33541007
AVAX/USD,2025-12-15,12.87843,13.35789,12.20455,12.34286,329901.32266231
AVAX/USD,2025-12-16,12.33209,12.40112,11.93383,12.34036,298813.77601283
AVAX/USD,2025-12-17,12.33859,12.64889,11.70207,11.85218,389297.23271512
AVAX/USD,2025-12-18,11.85393,12.29113,11.27142,11.43642,321715.01213245
AVAX/USD,2025-12-19,11.43356,12.45314,11.26627,12.25225,373281.26193876
AVAX/USD,2025-12-20,12.25174,12.36477,12.1273,12.2121,118451.45965548
AVAX/USD,2025-12-21,12.21137,12.33198,11.95625,12.13621,139491.47243829
AVAX/USD,2025-12-22,12.14685,12.4378,12.00975,12.40336,404715.42107138
AVAX/USD,2025-12-23,12.41158,12.53613,11.83335,12.1736,243592.3780776
AVAX/USD,2025-12-24,12.17479,12.2187,11.89833,12.09498,205692.43044733
AVAX/USD,2025-12-25,12.09405,12.53409,12.0479,12.07984,179824.80851319
AVAX/USD,2025-12-26,12.07553,12.59717,12.02765,12.33733,259577.33199764
AVAX/USD,2025-12-27,12.33417,12.78673,12.32742,12.68624,108682.58190506
AVAX/USD,2025-12-28,12.69784,12.88081,12.52611,12.63259,119230.06569128
AVAX/USD,2025-12-29,12.63614,13.17741,12.34315,12.3586,322816.53796575
AVAX/USD,2025-12-30,12.35555,12.62911,12.30579,12.5684,176827.88613948
AVAX/USD,2025-12-31,12.56592,12.69722,12.20197,12.29504,220189.91505562
AVAX/USD,2026-01-01,12.29565,13.67,12.19971,13.55978,195036.36844139
AVAX/USD,2026-01-02,13.60053,13.97113,13.08564,13.80557,309895.81022184
AVAX/USD,2026-01-03,13.81091,14.38012,13.6591,13.97843,183183.04699445
AVAX/USD,2026-01-04,13.97078,14.48293,13.90121,14.23359,189356.3623058
AVAX/USD,2026-01-05,14.26849,14.71339,13.91451,14.45116,332023.31183936
AVAX/USD,2026-01-06,14.45711,14.8285,14.2424,14.59325,292507.97403452
AVAX/USD,2026-01-07,14.58755,14.58755,13.87246,14.11137,180916.7007402
AVAX/USD,2026-01-08,14.11361,14.22511,13.57239,13.87563,174176.4761105
AVAX/USD,2026-01-09,13.87629,14.20242,13.60014,13.77368,113221.04639979
AVAX/USD,2026-01-10,13.77034,13.92324,13.62853,13.72085,48033.1086814
AVAX/USD,2026-01-11,13.71937,13.95647,13.46751,13.67702,74208.84204315
AVAX/USD,2026-01-12,13.6795,14.19918,13.37508,13.5046,310482.24561015
AVAX/USD,2026-01-13,13.49632,14.83855,13.46403,14.74019,244131.75820511
AVAX/USD,2026-01-14,14.76642,14.94011,14.40651,14.60822,218884.65115483
AVAX/USD,2026-01-15,14.61082,14.62062,13.63318,13.82629,251719.66587026
AVAX/USD,2026-01-16,13.81067,13.85948,13.19397,13.58111,198238.27707811
AVAX/USD,2026-01-17,13.5732,13.95426,13.53073,13.72478,64166.92055029
AVAX/USD,2026-01-18,13.75112,13.81142,12.94506,12.98559,107072.44504409
AVAX/USD,2026-01-19,12.94428,12.94428,12.11802,12.7254,265172.84124147
AVAX/USD,2026-01-20,12.72051,12.74662,11.95703,12.08139,417401.81401087
AVAX/USD,2026-01-21,12.07617,12.71021,11.87266,12.39958,200154.3653114
AVAX/USD,2026-01-22,12.41356,12.60436,12.03283,12.17524,206949.98391474
AVAX/USD,2026-01-23,12.17731,12.4775,11.97641,12.11794,333034.46087658
AVAX/USD,2026-01-24,12.11909,12.1624,11.96405,12.02801,120464.4101207
AVAX/USD,2026-01-25,12.02667,12.05845,11.23066,11.48865,292393.82043882
AVAX/USD,2026-01-26,11.46438,11.90254,11.45466,11.71081,296620.45025427
AVAX/USD,2026-01-27,11.70927,12.18545,11.57062,12.11536,374182.51286738
AVAX/USD,2026-01-28,12.11951,12.26978,11.91194,12.05638,383183.475707
AVAX/USD,2026-01-29,12.0573,12.07712,10.79539,11.02842,670286.78723837
AVAX/USD,2026-01-30,11.03874,11.07066,10.62897,10.8575,598272.12526758
AVAX/USD,2026-01-31,10.85814,10.87931,9.16683,10.10566,904181.93655024
AVAX/USD,2026-02-01,10.11088,10.23142,9.66844,9.90497,679183.86151182
AVAX/USD,2026-02-02,9.90524,10.31282,9.52386,10.13682,1039485.73931422
AVAX/USD,2026-02-03,10.13722,10.31772,9.52505,9.91602,684939.74006062
AVAX/USD,2026-02-04,9.91308,10.14681,9.53266,9.69255,683857.82867433
AVAX/USD,2026-02-05,9.69879,9.82036,7.95951,8.30065,1127094.95059638
AVAX/USD,2026-02-06,8.30526,9.45455,7.54655,9.27219,947081.20475176
AVAX/USD,2026-02-07,9.26794,9.36492,8.91387,9.2258,354010.83017511
AVAX/USD,2026-02-08,9.22093,9.28071,8.9989,9.07629,194198.58540707
AVAX/USD,2026-02-09,9.07079,9.19175,8.71673,9.05062,360399.28307378
AVAX/USD,2026-02-10,9.05934,9.10485,8.65418,8.74985,509249.07072587
AVAX/USD,2026-02-11,8.74912,8.95734,8.43061,8.6303,570846.29257791
AVAX/USD,2026-02-12,8.63795,8.96969,8.62479,8.89667,383816.16351769
AVAX/USD,2026-02-13,8.89624,9.24573,8.73597,9.1444,359384.59141756
AVAX/USD,2026-02-14,9.13936,9.71061,9.11993,9.59857,353406.91556562
AVAX/USD,2026-02-15,9.5997,9.74424,9.1341,9.27803,546714.36356995
AVAX/USD,2026-02-16,9.27569,9.41356,9.04788,9.25953,397100.60186097
AVAX/USD,2026-02-17,9.26367,9.29037,9.00191,9.13563,389150.25557967
AVAX/USD,2026-02-18,9.13605,9.20402,8.79913,8.85148,320667.44424815
AVAX/USD,2026-02-19,8.84621,8.93713,8.65946,8.89685,422520.97906441
AVAX/USD,2026-02-20,8.89777,9.35348,8.88079,9.16912,470239.61384304
AVAX/USD,2026-02-21,9.16745,9.44544,9.10809,9.11471,352696.97147251
AVAX/USD,2026-02-22,9.10992,9.10992,8.78539,8.87452,288637.64116639
AVAX/USD,2026-02-23,8.8708,8.88826,8.27113,8.36494,405255.84122162
AVAX/USD,2026-02-24,8.39242,8.43437,8.1763,8.28565,341737.09721137
AVAX/USD,2026-02-25,8.28311,9.81574,8.26497,9.51493,711940.95801282
AVAX/USD,2026-02-26,9.5154,9.62849,9.09131,9.30466,479187.49057629
AVAX/USD,2026-02-27,9.30981,9.47867,8.7893,8.95503,284407.96570345
AVAX/USD,2026-02-28,8.95924,9.26736,8.43382,9.17467,442206.26084911
AVAX/USD,2026-03-01,9.18721,9.42615,8.84505,9.02663,341553.45340699
AVAX/USD,2026-03-02,9.03619,9.47082,8.86405,9.17696,421363.23952818
AVAX/USD,2026-03-03,9.17382,9.33529,8.90167,9.17688,591944.68226917
AVAX/USD,2026-03-04,9.18274,9.78,9.00701,9.50499,628636.58872978
AVAX/USD,2026-03-05,9.50386,9.58423,9.26566,9.38427,372910.53338522
AVAX/USD,2026-03-06,9.38294,9.4655,8.88391,9.01624,348632.20455079
AVAX/USD,2026-03-07,9.01629,9.07438,8.87104,8.90584,89812.42799679
AVAX/USD,2026-03-08,8.90604,9.01795,8.6953,8.8126,181856.35386003
AVAX/USD,2026-03-09,8.81384,9.5264,8.81384,9.2715,321485.12228214
AVAX/USD,2026-03-10,9.25904,9.95578,9.25282,9.53315,369342.5249535
AVAX/USD,2026-03-11,9.5347,9.85881,9.4847,9.55359,240216.9071943
AVAX/USD,2026-03-12,9.5547,9.73972,9.44305,9.68103,173828.0163277
AVAX/USD,2026-03-13,9.67613,10.28482,9.65559,9.72395,374785.1435958
AVAX/USD,2026-03-14,9.71567,9.77726,9.52565,9.72795,102342.74668024
AVAX/USD,2026-03-15,9.74448,10.04043,9.65779,9.94909,111107.67319942
AVAX/USD,2026-03-16,9.97452,10.51652,9.88701,10.47881,346787.51885849
AVAX/USD,2026-03-17,10.47233,10.54423,10.18378,10.20359,214749.04292717
AVAX/USD,2026-03-18,10.20258,10.35974,9.49231,9.68474,239349.72475703
AVAX/USD,2026-03-19,9.67696,9.74611,9.33446,9.48108,184052.76922278
AVAX/USD,2026-03-20,9.46565,9.64613,9.41517,9.56756,104163.7085752
AVAX/USD,2026-03-21,9.5719,9.63498,9.15888,9.21026,110284.9822609
AVAX/USD,2026-03-22,9.20958,9.35208,8.87929,9.02189,220498.27391123
AVAX/USD,2026-03-23,9.04462,9.74662,8.92011,9.54847,312133.67329333
AVAX/USD,2026-03-24,9.56951,9.63987,9.35649,9.62273,132567.96766516
AVAX/USD,2026-03-25,9.62625,9.79557,9.562,9.675,202026.63325226
AVAX/USD,2026-03-26,9.67856,9.68963,8.98809,9.09883,240100.58036305
AVAX/USD,2026-03-27,9.08138,9.13938,8.65908,8.77959,188462.04487483
AVAX/USD,2026-03-28,8.78363,8.97738,8.70015,8.74866,106073.02004011
AVAX/USD,2026-03-29,8.75012,8.81006,8.38022,8.5948,119477.05511025
AVAX/USD,2026-03-30,8.58969,9.06435,8.5587,8.78396,157841.92613657
AVAX/USD,2026-03-31,8.80756,9.06395,8.68572,8.91106,194322.9971553
AVAX/USD,2026-04-01,8.90988,9.47518,8.86676,9.12552,372023.86518673
AVAX/USD,2026-04-02,9.12447,9.18551,8.62036,8.75278,400229.65087466
AVAX/USD,2026-04-03,8.75507,9.14111,8.7347,8.91232,264500.67608297
AVAX/USD,2026-04-04,8.91065,9.10652,8.84303,8.98358,88825.52958928
AVAX/USD,2026-04-05,8.99045,9.08122,8.74491,9.0644,153893.82322415
AVAX/USD,2026-04-06,9.06589,9.6522,8.80534,8.90537,360241.93856632
AVAX/USD,2026-04-07,8.87559,9.60502,8.46591,9.43734,522698.78924641
AVAX/USD,2026-04-08,9.43305,9.55513,9.04504,9.05522,393349.13699498
AVAX/USD,2026-04-09,9.04493,9.69264,8.919,9.36477,206788.63774142
AVAX/USD,2026-04-10,9.36571,9.5548,9.24831,9.39794,189819.3841815
AVAX/USD,2026-04-11,9.39847,9.60902,9.20049,9.37162,92171.56427115
AVAX/USD,2026-04-12,9.3788,9.37998,8.94542,9.03495,108868.71486907
AVAX/USD,2026-04-13,9.03495,9.71029,8.97245,9.65966,258228.32059139
AVAX/USD,2026-04-14,9.66921,9.70934,9.22325,9.30335,186729.1686827
AVAX/USD,2026-04-15,9.30637,9.55893,9.26531,9.43205,117412.34392708
AVAX/USD,2026-04-16,9.43928,9.8808,9.2717,9.7343,275169.90826969
AVAX/USD,2026-04-17,9.727,10.0098,9.454,9.7288,212830.4576
AVAX/USD,2026-04-18,9.7296,9.7863,9.3085,9.3317,108256.8883
AVAX/USD,2026-04-19,9.3315,9.3588,8.9754,9.0153,125570.7063
AVAX/USD,2026-04-20,8.9977,9.4369,8.9958,9.2783,183403.2019
AVAX/USD,2026-04-21,9.281,9.5286,9.1831,9.3892,119816.296
AVAX/USD,2026-04-22,9.4002,9.6752,9.3372,9.3372,96955.8428
AVAX/USD,2026-04-23,9.3446,9.4484,9.1699,9.3869,155695.7443
AVAX/USD,2026-04-24,9.3976,9.4796,9.2888,9.4,90902.2336
AVAX/USD,2026-04-25,9.4049,9.4988,9.2892,9.3664,34846.2935
AVAX/USD,2026-04-26,9.3664,9.5433,9.3183,9.4609,56510.6737
AVAX/USD,2026-04-27,9.4695,9.5607,9.087,9.269,105798.147
AVAX/USD,2026-04-28,9.2565,9.2732,9.1107,9.1784,76129.0016
AVAX/USD,2026-04-29,9.1681,9.4444,8.9199,9.1223,205804.7877
AVAX/USD,2026-04-30,9.1246,9.221,9.0495,9.089,124261.2476
AVAX/USD,2026-05-01,9.0921,9.2664,9.0632,9.0864,160573.035
AVAX/USD,2026-05-02,9.094,9.2409,9.0653,9.1815,64601.344
AVAX/USD,2026-05-03,9.186,9.1937,8.9762,9.0834,90002.4659
AVAX/USD,2026-05-04,9.0823,9.3739,8.9968,9.1745,364047.3204
AVAX/USD,2026-05-05,9.1834,9.5221,9.1834,9.4071,209713.3817
AVAX/USD,2026-05-06,9.4043,9.7751,9.3643,9.6152,244395.3567
AVAX/USD,2026-05-07,9.6181,9.6984,9.3721,9.5019,218854.0453
AVAX/USD,2026-05-08,9.5076,10.0173,9.4307,9.907,168408.6376
AVAX/USD,2026-05-09,9.9187,10.1226,9.8,9.9603,121301.5116
AVAX/USD,2026-05-10,9.9636,10.4814,9.8559,10.2219,219063.89
AVAX/USD,2026-05-11,10.2211,10.2642,9.978,10.1333,218291.0236
AVAX/USD,2026-05-12,10.1298,10.1617,9.6738,9.8327,178820.7463
AVAX/USD,2026-05-13,9.8359,10.1511,9.6215,9.756,150263.0515
AVAX/USD,2026-05-14,9.7537,10.1376,9.6323,9.8968,116558.7214
AVAX/USD,2026-05-15,9.9015,9.9594,9.4102,9.5332,158552.3126
AVAX/USD,2026-05-16,9.5308,9.5632,9.1911,9.2913,105609.9896
AVAX/USD,2026-05-17,9.2939,9.4106,8.9625,9.1951,92735.4381
AVAX/USD,2026-05-18,9.1647,9.2623,9.0109,9.2404,135351.2128
AVAX/USD,2026-05-19,9.2448,9.3062,9.0259,9.0936,120460.1358
AVAX/USD,2026-05-20,9.0974,9.3797,9.0577,9.2883,97264.1754
AVAX/USD,2026-05-21,9.2904,9.5079,9.2569,9.4497,71672.4735
AVAX/USD,2026-05-22,9.4485,9.5898,9.0966,9.1464,82264.3496
AVAX/USD,2026-05-23,9.1484,9.5628,8.8358,9.3874,208690.6886
AVAX/USD,2026-05-24,9.3964,9.4238,9.0622,9.2072,72761.7558
AVAX/USD,2026-05-25,9.2055,9.4835,9.1563,9.3061,51088.6439
AVAX/USD,2026-05-26,9.3047,9.4766,9.1138,9.1299,118498.032
AVAX/USD,2026-05-27,9.13,9.2643,8.9861,9.0277,129106.3582
AVAX/USD,2026-05-28,9.0375,9.0567,8.7019,8.9061,159174.0838
AVAX/USD,2026-05-29,8.9369,8.9667,8.8268,8.9551,7063.6161
DOGE/USD,2025-01-15,0.35625,0.38733,0.34837,0.38534,11099236.47
DOGE/USD,2025-01-16,0.38612,0.39002,0.368,0.37652,17264031.89
DOGE/USD,2025-01-17,0.3769,0.422,0.37565,0.4155,16279605.88
DOGE/USD,2025-01-18,0.41525,0.43381,0.38373,0.39627,17365478.98
DOGE/USD,2025-01-19,0.39594,0.409,0.34697,0.35818,14898676.52
DOGE/USD,2025-01-20,0.35763,0.3858,0.34496,0.35388,30313632.62
DOGE/USD,2025-01-21,0.35374,0.40171,0.33569,0.37214,27669730.79
DOGE/USD,2025-01-22,0.37187,0.37364,0.35521,0.36237,8154230.01
DOGE/USD,2025-01-23,0.36231,0.36423,0.34258,0.3522,9791715.99
DOGE/USD,2025-01-24,0.35231,0.36449,0.34291,0.35071,5633301.62
DOGE/USD,2025-01-25,0.34998,0.36275,0.3455,0.35349,4874596.79
DOGE/USD,2025-01-26,0.35343,0.35726,0.335,0.33592,5714040.54
DOGE/USD,2025-01-27,0.33482,0.33689,0.30519,0.33382,19769097.93
DOGE/USD,2025-01-28,0.33548,0.33884,0.315,0.31909,11373876.18
DOGE/USD,2025-01-29,0.31901,0.33431,0.31677,0.3239,6783319.47
DOGE/USD,2025-01-30,0.32382,0.33864,0.32277,0.33144,5728930.78
DOGE/USD,2025-01-31,0.33237,0.3414,0.32373,0.32874,9408699.55
DOGE/USD,2025-02-01,0.32882,0.33205,0.30351,0.30776,7085868.66
DOGE/USD,2025-02-02,0.30782,0.31464,0.25,0.26799,12432986.91
DOGE/USD,2025-02-03,0.26793,0.29292,0.201,0.28496,30016026.44
DOGE/USD,2025-02-04,0.28582,0.28865,0.25527,0.26403,11675709.51
DOGE/USD,2025-02-05,0.26364,0.26932,0.25354,0.25617,8896889.66
DOGE/USD,2025-02-06,0.25622,0.2659,0.24322,0.24819,14604225.18
DOGE/USD,2025-02-07,0.24804,0.2617,0.23882,0.24666,9917769.49
DOGE/USD,2025-02-08,0.24614,0.25399,0.24462,0.25308,910563.45
DOGE/USD,2025-02-09,0.25311,0.25973,0.24004,0.24901,8239173.19
DOGE/USD,2025-02-10,0.24905,0.25641,0.24203,0.25547,3755859.78
DOGE/USD,2025-02-11,0.25621,0.27018,0.24861,0.25317,9289075.02
DOGE/USD,2025-02-12,0.25244,0.2672,0.24708,0.26413,14591819.91
DOGE/USD,2025-02-13,0.26335,0.2672,0.25382,0.26267,5746672.46
DOGE/USD,2025-02-14,0.26267,0.28623,0.26106,0.27192,9384056.56
DOGE/USD,2025-02-15,0.27189,0.28341,0.26874,0.27167,4324517.76
DOGE/USD,2025-02-16,0.27183,0.27419,0.26396,0.2656,734274.97
DOGE/USD,2025-02-17,0.26566,0.2692,0.25392,0.25803,4813478.81
DOGE/USD,2025-02-18,0.25927,0.25927,0.2422,0.25095,8122633.96
DOGE/USD,2025-02-19,0.2508,0.2554,0.24891,0.2551,2353946.72
DOGE/USD,2025-02-20,0.25499,0.25756,0.25,0.25482,3204277.96
DOGE/USD,2025-02-21,0.2549,0.26113,0.23438,0.23956,7394917.81
DOGE/USD,2025-02-22,0.23912,0.2478,0.23826,0.2466,3692566.7
DOGE/USD,2025-02-23,0.24642,0.24764,0.24044,0.24292,2032354.91
DOGE/USD,2025-02-24,0.24288,0.24395,0.2056,0.21041,18339934.48
DOGE/USD,2025-02-25,0.21006,0.21417,0.19562,0.21127,17617985.19
DOGE/USD,2025-02-26,0.2114,0.21359,0.19633,0.20329,8047647.31
DOGE/USD,2025-02-27,0.20332,0.21131,0.20097,0.20669,4818477.12
DOGE/USD,2025-02-28,0.20673,0.20681,0.18154,0.20194,17962458.19
DOGE/USD,2025-03-01,0.20164,0.20883,0.19928,0.20665,16134819.5
DOGE/USD,2025-03-02,0.20617,0.242,0.20164,0.23932,23682826.63
DOGE/USD,2025-03-03,0.23951,0.2405,0.19354,0.19883,15238373.61
DOGE/USD,2025-03-04,0.19886,0.20202,0.18294,0.19905,8559057.97
DOGE/USD,2025-03-05,0.19865,0.20652,0.19634,0.20478,8635063.4
DOGE/USD,2025-03-06,0.20484,0.21994,0.19901,0.20152,9808527.14
DOGE/USD,2025-03-07,0.20171,0.20869,0.19048,0.19831,11285209.78
DOGE/USD,2025-03-08,0.19835,0.20068,0.19115,0.19211,8197333.51
DOGE/USD,2025-03-09,0.19216,0.19408,0.16556,0.16788,12895848.88
DOGE/USD,2025-03-10,0.16806,0.18081,0.1504,0.15395,15370434.24
DOGE/USD,2025-03-11,0.1541,0.1684,0.1432,0.16445,16996872.63
DOGE/USD,2025-03-12,0.1646,0.1739,0.15953,0.17241,10424250.98
DOGE/USD,2025-03-13,0.17238,0.17299,0.16167,0.16494,8807128.18
DOGE/USD,2025-03-14,0.16498,0.17579,0.16456,0.17166,8805415.97
DOGE/USD,2025-03-15,0.17175,0.17779,0.17126,0.17596,6358267.54
DOGE/USD,2025-03-16,0.17613,0.1768,0.16592,0.16817,7072046.52
DOGE/USD,2025-03-17,0.16923,0.17612,0.16864,0.17342,5824755.78
DOGE/USD,2025-03-18,0.17337,0.17347,0.1628,0.16802,6448177.02
DOGE/USD,2025-03-19,0.1681,0.17878,0.16695,0.17803,11402604.1
DOGE/USD,2025-03-20,0.17805,0.17916,0.1667,0.16928,10026404.64
DOGE/USD,2025-03-21,0.16913,0.17145,0.16464,0.16694,6477339.03
DOGE/USD,2025-03-22,0.16702,0.16964,0.1666,0.1674,6958475.14
DOGE/USD,2025-03-23,0.16722,0.17263,0.16706,0.17263,3905657.45
DOGE/USD,2025-03-24,0.17249,0.18903,0.17075,0.18296,8467602.21
DOGE/USD,2025-03-25,0.18283,0.19363,0.18095,0.19073,7892527.73
DOGE/USD,2025-03-26,0.19054,0.20581,0.18954,0.195,15309500.37
DOGE/USD,2025-03-27,0.19505,0.20055,0.18775,0.19045,7190275.5
DOGE/USD,2025-03-28,0.1903,0.19276,0.17717,0.18005,18171815.39
DOGE/USD,2025-03-29,0.18007,0.1825,0.1658,0.16953,8269827.93
DOGE/USD,2025-03-30,0.16933,0.17229,0.16452,0.16642,6116994.47
DOGE/USD,2025-03-31,0.16643,0.1682,0.16004,0.16677,8322006.09
DOGE/USD,2025-04-01,0.1666,0.17559,0.16606,0.17416,8319598.61
DOGE/USD,2025-04-02,0.17388,0.18,0.16212,0.1638,14921671.42
DOGE/USD,2025-04-03,0.16378,0.16728,0.15561,0.16209,7926709.57
DOGE/USD,2025-04-04,0.16224,0.17272,0.16007,0.17099,5772190.88
DOGE/USD,2025-04-05,0.17093,0.17153,0.1662,0.1689,1790555.65
DOGE/USD,2025-04-06,0.16866,0.16995,0.1461,0.14914,33020320.48
DOGE/USD,2025-04-07,0.14927,0.1535,0.12999,0.14942,21762456.65
DOGE/USD,2025-04-08,0.14935,0.15707,0.14121,0.14212,9048803.41
DOGE/USD,2025-04-09,0.14181,0.16422,0.13645,0.16035,10111836.49
DOGE/USD,2025-04-10,0.16025,0.16032,0.14911,0.15364,10437278.99
DOGE/USD,2025-04-11,0.15406,0.16209,0.1533,0.16009,7689558.3
DOGE/USD,2025-04-12,0.15961,0.16948,0.15793,0.16761,10197469.69
DOGE/USD,2025-04-13,0.16748,0.1684,0.16107,0.16284,7037706.01
DOGE/USD,2025-04-14,0.16261,0.16905,0.15747,0.15854,9557706.59
DOGE/USD,2025-04-15,0.15861,0.16127,0.15315,0.15347,16233917.23
DOGE/USD,2025-04-16,0.15354,0.15722,0.15067,0.15471,5141229.8
DOGE/USD,2025-04-17,0.15468,0.1594,0.15316,0.15573,2083954.59
DOGE/USD,2025-04-18,0.15561,0.15879,0.15378,0.15768,2056437.2
DOGE/USD,2025-04-19,0.15757,0.16079,0.15648,0.15741,3138754.58
DOGE/USD,2025-04-20,0.1573,0.15923,0.15255,0.15507,2167237.75
DOGE/USD,2025-04-21,0.15523,0.16338,0.15523,0.15934,5729539.77
DOGE/USD,2025-04-22,0.15929,0.17964,0.15777,0.17879,10590092.97
DOGE/USD,2025-04-23,0.17898,0.18534,0.17519,0.17877,12542314.26
DOGE/USD,2025-04-24,0.17873,0.18331,0.17014,0.18261,12299403.71
DOGE/USD,2025-04-25,0.18283,0.186,0.17759,0.18174,9963886.22
DOGE/USD,2025-04-26,0.18199,0.19287,0.18033,0.18193,8031790.23
DOGE/USD,2025-04-27,0.18139,0.18313,0.17668,0.17956,4575774.82
DOGE/USD,2025-04-28,0.17915,0.18281,0.174,0.17888,9675300.18
DOGE/USD,2025-04-29,0.1792,0.18053,0.17263,0.17479,3832234.17
DOGE/USD,2025-04-30,0.17472,0.17647,0.16699,0.1723,6374481.36
DOGE/USD,2025-05-01,0.17226,0.1834,0.17221,0.18082,7895563.92
DOGE/USD,2025-05-02,0.18092,0.18426,0.17934,0.18163,4942685.53
DOGE/USD,2025-05-03,0.18175,0.18215,0.17522,0.17574,5544449.92
DOGE/USD,2025-05-04,0.17567,0.17727,0.17005,0.17051,2783692.17
DOGE/USD,2025-05-05,0.17073,0.17457,0.16769,0.17055,9506418.95
DOGE/USD,2025-05-06,0.17063,0.17242,0.1643,0.17211,3963762.44
DOGE/USD,2025-05-07,0.17221,0.17429,0.16917,0.17205,6576243.02
DOGE/USD,2025-05-08,0.17204,0.19839,0.17191,0.19818,28519337.75
DOGE/USD,2025-05-09,0.198,0.2143,0.19323,0.20531,29242923.37
DOGE/USD,2025-05-10,0.2054,0.25064,0.2035,0.25064,38800544.46
DOGE/USD,2025-05-11,0.25072,0.25947,0.22259,0.23148,35475744.58
DOGE/USD,2025-05-12,0.23216,0.2531,0.2211,0.23089,36503849.94
DOGE/USD,2025-05-13,0.23103,0.24304,0.21768,0.24091,25638274.73
DOGE/USD,2025-05-14,0.24099,0.24759,0.2283,0.23277,12558737.97
DOGE/USD,2025-05-15,0.23292,0.23666,0.21449,0.2194,36060235.94
DOGE/USD,2025-05-16,0.21939,0.23058,0.21861,0.22117,11639332.22
DOGE/USD,2025-05-17,0.22101,0.22225,0.21095,0.21463,15063481.44
DOGE/USD,2025-05-18,0.2153,0.2379,0.21417,0.23316,11747846.68
DOGE/USD,2025-05-19,0.23302,0.23526,0.21415,0.22451,12593083.7
DOGE/USD,2025-05-20,0.22449,0.23044,0.21793,0.22623,14372964.57
DOGE/USD,2025-05-21,0.22633,0.23806,0.22277,0.23424,20459181.98
DOGE/USD,2025-05-22,0.23433,0.24575,0.23433,0.2456,33880015.79
DOGE/USD,2025-05-23,0.24559,0.25442,0.22313,0.22519,44979557.76
DOGE/USD,2025-05-24,0.22516,0.23047,0.22388,0.22509,7191220.16
DOGE/USD,2025-05-25,0.22523,0.22651,0.21568,0.22501,8629738.38
DOGE/USD,2025-05-26,0.22506,0.2316,0.22263,0.2257,8229657.2
DOGE/USD,2025-05-27,0.22603,0.23211,0.21988,0.22606,9001683.17
DOGE/USD,2025-05-28,0.22614,0.2279,0.21699,0.22098,6341422.01
DOGE/USD,2025-05-29,0.22097,0.22793,0.21407,0.21489,15752475.71
DOGE/USD,2025-05-30,0.21486,0.21643,0.19077,0.19363,23851835.78
DOGE/USD,2025-05-31,0.1937,0.19551,0.18581,0.19263,21350174.13
DOGE/USD,2025-06-01,0.19243,0.1948,0.18682,0.19368,11954677.22
DOGE/USD,2025-06-02,0.19369,0.19604,0.18745,0.19515,20386584.48
DOGE/USD,2025-06-03,0.19504,0.20037,0.19199,0.19316,11149364.55
DOGE/USD,2025-06-04,0.19319,0.19704,0.18719,0.18821,6954284.38
DOGE/USD,2025-06-05,0.18812,0.19233,0.16813,0.17117,22103709.08
DOGE/USD,2025-06-06,0.17101,0.18446,0.16988,0.17891,13030734.56
DOGE/USD,2025-06-07,0.17895,0.18862,0.17794,0.18522,5717264.26
DOGE/USD,2025-06-08,0.18515,0.18707,0.1806,0.18424,5460909.46
DOGE/USD,2025-06-09,0.18422,0.196,0.18034,0.19498,10478349.55
DOGE/USD,2025-06-10,0.19495,0.19859,0.18897,0.19859,12607372.27
DOGE/USD,2025-06-11,0.1984,0.2065,0.19121,0.19297,14443991.26
DOGE/USD,2025-06-12,0.19342,0.19363,0.18015,0.18133,8836300.53
DOGE/USD,2025-06-13,0.18142,0.18142,0.17,0.1805,14085314.86
DOGE/USD,2025-06-14,0.18024,0.1804,0.17473,0.17851,7090614.58
DOGE/USD,2025-06-15,0.1784,0.17872,0.1717,0.17564,7044408.9
DOGE/USD,2025-06-16,0.17549,0.18107,0.1722,0.17364,15693382.66
DOGE/USD,2025-06-17,0.17278,0.17584,0.16411,0.16941,13789391.94
DOGE/USD,2025-06-18,0.1696,0.17224,0.16424,0.17057,11641036.01
DOGE/USD,2025-06-19,0.17075,0.17206,0.1678,0.17094,5054496.66
DOGE/USD,2025-06-20,0.17102,0.17198,0.1586,0.16229,13707265.59
DOGE/USD,2025-06-21,0.16235,0.16434,0.15042,0.15462,12395524.85
DOGE/USD,2025-06-22,0.15505,0.15741,0.14284,0.15136,16065935.77
DOGE/USD,2025-06-23,0.1513,0.1651,0.14887,0.16397,16390061.17
DOGE/USD,2025-06-24,0.16388,0.16745,0.16183,0.16577,10627480.51
DOGE/USD,2025-06-25,0.16572,0.1677,0.16273,0.16469,14858342.46
DOGE/USD,2025-06-26,0.1648,0.16815,0.15803,0.16005,8688063.81
DOGE/USD,2025-06-27,0.15997,0.16325,0.15714,0.16108,13312226.38
DOGE/USD,2025-06-28,0.16113,0.165,0.16055,0.16371,4647282.83
DOGE/USD,2025-06-29,0.1638,0.17,0.16268,0.16949,5990398.57
DOGE/USD,2025-06-30,0.16965,0.16992,0.16237,0.16525,10813538.11
DOGE/USD,2025-07-01,0.16517,0.16617,0.15698,0.15781,9310901.31
DOGE/USD,2025-07-02,0.15773,0.17256,0.15678,0.16878,13739076.19
DOGE/USD,2025-07-03,0.16875,0.17523,0.16763,0.17204,11413758.3
DOGE/USD,2025-07-04,0.17219,0.17304,0.16137,0.16295,10546524.48
DOGE/USD,2025-07-05,0.16295,0.16507,0.16208,0.16427,3885917.58
DOGE/USD,2025-07-06,0.16426,0.17505,0.16329,0.17201,13484710.98
DOGE/USD,2025-07-07,0.17202,0.17713,0.166,0.16801,13015221.0
DOGE/USD,2025-07-08,0.1678,0.17192,0.16594,0.17094,6414475.33
DOGE/USD,2025-07-09,0.17093,0.1865,0.17004,0.18061,15055480.13
DOGE/USD,2025-07-10,0.18065,0.19615,0.17884,0.19522,21461564.31
DOGE/USD,2025-07-11,0.19514,0.21369,0.1913,0.20131,25070907.64
DOGE/USD,2025-07-12,0.20228,0.20669,0.19226,0.19744,9593538.83
DOGE/USD,2025-07-13,0.19715,0.20417,0.19593,0.19865,11214198.89
DOGE/USD,2025-07-14,0.19825,0.21058,0.19492,0.19753,11782387.51
DOGE/USD,2025-07-15,0.1974,0.19939,0.18872,0.19922,18182739.86
DOGE/USD,2025-07-16,0.19912,0.2206,0.19557,0.2126,22293322.82
DOGE/USD,2025-07-17,0.21282,0.22249,0.20681,0.21795,22214273.02
DOGE/USD,2025-07-18,0.21863,0.25438,0.21666,0.23598,36453571.49
DOGE/USD,2025-07-19,0.23606,0.25784,0.23606,0.24161,25103388.48
DOGE/USD,2025-07-20,0.24175,0.27815,0.2401,0.2739,34295877.59
DOGE/USD,2025-07-21,0.27378,0.28737,0.26433,0.27168,37979984.08
DOGE/USD,2025-07-22,0.27168,0.27487,0.25762,0.2711,19396659.97
DOGE/USD,2025-07-23,0.27102,0.27102,0.23004,0.24053,30735167.94
DOGE/USD,2025-07-24,0.24092,0.24679,0.22263,0.23192,20622206.56
DOGE/USD,2025-07-25,0.23215,0.23701,0.221,0.23675,17155263.19
DOGE/USD,2025-07-26,0.23677,0.24037,0.23301,0.23552,16216717.44
DOGE/USD,2025-07-27,0.23564,0.24382,0.23445,0.24065,22208569.21
DOGE/USD,2025-07-28,0.24048,0.24845,0.22438,0.22546,25713934.6
DOGE/USD,2025-07-29,0.22572,0.2326,0.21753,0.22389,20372560.29
DOGE/USD,2025-07-30,0.22391,0.22646,0.20898,0.21985,19100512.54
DOGE/USD,2025-07-31,0.21996,0.22557,0.20815,0.20974,20530021.23
DOGE/USD,2025-08-01,0.21,0.21238,0.19535,0.20094,27903554.95
DOGE/USD,2025-08-02,0.20077,0.20338,0.18957,0.1909,21691066.28
DOGE/USD,2025-08-03,0.19213,0.20043,0.18872,0.19877,10380631.56
DOGE/USD,2025-08-04,0.19897,0.21124,0.19854,0.21039,29982395.0
DOGE/USD,2025-08-05,0.21041,0.21102,0.19609,0.19982,21816686.99
DOGE/USD,2025-08-06,0.19982,0.20714,0.19559,0.20529,17310099.07
DOGE/USD,2025-08-07,0.20519,0.22315,0.20345,0.22244,26518048.33
DOGE/USD,2025-08-08,0.22235,0.23265,0.21967,0.23043,27210543.83
DOGE/USD,2025-08-09,0.23046,0.24678,0.22976,0.24005,43679919.46
DOGE/USD,2025-08-10,0.24006,0.2434,0.2295,0.23393,30991722.19
DOGE/USD,2025-08-11,0.23366,0.24178,0.22123,0.22216,26922933.04
DOGE/USD,2025-08-12,0.22284,0.23849,0.21877,0.23575,31807756.4
DOGE/USD,2025-08-13,0.2357,0.25033,0.23126,0.24491,44437009.02
DOGE/USD,2025-08-14,0.24509,0.25562,0.21739,0.22395,60912511.32
DOGE/USD,2025-08-15,0.22381,0.23311,0.22019,0.22901,43608890.07
DOGE/USD,2025-08-16,0.22893,0.23625,0.22542,0.23124,43876346.0
DOGE/USD,2025-08-17,0.23124,0.24267,0.22853,0.23475,30307343.49
DOGE/USD,2025-08-18,0.23487,0.2356,0.21999,0.22246,25812556.04
DOGE/USD,2025-08-19,0.22248,0.22569,0.20868,0.20944,26048958.31
DOGE/USD,2025-08-20,0.2095,0.22287,0.20779,0.22169,23372963.84
DOGE/USD,2025-08-21,0.22173,0.22443,0.21383,0.21462,19801325.71
DOGE/USD,2025-08-22,0.21465,0.24217,0.20826,0.24049,41141555.35
DOGE/USD,2025-08-23,0.24058,0.24069,0.22899,0.23613,33518162.03
DOGE/USD,2025-08-24,0.23623,0.24486,0.22693,0.23177,33234594.52
DOGE/USD,2025-08-25,0.23186,0.2345,0.20597,0.20963,37045085.77
DOGE/USD,2025-08-26,0.20926,0.22003,0.20728,0.21831,25831521.35
DOGE/USD,2025-08-27,0.21817,0.2239,0.21613,0.21877,25939663.23
DOGE/USD,2025-08-28,0.21888,0.22601,0.21671,0.22444,29589890.41
DOGE/USD,2025-08-29,0.22436,0.22532,0.2098,0.21392,27900468.83
DOGE/USD,2025-08-30,0.21371,0.21889,0.21142,0.21598,13683854.72
DOGE/USD,2025-08-31,0.21599,0.22128,0.21328,0.21373,11244651.03
DOGE/USD,2025-09-01,0.21374,0.21983,0.20502,0.21072,28837907.49
DOGE/USD,2025-09-02,0.21078,0.21552,0.20664,0.21484,31181723.36
DOGE/USD,2025-09-03,0.21486,0.22356,0.21255,0.22035,26619879.44
DOGE/USD,2025-09-04,0.22042,0.22106,0.21049,0.21238,19354992.89
DOGE/USD,2025-09-05,0.21232,0.23001,0.21191,0.2179,63753246.4
DOGE/USD,2025-09-06,0.2179,0.23,0.21236,0.21673,190821147.33
DOGE/USD,2025-09-07,0.217,0.22925,0.21588,0.22873,48130886.2
DOGE/USD,2025-09-08,0.22874,0.24408,0.2265,0.24166,40002560.13
DOGE/USD,2025-09-09,0.24166,0.24942,0.23359,0.24052,32858121.2
DOGE/USD,2025-09-10,0.24067,0.24855,0.23623,0.24541,21463987.25
DOGE/USD,2025-09-11,0.24547,0.25705,0.24381,0.25605,285809827.85
DOGE/USD,2025-09-12,0.25617,0.2787,0.25506,0.27564,70980910.82
DOGE/USD,2025-09-13,0.27575,0.30685,0.27288,0.28949,107310969.1
DOGE/USD,2025-09-14,0.28952,0.29515,0.27211,0.27815,68611299.77
DOGE/USD,2025-09-15,0.27797,0.28211,0.25877,0.26835,153498278.59
DOGE/USD,2025-09-16,0.26839,0.27209,0.25645,0.26996,94847085.98
DOGE/USD,2025-09-17,0.27,0.28374,0.26049,0.2826,71572722.7
DOGE/USD,2025-09-18,0.28269,0.28888,0.27574,0.27872,53128939.09
DOGE/USD,2025-09-19,0.27866,0.28493,0.26316,0.26538,65442331.3
DOGE/USD,2025-09-20,0.26535,0.26959,0.26317,0.2678,59990096.6
DOGE/USD,2025-09-21,0.2677,0.27,0.26052,0.26087,34552888.96
DOGE/USD,2025-09-22,0.26088,0.26229,0.2305,0.24143,86264502.58
DOGE/USD,2025-09-23,0.24125,0.24397,0.23452,0.23713,52616801.75
DOGE/USD,2025-09-24,0.23722,0.25067,0.2312,0.24114,56742487.82
DOGE/USD,2025-09-25,0.24127,0.24194,0.21,0.22296,62233219.64
DOGE/USD,2025-09-26,0.223,0.23349,0.22162,0.23248,42323927.68
DOGE/USD,2025-09-27,0.23237,0.23441,0.2279,0.23082,17551706.36
DOGE/USD,2025-09-28,0.23092,0.23772,0.2251,0.23749,20119826.72
DOGE/USD,2025-09-29,0.23744,0.239,0.22877,0.23492,80711642.77
DOGE/USD,2025-09-30,0.23496,0.2359,0.22639,0.2329,32226034.62
DOGE/USD,2025-10-01,0.23298,0.24917,0.23043,0.24916,50708920.45
DOGE/USD,2025-10-02,0.24918,0.26427,0.24685,0.26227,81968082.02
DOGE/USD,2025-10-03,0.26223,0.26555,0.25294,0.25835,79183291.68
DOGE/USD,2025-10-04,0.25837,0.25974,0.24688,0.25094,52950328.01
DOGE/USD,2025-10-05,0.251,0.2652,0.24971,0.25287,84637860.66
DOGE/USD,2025-10-06,0.25294,0.27046,0.2508,0.26621,108852226.58
DOGE/USD,2025-10-07,0.26612,0.26841,0.24634,0.24699,95313099.2
DOGE/USD,2025-10-08,0.24695,0.26117,0.24334,0.25571,74261467.09
DOGE/USD,2025-10-09,0.25591,0.25594,0.24149,0.24854,70536543.62
DOGE/USD,2025-10-10,0.24864,0.25402,0.09101,0.19389,151394950.83
DOGE/USD,2025-10-11,0.19373,0.2068,0.17833,0.18548,94271396.61
DOGE/USD,2025-10-12,0.1854,0.21426,0.18094,0.20759,79498023.83
DOGE/USD,2025-10-13,0.20752,0.2185,0.20236,0.21409,71998458.68
DOGE/USD,2025-10-14,0.21399,0.21567,0.1936,0.20439,63689237.55
DOGE/USD,2025-10-15,0.20443,0.20856,0.19438,0.19632,64174198.02
DOGE/USD,2025-10-16,0.19644,0.20145,0.18479,0.18841,84839338.77
DOGE/USD,2025-10-17,0.18851,0.19119,0.17551,0.18477,93712642.86
DOGE/USD,2025-10-18,0.18473,0.19061,0.18435,0.18966,52978671.31
DOGE/USD,2025-10-19,0.18961,0.19869,0.18616,0.19542,71369869.9
DOGE/USD,2025-10-20,0.19536,0.2025,0.19175,0.20014,60462526.34
DOGE/USD,2025-10-21,0.19998,0.20567,0.19222,0.19431,82101561.38
DOGE/USD,2025-10-22,0.19423,0.19544,0.18453,0.18995,62961644.16
DOGE/USD,2025-10-23,0.18986,0.19746,0.18976,0.1949,35145572.74
DOGE/USD,2025-10-24,0.195,0.2007,0.19415,0.19784,32436924.48
DOGE/USD,2025-10-25,0.19779,0.19988,0.1907,0.1965,28200316.8
DOGE/USD,2025-10-26,0.19645,0.20705,0.1947,0.20567,24561126.68
DOGE/USD,2025-10-27,0.20582,0.20954,0.19919,0.2004,65302421.73
DOGE/USD,2025-10-28,0.20028,0.2031,0.19014,0.19376,50289699.97
DOGE/USD,2025-10-29,0.19369,0.1973,0.18521,0.19238,56832480.22
DOGE/USD,2025-10-30,0.19238,0.19458,0.17643,0.18269,78730976.43
DOGE/USD,2025-10-31,0.18242,0.188,0.18231,0.18639,46843636.78
DOGE/USD,2025-11-01,0.18642,0.18825,0.16343,0.18729,34492113.76
DOGE/USD,2025-11-02,0.18728,0.18871,0.18177,0.18642,33136349.02
DOGE/USD,2025-11-03,0.1864,0.18658,0.15992,0.16737,122780623.42
DOGE/USD,2025-11-04,0.16738,0.17102,0.1516,0.16222,138779455.53
DOGE/USD,2025-11-05,0.1622,0.1688,0.15458,0.16718,59508167.2
DOGE/USD,2025-11-06,0.16712,0.16774,0.15688,0.16156,53859719.96
DOGE/USD,2025-11-07,0.16154,0.18153,0.15954,0.17864,90893152.57
DOGE/USD,2025-11-08,0.17871,0.18322,0.17296,0.17597,56527411.89
DOGE/USD,2025-11-09,0.176,0.18129,0.1712,0.17924,42499341.92
DOGE/USD,2025-11-10,0.17924,0.18557,0.1772,0.18171,48347012.07
DOGE/USD,2025-11-11,0.18196,0.18615,0.17155,0.17198,54254161.45
DOGE/USD,2025-11-12,0.17202,0.17847,0.16725,0.17009,47758818.72
DOGE/USD,2025-11-13,0.17011,0.17733,0.15993,0.16374,75060939.31
DOGE/USD,2025-11-14,0.16372,0.16604,0.15469,0.15749,77206059.99
DOGE/USD,2025-11-15,0.15754,0.16469,0.15714,0.16305,34748324.2
DOGE/USD,2025-11-16,0.16303,0.16548,0.15357,0.15848,68717156.67
DOGE/USD,2025-11-17,0.15832,0.16491,0.15049,0.15195,63683668.48
DOGE/USD,2025-11-18,0.15196,0.16282,0.14935,0.16171,62776911.85
DOGE/USD,2025-11-19,0.16163,0.16233,0.14702,0.15444,79047133.2
DOGE/USD,2025-11-20,0.15445,0.15943,0.14614,0.14876,63330362.42
DOGE/USD,2025-11-21,0.14872,0.15087,0.13313,0.14018,93323915.52
DOGE/USD,2025-11-22,0.1402,0.14228,0.13543,0.14021,43200151.8
DOGE/USD,2025-11-23,0.14018,0.14769,0.13965,0.14491,43588515.85
DOGE/USD,2025-11-24,0.14494,0.15386,0.14283,0.15185,49376565.08
DOGE/USD,2025-11-25,0.15172,0.15495,0.14578,0.15292,91282424.56
DOGE/USD,2025-11-26,0.15296,0.15675,0.14863,0.1547,109716710.2
DOGE/USD,2025-11-27,0.15471,0.15558,0.15219,0.1527,71501549.45
DOGE/USD,2025-11-28,0.15262,0.15551,0.14832,0.15018,89729933.95
DOGE/USD,2025-11-29,0.15018,0.15092,0.14601,0.14841,49210794.43
DOGE/USD,2025-11-30,0.14842,0.15057,0.14593,0.14606,42314455.98
DOGE/USD,2025-12-01,0.14599,0.14638,0.13189,0.13553,140952780.41
DOGE/USD,2025-12-02,0.13545,0.14779,0.13441,0.1458,124743763.92
DOGE/USD,2025-12-03,0.14583,0.15337,0.14526,0.15173,132577030.55
DOGE/USD,2025-12-04,0.15185,0.15321,0.14552,0.14747,64455772.91
DOGE/USD,2025-12-05,0.14743,0.14837,0.13642,0.13961,86873093.11
DOGE/USD,2025-12-06,0.13961,0.14078,0.13838,0.13976,70203287.09
DOGE/USD,2025-12-07,0.13981,0.14291,0.13489,0.13869,81905398.94
DOGE/USD,2025-12-08,0.13869,0.14497,0.13803,0.14261,83002433.57
DOGE/USD,2025-12-09,0.14253,0.15317,0.13943,0.14798,141101469.12
DOGE/USD,2025-12-10,0.14796,0.15036,0.14241,0.14337,115493962.16
DOGE/USD,2025-12-11,0.14321,0.14362,0.13637,0.14037,120044227.76
DOGE/USD,2025-12-12,0.14038,0.14154,0.13429,0.13694,96523607.36
DOGE/USD,2025-12-13,0.13695,0.14002,0.13693,0.13907,50715314.03
DOGE/USD,2025-12-14,0.13907,0.13927,0.13254,0.13405,76136170.2
DOGE/USD,2025-12-15,0.13408,0.13841,0.12661,0.12975,114889928.61
DOGE/USD,2025-12-16,0.1297,0.133,0.12723,0.13177,84794287.8
DOGE/USD,2025-12-17,0.13175,0.13623,0.12474,0.12628,101335942.88
DOGE/USD,2025-12-18,0.12629,0.13062,0.11992,0.12196,110884245.81
DOGE/USD,2025-12-19,0.12205,0.13338,0.12046,0.13215,98143117.55
DOGE/USD,2025-12-20,0.13214,0.13249,0.13067,0.13193,54943391.23
DOGE/USD,2025-12-21,0.13183,0.13332,0.1287,0.13099,43335518.28
DOGE/USD,2025-12-22,0.1311,0.13529,0.12953,0.13249,82076981.28
DOGE/USD,2025-12-23,0.13235,0.13357,0.12727,0.12923,77510060.94
DOGE/USD,2025-12-24,0.12921,0.13027,0.12642,0.12846,70333822.93
DOGE/USD,2025-12-25,0.12832,0.12899,0.12306,0.12357,89384556.6
DOGE/USD,2025-12-26,0.12355,0.12738,0.12052,0.12203,130756279.47
DOGE/USD,2025-12-27,0.12203,0.12484,0.12183,0.12426,77362921.28
DOGE/USD,2025-12-28,0.12433,0.12477,0.12271,0.12381,48754762.88
DOGE/USD,2025-12-29,0.12381,0.12788,0.12213,0.12274,96966121.91
DOGE/USD,2025-12-30,0.12271,0.12514,0.12226,0.12323,79536400.08
DOGE/USD,2025-12-31,0.12318,0.12361,0.11551,0.11728,104670023.92
DOGE/USD,2026-01-01,0.11731,0.1274,0.11725,0.12666,98758519.34
DOGE/USD,2026-01-02,0.12666,0.14483,0.12575,0.14181,191130442.68
DOGE/USD,2026-01-03,0.14181,0.14442,0.13857,0.14308,102577315.21
DOGE/USD,2026-01-04,0.14307,0.1541,0.14269,0.1496,153591663.13
DOGE/USD,2026-01-05,0.14944,0.15417,0.14568,0.15171,215345237.69
DOGE/USD,2026-01-06,0.15171,0.15645,0.1435,0.15046,234298946.4
DOGE/USD,2026-01-07,0.15047,0.15391,0.1447,0.14624,167461373.88
DOGE/USD,2026-01-08,0.14627,0.14753,0.13788,0.14184,147265885.61
DOGE/USD,2026-01-09,0.14182,0.14435,0.13813,0.14053,134554221.99
DOGE/USD,2026-01-10,0.14049,0.14053,0.13889,0.13946,43953094.13
DOGE/USD,2026-01-11,0.13945,0.14098,0.1357,0.13778,55326244.85
DOGE/USD,2026-01-12,0.13781,0.14214,0.13483,0.13649,80820039.95
DOGE/USD,2026-01-13,0.13648,0.15084,0.1361,0.14819,144009040.27
DOGE/USD,2026-01-14,0.1482,0.15129,0.14556,0.14716,136321895.27
DOGE/USD,2026-01-15,0.14718,0.1472,0.13879,0.14,127339121.27
DOGE/USD,2026-01-16,0.14002,0.1404,0.13504,0.13806,79544904.93
DOGE/USD,2026-01-17,0.13806,0.13996,0.13678,0.13785,44267795.9
DOGE/USD,2026-01-18,0.13781,0.13828,0.13138,0.13158,52488181.71
DOGE/USD,2026-01-19,0.13154,0.13154,0.1198,0.12906,105504464.98
DOGE/USD,2026-01-20,0.12906,0.12924,0.12169,0.12321,108448815.56
DOGE/USD,2026-01-21,0.12315,0.12866,0.12032,0.12641,80873869.55
DOGE/USD,2026-01-22,0.12641,0.12778,0.1231,0.12425,85155773.69
DOGE/USD,2026-01-23,0.12424,0.1277,0.1219,0.12461,104775859.47
DOGE/USD,2026-01-24,0.1246,0.12472,0.1227,0.12402,45832913.48
DOGE/USD,2026-01-25,0.12401,0.12415,0.1175,0.11932,93306678.18
DOGE/USD,2026-01-26,0.11924,0.12369,0.11906,0.12222,122454689.34
DOGE/USD,2026-01-27,0.12223,0.12646,0.1213,0.12602,87417236.54
DOGE/USD,2026-01-28,0.12615,0.1275,0.12358,0.12483,75448105.63
DOGE/USD,2026-01-29,0.12481,0.12502,0.1143,0.11711,130222330.46
DOGE/USD,2026-01-30,0.11723,0.1185,0.11209,0.11562,120932372.38
DOGE/USD,2026-01-31,0.11562,0.11574,0.09405,0.10417,218459813.24
DOGE/USD,2026-02-01,0.10415,0.10668,0.10085,0.10415,105812299.51
DOGE/USD,2026-02-02,0.10437,0.11051,0.0994,0.10777,105412083.8
DOGE/USD,2026-02-03,0.10788,0.11032,0.10216,0.10587,67049625.22
DOGE/USD,2026-02-04,0.10584,0.10924,0.10109,0.10357,45988392.92
DOGE/USD,2026-02-05,0.10356,0.10448,0.08662,0.08832,123687830.96
DOGE/USD,2026-02-06,0.08831,0.10216,0.08,0.0984,113211947.44
DOGE/USD,2026-02-07,0.0984,0.09938,0.09472,0.09823,35453616.8
DOGE/USD,2026-02-08,0.09821,0.09907,0.09506,0.09658,18956253.79
DOGE/USD,2026-02-09,0.09655,0.09739,0.09234,0.09605,36732059.12
DOGE/USD,2026-02-10,0.09606,0.0965,0.09141,0.09276,65320089.19
DOGE/USD,2026-02-11,0.09273,0.09352,0.08788,0.09103,72684882.76
DOGE/USD,2026-02-12,0.09106,0.0945,0.09063,0.09292,54522264.62
DOGE/USD,2026-02-13,0.0929,0.09758,0.09171,0.09668,50151544.7
DOGE/USD,2026-02-14,0.09661,0.11356,0.09625,0.11101,71352904.99
DOGE/USD,2026-02-15,0.11086,0.11755,0.10155,0.10266,110712030.92
DOGE/USD,2026-02-16,0.10264,0.10359,0.09847,0.10098,58920693.11
DOGE/USD,2026-02-17,0.10103,0.10348,0.09845,0.10058,54077267.94
DOGE/USD,2026-02-18,0.1006,0.10226,0.09745,0.09852,52791555.25
DOGE/USD,2026-02-19,0.09846,0.09911,0.09547,0.09833,74935732.77
DOGE/USD,2026-02-20,0.09832,0.10229,0.09565,0.10009,69517420.74
DOGE/USD,2026-02-21,0.10012,0.10093,0.09836,0.09845,26111025.88
DOGE/USD,2026-02-22,0.09838,0.09851,0.0946,0.09553,45205510.13
DOGE/USD,2026-02-23,0.09549,0.09757,0.08811,0.09262,90489641.17
DOGE/USD,2026-02-24,0.09264,0.09352,0.09007,0.09139,67054855.54
DOGE/USD,2026-02-25,0.09141,0.10619,0.09092,0.10093,150391572.79
DOGE/USD,2026-02-26,0.10086,0.10168,0.09544,0.09698,86052263.47
DOGE/USD,2026-02-27,0.09695,0.0991,0.092,0.09338,90386710.82
DOGE/USD,2026-02-28,0.09336,0.09496,0.08774,0.09408,145840082.97
DOGE/USD,2026-03-01,0.09412,0.09781,0.09056,0.09189,111449683.29
DOGE/USD,2026-03-02,0.0919,0.0977,0.0908,0.09353,75252620.2
DOGE/USD,2026-03-03,0.09356,0.09383,0.08851,0.08998,105245418.85
DOGE/USD,2026-03-04,0.08999,0.10435,0.08865,0.09899,193144453.63
DOGE/USD,2026-03-05,0.09897,0.09924,0.09273,0.0936,152482356.12
DOGE/USD,2026-03-06,0.09357,0.09434,0.09,0.09129,81323852.61
DOGE/USD,2026-03-07,0.09129,0.09209,0.08929,0.08993,39334038.4
DOGE/USD,2026-03-08,0.08995,0.09129,0.08672,0.08914,66575483.93
DOGE/USD,2026-03-09,0.08914,0.09285,0.08904,0.09052,116016293.78
DOGE/USD,2026-03-10,0.0905,0.10044,0.09035,0.09458,196049126.48
DOGE/USD,2026-03-11,0.09451,0.09488,0.09124,0.09289,83708582.66
DOGE/USD,2026-03-12,0.09296,0.09584,0.09185,0.09471,74477619.2
DOGE/USD,2026-03-13,0.09474,0.10197,0.09456,0.09602,129731363.03
DOGE/USD,2026-03-14,0.09586,0.09645,0.09402,0.09602,40194645.26
DOGE/USD,2026-03-15,0.09609,0.0981,0.09447,0.09741,58763843.02
DOGE/USD,2026-03-16,0.09742,0.10373,0.09707,0.10309,173652482.56
DOGE/USD,2026-03-17,0.10302,0.10445,0.09835,0.10016,111479216.75
DOGE/USD,2026-03-18,0.10019,0.10182,0.09337,0.09524,102196847.84
DOGE/USD,2026-03-19,0.09526,0.09607,0.09181,0.09351,70693445.94
DOGE/USD,2026-03-20,0.09354,0.0954,0.09287,0.09416,53064802.28
DOGE/USD,2026-03-21,0.09419,0.09496,0.0906,0.09137,20730886.15
DOGE/USD,2026-03-22,0.09132,0.09282,0.08918,0.09005,24598587.97
DOGE/USD,2026-03-23,0.09015,0.09575,0.08923,0.09417,115677629.14
DOGE/USD,2026-03-24,0.09415,0.09558,0.09241,0.09518,84484106.41
DOGE/USD,2026-03-25,0.09514,0.09792,0.09439,0.09613,87024805.54
DOGE/USD,2026-03-26,0.09614,0.09623,0.09055,0.09199,82728761.33
DOGE/USD,2026-03-27,0.0919,0.09264,0.08922,0.09004,57021793.99
DOGE/USD,2026-03-28,0.09003,0.09517,0.08963,0.09092,64877281.25
DOGE/USD,2026-03-29,0.09088,0.09151,0.08796,0.09037,32557330.59
DOGE/USD,2026-03-30,0.09042,0.09373,0.09019,0.09073,51089296.06
DOGE/USD,2026-03-31,0.09078,0.09267,0.08933,0.09224,70447774.65
DOGE/USD,2026-04-01,0.09226,0.09446,0.09157,0.09212,79259354.41
DOGE/USD,2026-04-02,0.09215,0.09268,0.08897,0.09039,61979366.63
DOGE/USD,2026-04-03,0.0904,0.09258,0.08993,0.09153,48957940.33
DOGE/USD,2026-04-04,0.09152,0.09303,0.09075,0.09203,23618799.58
DOGE/USD,2026-04-05,0.0921,0.09238,0.08972,0.09233,37473680.64
DOGE/USD,2026-04-06,0.09237,0.09358,0.08995,0.09059,106514525.74
DOGE/USD,2026-04-07,0.09058,0.09599,0.09007,0.09492,99442527.64
DOGE/USD,2026-04-08,0.09492,0.09558,0.09219,0.0924,49341241.21
DOGE/USD,2026-04-09,0.0924,0.095,0.09095,0.09259,80245080.46
DOGE/USD,2026-04-10,0.09257,0.09528,0.09199,0.09371,80279830.8
DOGE/USD,2026-04-11,0.09371,0.09492,0.09232,0.0931,67428641.72
DOGE/USD,2026-04-12,0.09311,0.09328,0.09036,0.09085,51400815.28
DOGE/USD,2026-04-13,0.09085,0.09434,0.09073,0.09414,79385327.0
DOGE/USD,2026-04-14,0.09419,0.09808,0.09247,0.09302,104645949.46
DOGE/USD,2026-04-15,0.09302,0.09678,0.09267,0.09484,69352822.79
DOGE/USD,2026-04-16,0.09492,0.09984,0.09452,0.09922,136581060.58
DOGE/USD,2026-04-17,0.09926,0.10222,0.09674,0.09949,100858845.75
DOGE/USD,2026-04-18,0.09945,0.09978,0.09431,0.09478,61746311.87
DOGE/USD,2026-04-19,0.09483,0.09668,0.09262,0.09305,70838816.29
DOGE/USD,2026-04-20,0.09306,0.09613,0.09298,0.09525,51739805.25
DOGE/USD,2026-04-21,0.09525,0.09593,0.09361,0.09518,73220752.95
DOGE/USD,2026-04-22,0.09523,0.09857,0.0949,0.09569,67149535.14
DOGE/USD,2026-04-23,0.09568,0.09806,0.09521,0.09715,71636823.63
DOGE/USD,2026-04-24,0.09723,0.09952,0.09685,0.09849,82598829.79
DOGE/USD,2026-04-25,0.09842,0.0991,0.09741,0.09801,34909607.12
DOGE/USD,2026-04-26,0.09797,0.09992,0.09751,0.09925,29808077.32
DOGE/USD,2026-04-27,0.09923,0.10085,0.09693,0.09898,60962802.08
DOGE/USD,2026-04-28,0.09895,0.10096,0.09809,0.09933,45951884.69
DOGE/USD,2026-04-29,0.09931,0.11196,0.09923,0.10404,205439102.64
DOGE/USD,2026-04-30,0.10414,0.10835,0.10395,0.10648,85769809.76
DOGE/USD,2026-05-01,0.10641,0.11052,0.10641,0.10852,86263199.12
DOGE/USD,2026-05-02,0.10858,0.10932,0.10715,0.1085,51796245.17
DOGE/USD,2026-05-03,0.10849,0.10966,0.10713,0.10822,46941507.27
DOGE/USD,2026-05-04,0.10826,0.11369,0.10768,0.11006,95394902.11
DOGE/USD,2026-05-05,0.1101,0.11651,0.10995,0.11485,70952464.91
DOGE/USD,2026-05-06,0.11484,0.11712,0.11135,0.11247,103854788.08
DOGE/USD,2026-05-07,0.11247,0.11251,0.10674,0.10784,99524377.3
DOGE/USD,2026-05-08,0.10783,0.1097,0.10563,0.10953,126281220.52
DOGE/USD,2026-05-09,0.10951,0.11131,0.10818,0.10872,48968184.39
DOGE/USD,2026-05-10,0.10866,0.11282,0.1065,0.11236,111598306.15
DOGE/USD,2026-05-11,0.11245,0.11273,0.10844,0.11128,81092061.33
DOGE/USD,2026-05-12,0.11127,0.11154,0.10749,0.11008,116718619.92
DOGE/USD,2026-05-13,0.1101,0.11462,0.10961,0.11266,184232357.69
DOGE/USD,2026-05-14,0.11264,0.11854,0.11197,0.11535,144202448.18
DOGE/USD,2026-05-15,0.11543,0.1174,0.11072,0.11329,90447434.14
DOGE/USD,2026-05-16,0.11328,0.11341,0.10776,0.10935,52328933.14
DOGE/USD,2026-05-17,0.10936,0.1127,0.10557,0.10896,118954007.86
DOGE/USD,2026-05-18,0.10893,0.10898,0.10245,0.10467,145418841.83
DOGE/USD,2026-05-19,0.10473,0.1054,0.10258,0.10288,43657353.45
DOGE/USD,2026-05-20,0.1029,0.10491,0.10181,0.10363,42713507.15
DOGE/USD,2026-05-21,0.10359,0.10643,0.10359,0.10557,73847322.37
DOGE/USD,2026-05-22,0.10547,0.10662,0.10152,0.10226,54633346.51
DOGE/USD,2026-05-23,0.10224,0.1049,0.0972,0.10295,99898658.94
DOGE/USD,2026-05-24,0.10304,0.10382,0.10046,0.10217,51821734.36
DOGE/USD,2026-05-25,0.10223,0.1037,0.10158,0.10205,41882537.91
DOGE/USD,2026-05-26,0.10209,0.10371,0.10017,0.10089,58127981.47
DOGE/USD,2026-05-27,0.10097,0.10315,0.0992,0.10039,45801331.62
DOGE/USD,2026-05-28,0.10037,0.10067,0.09635,0.09947,73448560.47
DOGE/USD,2026-05-29,0.09954,0.09995,0.0985,0.09961,8360535.14
SHIB/USD,2025-01-15,2.173e-05,2.284e-05,2.095e-05,2.276e-05,7040361415.0
SHIB/USD,2025-01-16,2.282e-05,2.282e-05,2.172e-05,2.201e-05,8017871152.0
SHIB/USD,2025-01-17,2.211e-05,2.46e-05,2.207e-05,2.421e-05,28708717161.0
SHIB/USD,2025-01-18,2.423e-05,2.486e-05,2.237e-05,2.263e-05,34844581549.0
SHIB/USD,2025-01-19,2.278e-05,2.321e-05,1.991e-05,2.032e-05,36400174435.0
SHIB/USD,2025-01-20,2.027e-05,2.242e-05,1.971e-05,2.034e-05,29767021189.0
SHIB/USD,2025-01-21,2.021e-05,2.132e-05,1.97e-05,2.088e-05,34822752328.0
SHIB/USD,2025-01-22,2.093e-05,2.094e-05,2.008e-05,2.017e-05,6230836743.0
SHIB/USD,2025-01-23,2.013e-05,2.05e-05,1.959e-05,2.013e-05,8572684152.0
SHIB/USD,2025-01-24,2.016e-05,2.049e-05,1.95e-05,1.995e-05,20560089551.0
SHIB/USD,2025-01-25,1.987e-05,2.021e-05,1.971e-05,1.995e-05,2515704413.0
SHIB/USD,2025-01-26,1.998e-05,2.014e-05,1.906e-05,1.909e-05,19101129475.0
SHIB/USD,2025-01-27,1.909e-05,1.914e-05,1.727e-05,1.893e-05,57949417193.0
SHIB/USD,2025-01-28,1.905e-05,1.929e-05,1.771e-05,1.796e-05,15643522197.0
SHIB/USD,2025-01-29,1.792e-05,1.879e-05,1.784e-05,1.829e-05,43529314355.0
SHIB/USD,2025-01-30,1.829e-05,1.897e-05,1.818e-05,1.869e-05,21576700573.0
SHIB/USD,2025-01-31,1.875e-05,1.969e-05,1.85e-05,1.89e-05,74526411236.0
SHIB/USD,2025-02-01,1.887e-05,1.922e-05,1.756e-05,1.762e-05,6304590564.0
SHIB/USD,2025-02-02,1.759e-05,1.794e-05,1.477e-05,1.553e-05,20687796021.0
SHIB/USD,2025-02-03,1.508e-05,1.691e-05,1.218e-05,1.682e-05,60122639981.0
SHIB/USD,2025-02-04,1.69e-05,1.695e-05,1.511e-05,1.581e-05,58682178011.0
SHIB/USD,2025-02-05,1.585e-05,1.677e-05,1.56e-05,1.578e-05,13202254669.0
SHIB/USD,2025-02-06,1.578e-05,1.616e-05,1.473e-05,1.486e-05,9687255951.0
SHIB/USD,2025-02-07,1.496e-05,1.571e-05,1.464e-05,1.513e-05,8879905304.0
SHIB/USD,2025-02-08,1.51e-05,1.606e-05,1.507e-05,1.598e-05,18938167122.0
SHIB/USD,2025-02-09,1.599e-05,1.654e-05,1.515e-05,1.569e-05,15356143684.0
SHIB/USD,2025-02-10,1.574e-05,1.611e-05,1.53e-05,1.582e-05,38475305660.0
SHIB/USD,2025-02-11,1.584e-05,1.645e-05,1.546e-05,1.574e-05,24182168214.0
SHIB/USD,2025-02-12,1.571e-05,1.732e-05,1.55e-05,1.697e-05,34520953752.0
SHIB/USD,2025-02-13,1.7e-05,1.7e-05,1.596e-05,1.631e-05,28572114844.0
SHIB/USD,2025-02-14,1.631e-05,1.716e-05,1.622e-05,1.674e-05,21954006706.0
SHIB/USD,2025-02-15,1.672e-05,1.699e-05,1.624e-05,1.631e-05,16231731275.0
SHIB/USD,2025-02-16,1.634e-05,1.636e-05,1.586e-05,1.602e-05,4447729443.0
SHIB/USD,2025-02-17,1.604e-05,1.629e-05,1.539e-05,1.58e-05,7172056459.0
SHIB/USD,2025-02-18,1.562e-05,1.571e-05,1.488e-05,1.519e-05,7714969589.0
SHIB/USD,2025-02-19,1.52e-05,1.55e-05,1.506e-05,1.541e-05,6751028291.0
SHIB/USD,2025-02-20,1.542e-05,1.562e-05,1.53e-05,1.558e-05,12298625128.0
SHIB/USD,2025-02-21,1.553e-05,1.597e-05,1.488e-05,1.508e-05,26715810838.0
SHIB/USD,2025-02-22,1.502e-05,1.578e-05,1.502e-05,1.561e-05,12803779064.0
SHIB/USD,2025-02-23,1.561e-05,1.578e-05,1.533e-05,1.545e-05,23987622930.0
SHIB/USD,2025-02-24,1.548e-05,1.553e-05,1.346e-05,1.364e-05,18375223393.0
SHIB/USD,2025-02-25,1.37e-05,1.421e-05,1.315e-05,1.41e-05,19470049161.0
SHIB/USD,2025-02-26,1.412e-05,1.451e-05,1.377e-05,1.441e-05,76130362947.0
SHIB/USD,2025-02-27,1.446e-05,1.481e-05,1.426e-05,1.443e-05,15066053400.0
SHIB/USD,2025-02-28,1.44e-05,1.44e-05,1.3e-05,1.391e-05,7368666653.0
SHIB/USD,2025-03-01,1.395e-05,1.415e-05,1.343e-05,1.361e-05,6113508517.0
SHIB/USD,2025-03-02,1.356e-05,1.519e-05,1.352e-05,1.515e-05,17805461627.0
SHIB/USD,2025-03-03,1.501e-05,1.508e-05,1.277e-05,1.29e-05,27823341906.0
SHIB/USD,2025-03-04,1.286e-05,1.324e-05,1.224e-05,1.308e-05,6370878695.0
SHIB/USD,2025-03-05,1.31e-05,1.34e-05,1.289e-05,1.34e-05,16017745035.0
SHIB/USD,2025-03-06,1.339e-05,1.379e-05,1.316e-05,1.343e-05,6033539325.0
SHIB/USD,2025-03-07,1.344e-05,1.366e-05,1.278e-05,1.313e-05,59750142187.0
SHIB/USD,2025-03-08,1.315e-05,1.323e-05,1.258e-05,1.263e-05,4136660085.0
SHIB/USD,2025-03-09,1.267e-05,1.27e-05,1.153e-05,1.164e-05,8822613001.0
SHIB/USD,2025-03-10,1.175e-05,1.298e-05,1.149e-05,1.149e-05,40428549134.0
SHIB/USD,2025-03-11,1.152e-05,1.229e-05,1.083e-05,1.202e-05,20380070771.0
SHIB/USD,2025-03-12,1.205e-05,1.254e-05,1.18e-05,1.229e-05,31088738753.0
SHIB/USD,2025-03-13,1.238e-05,1.239e-05,1.18e-05,1.203e-05,37095779043.0
SHIB/USD,2025-03-14,1.199e-05,1.29e-05,1.199e-05,1.278e-05,23636519949.0
SHIB/USD,2025-03-15,1.279e-05,1.293e-05,1.262e-05,1.283e-05,13856269379.0
SHIB/USD,2025-03-16,1.284e-05,1.381e-05,1.262e-05,1.312e-05,59590212845.0
SHIB/USD,2025-03-17,1.314e-05,1.35e-05,1.281e-05,1.295e-05,39077832756.0
SHIB/USD,2025-03-18,1.287e-05,1.289e-05,1.226e-05,1.253e-05,4401067649.0
SHIB/USD,2025-03-19,1.258e-05,1.299e-05,1.25e-05,1.295e-05,6161972141.0
SHIB/USD,2025-03-20,1.294e-05,1.3e-05,1.261e-05,1.293e-05,59233768310.0
SHIB/USD,2025-03-21,1.298e-05,1.307e-05,1.247e-05,1.25e-05,21403421362.0
SHIB/USD,2025-03-22,1.248e-05,1.296e-05,1.248e-05,1.277e-05,18677778387.0
SHIB/USD,2025-03-23,1.282e-05,1.311e-05,1.28e-05,1.295e-05,2572002850.0
SHIB/USD,2025-03-24,1.293e-05,1.37e-05,1.278e-05,1.354e-05,35925763123.0
SHIB/USD,2025-03-25,1.355e-05,1.404e-05,1.34e-05,1.385e-05,35086294956.0
SHIB/USD,2025-03-26,1.383e-05,1.563e-05,1.383e-05,1.421e-05,35286245290.0
SHIB/USD,2025-03-27,1.421e-05,1.474e-05,1.394e-05,1.403e-05,8643012952.0
SHIB/USD,2025-03-28,1.4e-05,1.403e-05,1.3e-05,1.324e-05,3799379663.0
SHIB/USD,2025-03-29,1.322e-05,1.334e-05,1.244e-05,1.268e-05,4434304568.0
SHIB/USD,2025-03-30,1.267e-05,1.282e-05,1.229e-05,1.244e-05,25912971832.0
SHIB/USD,2025-03-31,1.242e-05,1.253e-05,1.197e-05,1.238e-05,3807676675.0
SHIB/USD,2025-04-01,1.239e-05,1.311e-05,1.239e-05,1.27e-05,19886902194.0
SHIB/USD,2025-04-02,1.265e-05,1.298e-05,1.194e-05,1.209e-05,58102989364.0
SHIB/USD,2025-04-03,1.214e-05,1.242e-05,1.185e-05,1.222e-05,4136278002.0
SHIB/USD,2025-04-04,1.223e-05,1.248e-05,1.196e-05,1.231e-05,5038299171.0
SHIB/USD,2025-04-05,1.23e-05,1.24e-05,1.209e-05,1.235e-05,2211553277.0
SHIB/USD,2025-04-06,1.23e-05,1.236e-05,1.103e-05,1.122e-05,7166531430.0
SHIB/USD,2025-04-07,1.13e-05,1.177e-05,1.031e-05,1.142e-05,46823544352.0
SHIB/USD,2025-04-08,1.142e-05,1.169e-05,1.055e-05,1.061e-05,19548754537.0
SHIB/USD,2025-04-09,1.058e-05,1.213e-05,1.031e-05,1.192e-05,21618580752.0
SHIB/USD,2025-04-10,1.193e-05,1.214e-05,1.144e-05,1.162e-05,26853885541.0
SHIB/USD,2025-04-11,1.167e-05,1.237e-05,1.165e-05,1.222e-05,19015186352.0
SHIB/USD,2025-04-12,1.222e-05,1.266e-05,1.206e-05,1.254e-05,4357070830.0
SHIB/USD,2025-04-13,1.255e-05,1.257e-05,1.196e-05,1.201e-05,15797878235.0
SHIB/USD,2025-04-14,1.215e-05,1.242e-05,1.198e-05,1.201e-05,36893101989.0
SHIB/USD,2025-04-15,1.199e-05,1.21e-05,1.167e-05,1.167e-05,6448909296.0
SHIB/USD,2025-04-16,1.16e-05,1.196e-05,1.149e-05,1.186e-05,3941906796.0
SHIB/USD,2025-04-17,1.184e-05,1.202e-05,1.164e-05,1.182e-05,35455958914.0
SHIB/USD,2025-04-18,1.17e-05,1.245e-05,1.17e-05,1.231e-05,11777236174.0
SHIB/USD,2025-04-19,1.228e-05,1.242e-05,1.214e-05,1.236e-05,808663018.0
SHIB/USD,2025-04-20,1.238e-05,1.256e-05,1.211e-05,1.234e-05,1793221846.0
SHIB/USD,2025-04-21,1.234e-05,1.279e-05,1.227e-05,1.237e-05,2503268320.0
SHIB/USD,2025-04-22,1.237e-05,1.379e-05,1.224e-05,1.357e-05,4151392817.0
SHIB/USD,2025-04-23,1.361e-05,1.391e-05,1.319e-05,1.351e-05,51243151825.0
SHIB/USD,2025-04-24,1.362e-05,1.381e-05,1.291e-05,1.381e-05,37002219094.0
SHIB/USD,2025-04-25,1.376e-05,1.426e-05,1.366e-05,1.417e-05,5368625553.0
SHIB/USD,2025-04-26,1.418e-05,1.526e-05,1.41e-05,1.417e-05,22962125710.0
SHIB/USD,2025-04-27,1.412e-05,1.415e-05,1.346e-05,1.346e-05,3535488817.0
SHIB/USD,2025-04-28,1.344e-05,1.42e-05,1.318e-05,1.373e-05,6170439637.0
SHIB/USD,2025-04-29,1.373e-05,1.393e-05,1.327e-05,1.341e-05,4196149984.0
SHIB/USD,2025-04-30,1.343e-05,1.354e-05,1.294e-05,1.325e-05,1347227906.0
SHIB/USD,2025-05-01,1.323e-05,1.375e-05,1.322e-05,1.349e-05,4949651520.0
SHIB/USD,2025-05-02,1.351e-05,1.37e-05,1.33e-05,1.346e-05,10478295411.0
SHIB/USD,2025-05-03,1.348e-05,1.348e-05,1.293e-05,1.296e-05,4516077441.0
SHIB/USD,2025-05-04,1.296e-05,1.32e-05,1.261e-05,1.267e-05,6127863144.0
SHIB/USD,2025-05-05,1.271e-05,1.297e-05,1.254e-05,1.269e-05,4091481660.0
SHIB/USD,2025-05-06,1.269e-05,1.277e-05,1.231e-05,1.275e-05,4094392702.0
SHIB/USD,2025-05-07,1.276e-05,1.294e-05,1.259e-05,1.28e-05,37663569930.0
SHIB/USD,2025-05-08,1.282e-05,1.456e-05,1.28e-05,1.437e-05,65268474048.0
SHIB/USD,2025-05-09,1.439e-05,1.559e-05,1.41e-05,1.505e-05,22207493885.0
SHIB/USD,2025-05-10,1.503e-05,1.708e-05,1.486e-05,1.702e-05,40631561316.0
SHIB/USD,2025-05-11,1.707e-05,1.728e-05,1.564e-05,1.591e-05,23343570428.0
SHIB/USD,2025-05-12,1.592e-05,1.76e-05,1.51e-05,1.574e-05,42622995502.0
SHIB/USD,2025-05-13,1.556e-05,1.656e-05,1.483e-05,1.637e-05,8633251844.0
SHIB/USD,2025-05-14,1.634e-05,1.667e-05,1.554e-05,1.572e-05,7688355232.0
SHIB/USD,2025-05-15,1.583e-05,1.588e-05,1.447e-05,1.483e-05,4885357393.0
SHIB/USD,2025-05-16,1.481e-05,1.518e-05,1.443e-05,1.459e-05,5386723113.0
SHIB/USD,2025-05-17,1.457e-05,1.457e-05,1.398e-05,1.42e-05,5954526364.0
SHIB/USD,2025-05-18,1.42e-05,1.535e-05,1.414e-05,1.482e-05,9880870671.0
SHIB/USD,2025-05-19,1.493e-05,1.504e-05,1.394e-05,1.453e-05,8474893924.0
SHIB/USD,2025-05-20,1.459e-05,1.492e-05,1.416e-05,1.461e-05,6263395619.0
SHIB/USD,2025-05-21,1.46e-05,1.512e-05,1.432e-05,1.488e-05,9894794270.0
SHIB/USD,2025-05-22,1.493e-05,1.552e-05,1.493e-05,1.552e-05,10472351512.0
SHIB/USD,2025-05-23,1.549e-05,1.606e-05,1.421e-05,1.429e-05,38190021209.0
SHIB/USD,2025-05-24,1.441e-05,1.459e-05,1.429e-05,1.437e-05,2642289859.0
SHIB/USD,2025-05-25,1.438e-05,1.468e-05,1.393e-05,1.451e-05,5392633768.0
SHIB/USD,2025-05-26,1.449e-05,1.472e-05,1.425e-05,1.44e-05,3962248083.0
SHIB/USD,2025-05-27,1.44e-05,1.468e-05,1.408e-05,1.444e-05,4631801493.0
SHIB/USD,2025-05-28,1.442e-05,1.452e-05,1.395e-05,1.432e-05,6977734078.0
SHIB/USD,2025-05-29,1.431e-05,1.47e-05,1.386e-05,1.391e-05,6108959374.0
SHIB/USD,2025-05-30,1.388e-05,1.397e-05,1.267e-05,1.277e-05,27959573657.0
SHIB/USD,2025-05-31,1.278e-05,1.295e-05,1.228e-05,1.283e-05,6961456543.0
SHIB/USD,2025-06-01,1.283e-05,1.307e-05,1.263e-05,1.293e-05,2395874107.0
SHIB/USD,2025-06-02,1.292e-05,1.325e-05,1.268e-05,1.32e-05,18754590084.0
SHIB/USD,2025-06-03,1.321e-05,1.344e-05,1.298e-05,1.303e-05,12164747676.0
SHIB/USD,2025-06-04,1.306e-05,1.318e-05,1.273e-05,1.282e-05,9452825094.0
SHIB/USD,2025-06-05,1.283e-05,1.297e-05,1.193e-05,1.202e-05,52385258247.0
SHIB/USD,2025-06-06,1.201e-05,1.282e-05,1.2e-05,1.243e-05,34669628187.0
SHIB/USD,2025-06-07,1.243e-05,1.288e-05,1.239e-05,1.273e-05,31641798206.0
SHIB/USD,2025-06-08,1.273e-05,1.273e-05,1.246e-05,1.25e-05,8101385602.0
SHIB/USD,2025-06-09,1.251e-05,1.317e-05,1.237e-05,1.313e-05,23120091090.0
SHIB/USD,2025-06-10,1.313e-05,1.339e-05,1.284e-05,1.336e-05,33062523209.0
SHIB/USD,2025-06-11,1.336e-05,1.362e-05,1.286e-05,1.296e-05,23476607165.0
SHIB/USD,2025-06-12,1.297e-05,1.298e-05,1.215e-05,1.224e-05,52925250938.0
SHIB/USD,2025-06-13,1.212e-05,1.212e-05,1.146e-05,1.21e-05,12749056992.0
SHIB/USD,2025-06-14,1.211e-05,1.224e-05,1.189e-05,1.206e-05,4809250211.0
SHIB/USD,2025-06-15,1.205e-05,1.216e-05,1.183e-05,1.202e-05,4832852099.0
SHIB/USD,2025-06-16,1.202e-05,1.232e-05,1.183e-05,1.186e-05,47111937890.0
SHIB/USD,2025-06-17,1.18e-05,1.204e-05,1.135e-05,1.164e-05,10840974022.0
SHIB/USD,2025-06-18,1.164e-05,1.179e-05,1.136e-05,1.164e-05,5518658759.0
SHIB/USD,2025-06-19,1.167e-05,1.176e-05,1.143e-05,1.159e-05,7177741177.0
SHIB/USD,2025-06-20,1.158e-05,1.182e-05,1.108e-05,1.132e-05,12278356501.0
SHIB/USD,2025-06-21,1.129e-05,1.144e-05,1.064e-05,1.088e-05,11423014549.0
SHIB/USD,2025-06-22,1.09e-05,1.105e-05,1.009e-05,1.061e-05,12927984464.0
SHIB/USD,2025-06-23,1.06e-05,1.166e-05,1.057e-05,1.16e-05,63212926133.0
SHIB/USD,2025-06-24,1.166e-05,1.189e-05,1.154e-05,1.172e-05,56268810331.0
SHIB/USD,2025-06-25,1.172e-05,1.176e-05,1.151e-05,1.164e-05,54900495886.0
SHIB/USD,2025-06-26,1.163e-05,1.177e-05,1.117e-05,1.122e-05,63503514525.0
SHIB/USD,2025-06-27,1.121e-05,1.139e-05,1.108e-05,1.132e-05,6211741208.0
SHIB/USD,2025-06-28,1.135e-05,1.163e-05,1.13e-05,1.156e-05,22324251265.0
SHIB/USD,2025-06-29,1.157e-05,1.2e-05,1.148e-05,1.188e-05,10774334741.0
SHIB/USD,2025-06-30,1.189e-05,1.192e-05,1.129e-05,1.142e-05,41626767372.0
SHIB/USD,2025-07-01,1.145e-05,1.15e-05,1.108e-05,1.118e-05,13598128350.0
SHIB/USD,2025-07-02,1.119e-05,1.2e-05,1.116e-05,1.178e-05,48242480046.0
SHIB/USD,2025-07-03,1.18e-05,1.215e-05,1.175e-05,1.189e-05,71541892701.0
SHIB/USD,2025-07-04,1.19e-05,1.2e-05,1.123e-05,1.144e-05,30167714264.0
SHIB/USD,2025-07-05,1.144e-05,1.159e-05,1.135e-05,1.147e-05,4972016298.0
SHIB/USD,2025-07-06,1.145e-05,1.197e-05,1.137e-05,1.182e-05,52668308796.0
SHIB/USD,2025-07-07,1.185e-05,1.194e-05,1.146e-05,1.162e-05,13241910363.0
SHIB/USD,2025-07-08,1.163e-05,1.197e-05,1.155e-05,1.186e-05,14246881271.0
SHIB/USD,2025-07-09,1.187e-05,1.253e-05,1.177e-05,1.24e-05,61831798445.0
SHIB/USD,2025-07-10,1.24e-05,1.344e-05,1.232e-05,1.333e-05,99452549953.0
SHIB/USD,2025-07-11,1.332e-05,1.386e-05,1.307e-05,1.33e-05,110358374045.0
SHIB/USD,2025-07-12,1.331e-05,1.353e-05,1.284e-05,1.319e-05,67036892368.0
SHIB/USD,2025-07-13,1.322e-05,1.35e-05,1.31e-05,1.332e-05,116927215046.0
SHIB/USD,2025-07-14,1.331e-05,1.416e-05,1.315e-05,1.328e-05,80434098454.0
SHIB/USD,2025-07-15,1.325e-05,1.38e-05,1.276e-05,1.374e-05,55447258682.0
SHIB/USD,2025-07-16,1.375e-05,1.485e-05,1.349e-05,1.438e-05,108225224998.0
SHIB/USD,2025-07-17,1.442e-05,1.474e-05,1.391e-05,1.444e-05,108509890695.0
SHIB/USD,2025-07-18,1.449e-05,1.587e-05,1.424e-05,1.465e-05,108455467556.0
SHIB/USD,2025-07-19,1.469e-05,1.535e-05,1.437e-05,1.492e-05,65956284814.0
SHIB/USD,2025-07-20,1.493e-05,1.585e-05,1.481e-05,1.553e-05,49396399623.0
SHIB/USD,2025-07-21,1.561e-05,1.598e-05,1.512e-05,1.548e-05,46175314066.0
SHIB/USD,2025-07-22,1.551e-05,1.566e-05,1.476e-05,1.549e-05,89295013959.0
SHIB/USD,2025-07-23,1.543e-05,1.543e-05,1.344e-05,1.386e-05,49083469087.0
SHIB/USD,2025-07-24,1.384e-05,1.406e-05,1.298e-05,1.362e-05,94327121284.0
SHIB/USD,2025-07-25,1.359e-05,1.411e-05,1.315e-05,1.41e-05,42024775413.0
SHIB/USD,2025-07-26,1.406e-05,1.418e-05,1.391e-05,1.396e-05,14032160225.0
SHIB/USD,2025-07-27,1.397e-05,1.429e-05,1.39e-05,1.418e-05,48147316318.0
SHIB/USD,2025-07-28,1.414e-05,1.435e-05,1.327e-05,1.336e-05,37079324503.0
SHIB/USD,2025-07-29,1.334e-05,1.367e-05,1.29e-05,1.314e-05,16258857725.0
SHIB/USD,2025-07-30,1.311e-05,1.316e-05,1.226e-05,1.286e-05,59556492928.0
SHIB/USD,2025-07-31,1.287e-05,1.315e-05,1.242e-05,1.245e-05,66393242292.0
SHIB/USD,2025-08-01,1.245e-05,1.251e-05,1.177e-05,1.207e-05,26449413229.0
SHIB/USD,2025-08-02,1.205e-05,1.226e-05,1.161e-05,1.183e-05,28242252363.0
SHIB/USD,2025-08-03,1.186e-05,1.226e-05,1.166e-05,1.221e-05,34886969857.0
SHIB/USD,2025-08-04,1.221e-05,1.256e-05,1.22e-05,1.252e-05,37443384954.0
SHIB/USD,2025-08-05,1.254e-05,1.257e-05,1.187e-05,1.206e-05,51515207046.0
SHIB/USD,2025-08-06,1.208e-05,1.245e-05,1.189e-05,1.234e-05,51676639319.0
SHIB/USD,2025-08-07,1.234e-05,1.289e-05,1.229e-05,1.288e-05,99983641500.0
SHIB/USD,2025-08-08,1.286e-05,1.332e-05,1.271e-05,1.325e-05,87887408022.0
SHIB/USD,2025-08-09,1.327e-05,1.406e-05,1.318e-05,1.373e-05,104128907449.0
SHIB/USD,2025-08-10,1.375e-05,1.401e-05,1.329e-05,1.358e-05,79948440407.0
SHIB/USD,2025-08-11,1.357e-05,1.392e-05,1.283e-05,1.295e-05,81159646624.0
SHIB/USD,2025-08-12,1.292e-05,1.375e-05,1.272e-05,1.354e-05,37515761030.0
SHIB/USD,2025-08-13,1.355e-05,1.404e-05,1.342e-05,1.393e-05,74895859388.0
SHIB/USD,2025-08-14,1.392e-05,1.42e-05,1.263e-05,1.29e-05,63415594356.0
SHIB/USD,2025-08-15,1.288e-05,1.315e-05,1.251e-05,1.287e-05,81486857603.0
SHIB/USD,2025-08-16,1.285e-05,1.305e-05,1.279e-05,1.299e-05,76678511704.0
SHIB/USD,2025-08-17,1.298e-05,1.339e-05,1.293e-05,1.303e-05,49909044920.0
SHIB/USD,2025-08-18,1.302e-05,1.304e-05,1.245e-05,1.272e-05,41500430173.0
SHIB/USD,2025-08-19,1.272e-05,1.281e-05,1.207e-05,1.21e-05,51142270218.0
SHIB/USD,2025-08-20,1.211e-05,1.264e-05,1.205e-05,1.257e-05,38659556379.0
SHIB/USD,2025-08-21,1.257e-05,1.271e-05,1.227e-05,1.238e-05,58303000568.0
SHIB/USD,2025-08-22,1.238e-05,1.35e-05,1.203e-05,1.337e-05,33467906180.0
SHIB/USD,2025-08-23,1.34e-05,1.34e-05,1.295e-05,1.326e-05,52464265497.0
SHIB/USD,2025-08-24,1.329e-05,1.35e-05,1.271e-05,1.295e-05,83053298056.0
SHIB/USD,2025-08-25,1.296e-05,1.312e-05,1.184e-05,1.203e-05,134256359460.0
SHIB/USD,2025-08-26,1.204e-05,1.262e-05,1.192e-05,1.254e-05,83401602729.0
SHIB/USD,2025-08-27,1.254e-05,1.264e-05,1.238e-05,1.249e-05,41082703241.0
SHIB/USD,2025-08-28,1.249e-05,1.272e-05,1.241e-05,1.268e-05,45129819992.0
SHIB/USD,2025-08-29,1.268e-05,1.272e-05,1.199e-05,1.22e-05,56032068880.0
SHIB/USD,2025-08-30,1.22e-05,1.247e-05,1.203e-05,1.234e-05,12076730873.0
SHIB/USD,2025-08-31,1.236e-05,1.251e-05,1.216e-05,1.219e-05,17010700376.0
SHIB/USD,2025-09-01,1.218e-05,1.26e-05,1.182e-05,1.211e-05,33032104702.0
SHIB/USD,2025-09-02,1.211e-05,1.248e-05,1.204e-05,1.244e-05,128691486974.0
SHIB/USD,2025-09-03,1.244e-05,1.258e-05,1.232e-05,1.249e-05,20303418487.0
SHIB/USD,2025-09-04,1.249e-05,1.254e-05,1.202e-05,1.212e-05,53632513593.0
SHIB/USD,2025-09-05,1.211e-05,1.248e-05,1.207e-05,1.239e-05,126589844058.0
SHIB/USD,2025-09-06,1.239e-05,1.244e-05,1.216e-05,1.228e-05,36305728857.0
SHIB/USD,2025-09-07,1.228e-05,1.25e-05,1.227e-05,1.248e-05,54883945284.0
SHIB/USD,2025-09-08,1.248e-05,1.297e-05,1.24e-05,1.288e-05,120089124082.0
SHIB/USD,2025-09-09,1.288e-05,1.32e-05,1.267e-05,1.287e-05,92714780728.0
SHIB/USD,2025-09-10,1.289e-05,1.317e-05,1.276e-05,1.306e-05,83661965310.0
SHIB/USD,2025-09-11,1.306e-05,1.327e-05,1.293e-05,1.325e-05,68052123757.0
SHIB/USD,2025-09-12,1.325e-05,1.393e-05,1.321e-05,1.391e-05,53924051045.0
SHIB/USD,2025-09-13,1.392e-05,1.483e-05,1.375e-05,1.429e-05,325833556904.0
SHIB/USD,2025-09-14,1.427e-05,1.429e-05,1.354e-05,1.369e-05,46584937983.0
SHIB/USD,2025-09-15,1.367e-05,1.38e-05,1.293e-05,1.307e-05,53689963556.0
SHIB/USD,2025-09-16,1.307e-05,1.325e-05,1.287e-05,1.315e-05,29767657532.0
SHIB/USD,2025-09-17,1.317e-05,1.361e-05,1.285e-05,1.351e-05,72683789472.0
SHIB/USD,2025-09-18,1.351e-05,1.36e-05,1.329e-05,1.341e-05,129854082197.0
SHIB/USD,2025-09-19,1.341e-05,1.356e-05,1.279e-05,1.287e-05,90518994650.0
SHIB/USD,2025-09-20,1.285e-05,1.306e-05,1.278e-05,1.293e-05,86098294607.0
SHIB/USD,2025-09-21,1.293e-05,1.305e-05,1.274e-05,1.274e-05,76959751695.0
SHIB/USD,2025-09-22,1.273e-05,1.278e-05,1.176e-05,1.214e-05,137396015751.0
SHIB/USD,2025-09-23,1.214e-05,1.229e-05,1.19e-05,1.21e-05,148540718464.0
SHIB/USD,2025-09-24,1.211e-05,1.238e-05,1.191e-05,1.214e-05,116757632064.0
SHIB/USD,2025-09-25,1.214e-05,1.217e-05,1.153e-05,1.165e-05,86290174442.0
SHIB/USD,2025-09-26,1.165e-05,1.199e-05,1.152e-05,1.192e-05,57546825326.0
SHIB/USD,2025-09-27,1.193e-05,1.193e-05,1.173e-05,1.181e-05,35997842165.0
SHIB/USD,2025-09-28,1.181e-05,1.204e-05,1.159e-05,1.202e-05,43183048879.0
SHIB/USD,2025-09-29,1.202e-05,1.205e-05,1.173e-05,1.198e-05,68669032186.0
SHIB/USD,2025-09-30,1.197e-05,1.2e-05,1.155e-05,1.183e-05,61122548878.0
SHIB/USD,2025-10-01,1.183e-05,1.24e-05,1.176e-05,1.239e-05,149754945985.0
SHIB/USD,2025-10-02,1.24e-05,1.272e-05,1.232e-05,1.265e-05,90194914232.0
SHIB/USD,2025-10-03,1.265e-05,1.288e-05,1.236e-05,1.266e-05,93031530425.0
SHIB/USD,2025-10-04,1.267e-05,1.275e-05,1.225e-05,1.237e-05,76231515255.0
SHIB/USD,2025-10-05,1.238e-05,1.298e-05,1.23e-05,1.246e-05,74446600636.0
SHIB/USD,2025-10-06,1.246e-05,1.302e-05,1.239e-05,1.285e-05,93208235947.0
SHIB/USD,2025-10-07,1.285e-05,1.291e-05,1.218e-05,1.221e-05,50360953484.0
SHIB/USD,2025-10-08,1.22e-05,1.247e-05,1.205e-05,1.234e-05,30826370980.0
SHIB/USD,2025-10-09,1.234e-05,1.234e-05,1.174e-05,1.201e-05,48042643601.0
SHIB/USD,2025-10-10,1.202e-05,1.214e-05,6.64e-06,9.84e-06,214505860576.0
SHIB/USD,2025-10-11,9.75e-06,1.073e-05,9.59e-06,9.96e-06,303797585555.0
SHIB/USD,2025-10-12,9.96e-06,1.089e-05,9.8e-06,1.07e-05,230562186493.0
SHIB/USD,2025-10-13,1.071e-05,1.129e-05,1.054e-05,1.112e-05,202358034710.0
SHIB/USD,2025-10-14,1.113e-05,1.118e-05,1.02e-05,1.074e-05,114216249617.0
SHIB/USD,2025-10-15,1.075e-05,1.091e-05,1.021e-05,1.034e-05,59628124023.0
SHIB/USD,2025-10-16,1.034e-05,1.052e-05,9.9e-06,9.99e-06,49858351087.0
SHIB/USD,2025-10-17,1e-05,1.011e-05,9.25e-06,9.77e-06,137858954309.0
SHIB/USD,2025-10-18,9.76e-06,9.99e-06,9.73e-06,9.91e-06,147624245374.0
SHIB/USD,2025-10-19,9.91e-06,1.019e-05,9.8e-06,1.007e-05,28509816483.0
SHIB/USD,2025-10-20,1.006e-05,1.033e-05,9.93e-06,1.018e-05,84180796417.0
SHIB/USD,2025-10-21,1.019e-05,1.055e-05,9.87e-06,1.006e-05,157804764659.0
SHIB/USD,2025-10-22,1.006e-05,1.01e-05,9.62e-06,9.86e-06,59415412712.0
SHIB/USD,2025-10-23,9.86e-06,1.021e-05,9.86e-06,1.011e-05,25228750652.0
SHIB/USD,2025-10-24,1.011e-05,1.032e-05,1.004e-05,1.024e-05,93875950678.0
SHIB/USD,2025-10-25,1.024e-05,1.026e-05,1.011e-05,1.02e-05,67727416379.0
SHIB/USD,2025-10-26,1.02e-05,1.067e-05,1.01e-05,1.055e-05,62127579480.0
SHIB/USD,2025-10-27,1.057e-05,1.069e-05,1.033e-05,1.039e-05,97161940239.0
SHIB/USD,2025-10-28,1.04e-05,1.044e-05,9.97e-06,1.012e-05,36413976264.0
SHIB/USD,2025-10-29,1.011e-05,1.043e-05,9.98e-06,1.016e-05,150436253385.0
SHIB/USD,2025-10-30,1.016e-05,1.024e-05,9.38e-06,9.73e-06,59072755578.0
SHIB/USD,2025-10-31,9.73e-06,1.006e-05,9.71e-06,1.002e-05,61461728338.0
SHIB/USD,2025-11-01,1.004e-05,1.026e-05,9.97e-06,1.019e-05,13547317966.0
SHIB/USD,2025-11-02,1.018e-05,1.08e-05,9.96e-06,1.019e-05,61165982599.0
SHIB/USD,2025-11-03,1.016e-05,1.019e-05,8.95e-06,9.19e-06,57654134339.0
SHIB/USD,2025-11-04,9.19e-06,9.31e-06,8.38e-06,8.86e-06,161579372406.0
SHIB/USD,2025-11-05,8.85e-06,9.23e-06,8.43e-06,9.17e-06,87440811166.0
SHIB/USD,2025-11-06,9.13e-06,9.18e-06,8.78e-06,9.01e-06,106108781309.0
SHIB/USD,2025-11-07,9.02e-06,1.033e-05,9.02e-06,1.003e-05,249970226682.0
SHIB/USD,2025-11-08,1.003e-05,1.028e-05,9.69e-06,9.95e-06,165201497208.0
SHIB/USD,2025-11-09,9.96e-06,1.008e-05,9.63e-06,9.99e-06,118451259466.0
SHIB/USD,2025-11-10,9.98e-06,1.022e-05,9.87e-06,1.014e-05,89240947968.0
SHIB/USD,2025-11-11,1.016e-05,1.026e-05,9.61e-06,9.64e-06,74525394421.0
SHIB/USD,2025-11-12,9.64e-06,9.98e-06,9.45e-06,9.5e-06,78185606800.0
SHIB/USD,2025-11-13,9.51e-06,9.86e-06,9.04e-06,9.3e-06,108819876982.0
SHIB/USD,2025-11-14,9.27e-06,9.36e-06,8.84e-06,8.98e-06,85174041173.0
SHIB/USD,2025-11-15,8.96e-06,9.26e-06,8.96e-06,9.04e-06,79205929962.0
SHIB/USD,2025-11-16,9.05e-06,9.21e-06,8.64e-06,8.89e-06,104428127736.0
SHIB/USD,2025-11-17,8.89e-06,9.17e-06,8.45e-06,8.57e-06,93647684837.0
SHIB/USD,2025-11-18,8.57e-06,9.01e-06,8.48e-06,8.87e-06,60752130875.0
SHIB/USD,2025-11-19,8.87e-06,8.9e-06,8.23e-06,8.56e-06,158702692133.0
SHIB/USD,2025-11-20,8.54e-06,8.82e-06,8.11e-06,8.23e-06,79146136754.0
SHIB/USD,2025-11-21,8.25e-06,8.37e-06,7.55e-06,7.85e-06,196772771799.0
SHIB/USD,2025-11-22,7.84e-06,7.88e-06,7.58e-06,7.79e-06,187394922948.0
SHIB/USD,2025-11-23,7.8e-06,8.04e-06,7.76e-06,7.86e-06,83136683078.0
SHIB/USD,2025-11-24,7.84e-06,8.43e-06,7.78e-06,8.34e-06,113550097128.0
SHIB/USD,2025-11-25,8.34e-06,8.91e-06,8.03e-06,8.79e-06,137324717353.0
SHIB/USD,2025-11-26,8.8e-06,8.84e-06,8.3e-06,8.59e-06,43269218143.0
SHIB/USD,2025-11-27,8.59e-06,8.85e-06,8.52e-06,8.77e-06,58443955070.0
SHIB/USD,2025-11-28,8.76e-06,9.1e-06,8.61e-06,8.65e-06,166562416650.0
SHIB/USD,2025-11-29,8.65e-06,8.66e-06,8.4e-06,8.54e-06,24663545164.0
SHIB/USD,2025-11-30,8.53e-06,8.63e-06,8.37e-06,8.37e-06,23607366172.0
SHIB/USD,2025-12-01,8.37e-06,8.38e-06,7.85e-06,7.97e-06,102710648346.0
SHIB/USD,2025-12-02,7.97e-06,8.57e-06,7.88e-06,8.46e-06,59451064963.0
SHIB/USD,2025-12-03,8.46e-06,9.51e-06,8.45e-06,8.99e-06,231798749912.0
SHIB/USD,2025-12-04,8.98e-06,9.02e-06,8.55e-06,8.72e-06,42445833203.0
SHIB/USD,2025-12-05,8.71e-06,8.78e-06,8.15e-06,8.3e-06,65859049174.0
SHIB/USD,2025-12-06,8.31e-06,8.63e-06,8.26e-06,8.43e-06,77263575803.0
SHIB/USD,2025-12-07,8.43e-06,8.58e-06,8.2e-06,8.34e-06,26732513059.0
SHIB/USD,2025-12-08,8.33e-06,8.62e-06,8.29e-06,8.57e-06,31584803007.0
SHIB/USD,2025-12-09,8.58e-06,9.04e-06,8.42e-06,8.76e-06,215416466746.0
SHIB/USD,2025-12-10,8.73e-06,8.93e-06,8.48e-06,8.55e-06,105671595008.0
SHIB/USD,2025-12-11,8.53e-06,8.61e-06,8.19e-06,8.51e-06,84993405812.0
SHIB/USD,2025-12-12,8.51e-06,8.51e-06,8.07e-06,8.28e-06,42924775684.0
SHIB/USD,2025-12-13,8.29e-06,8.44e-06,8.28e-06,8.37e-06,42087994377.0
SHIB/USD,2025-12-14,8.36e-06,8.39e-06,7.99e-06,8.07e-06,41460922501.0
SHIB/USD,2025-12-15,8.07e-06,8.27e-06,7.73e-06,7.89e-06,56063065956.0
SHIB/USD,2025-12-16,7.89e-06,7.99e-06,7.71e-06,7.87e-06,50094818055.0
SHIB/USD,2025-12-17,7.87e-06,8.05e-06,7.48e-06,7.52e-06,138377995516.0
SHIB/USD,2025-12-18,7.52e-06,7.54e-06,7e-06,7.04e-06,103395855522.0
SHIB/USD,2025-12-19,7.03e-06,7.64e-06,7e-06,7.51e-06,65410230093.0
SHIB/USD,2025-12-20,7.51e-06,7.52e-06,7.39e-06,7.44e-06,27368512475.0
SHIB/USD,2025-12-21,7.43e-06,7.45e-06,7.18e-06,7.27e-06,32422934080.0
SHIB/USD,2025-12-22,7.3e-06,7.43e-06,7.15e-06,7.2e-06,46958818022.0
SHIB/USD,2025-12-23,7.2e-06,7.27e-06,7.03e-06,7.12e-06,82891069012.0
SHIB/USD,2025-12-24,7.12e-06,7.26e-06,6.98e-06,7.21e-06,77020717277.0
SHIB/USD,2025-12-25,7.22e-06,7.29e-06,7.05e-06,7.07e-06,48834458206.0
SHIB/USD,2025-12-26,7.06e-06,7.29e-06,7.01e-06,7.12e-06,63103889066.0
SHIB/USD,2025-12-27,7.12e-06,7.4e-06,7.09e-06,7.38e-06,42720143079.0
SHIB/USD,2025-12-28,7.38e-06,7.41e-06,7.26e-06,7.39e-06,40554081811.0
SHIB/USD,2025-12-29,7.4e-06,7.55e-06,7.17e-06,7.19e-06,51320842288.0
SHIB/USD,2025-12-30,7.18e-06,7.25e-06,7.07e-06,7.1e-06,33006311086.0
SHIB/USD,2025-12-31,7.1e-06,7.13e-06,6.82e-06,6.9e-06,73662510660.0
SHIB/USD,2026-01-01,6.9e-06,7.51e-06,6.89e-06,7.46e-06,35956140577.0
SHIB/USD,2026-01-02,7.46e-06,8.3e-06,7.34e-06,8.11e-06,182438982530.0
SHIB/USD,2026-01-03,8.12e-06,8.2e-06,7.82e-06,8.08e-06,80683161012.0
SHIB/USD,2026-01-04,8.08e-06,9.4e-06,8.07e-06,9.05e-06,180699960644.0
SHIB/USD,2026-01-05,9.04e-06,1.008e-05,8.59e-06,9.26e-06,237836162022.0
SHIB/USD,2026-01-06,9.27e-06,9.63e-06,8.81e-06,9.12e-06,151883269462.0
SHIB/USD,2026-01-07,9.12e-06,9.23e-06,8.71e-06,8.79e-06,79326963189.0
SHIB/USD,2026-01-08,8.78e-06,8.86e-06,8.47e-06,8.75e-06,66986977066.0
SHIB/USD,2026-01-09,8.75e-06,8.87e-06,8.54e-06,8.67e-06,62374421605.0
SHIB/USD,2026-01-10,8.66e-06,8.74e-06,8.55e-06,8.65e-06,35386719758.0
SHIB/USD,2026-01-11,8.65e-06,8.71e-06,8.35e-06,8.45e-06,40251560515.0
SHIB/USD,2026-01-12,8.44e-06,8.74e-06,8.27e-06,8.37e-06,84682757904.0
SHIB/USD,2026-01-13,8.37e-06,9.11e-06,8.37e-06,8.98e-06,186151711860.0
SHIB/USD,2026-01-14,9e-06,9.05e-06,8.66e-06,8.73e-06,435183169917.0
SHIB/USD,2026-01-15,8.73e-06,8.75e-06,8.29e-06,8.42e-06,78179678320.0
SHIB/USD,2026-01-16,8.42e-06,8.67e-06,8.14e-06,8.55e-06,176723863964.0
SHIB/USD,2026-01-17,8.55e-06,8.59e-06,8.44e-06,8.48e-06,44954448640.0
SHIB/USD,2026-01-18,8.48e-06,8.52e-06,8.08e-06,8.1e-06,57420447798.0
SHIB/USD,2026-01-19,8.09e-06,8.14e-06,7.44e-06,8.13e-06,122122962128.0
SHIB/USD,2026-01-20,8.13e-06,8.14e-06,7.67e-06,7.71e-06,142482552982.0
SHIB/USD,2026-01-21,7.72e-06,8.16e-06,7.66e-06,7.98e-06,95922386370.0
SHIB/USD,2026-01-22,7.99e-06,8.07e-06,7.72e-06,7.81e-06,89099732811.0
SHIB/USD,2026-01-23,7.82e-06,8.14e-06,7.74e-06,7.88e-06,57589178836.0
SHIB/USD,2026-01-24,7.88e-06,7.91e-06,7.76e-06,7.8e-06,73305218099.0
SHIB/USD,2026-01-25,7.8e-06,7.82e-06,7.37e-06,7.51e-06,97344581409.0
SHIB/USD,2026-01-26,7.52e-06,7.78e-06,7.51e-06,7.7e-06,73588322460.0
SHIB/USD,2026-01-27,7.69e-06,7.88e-06,7.6e-06,7.83e-06,82871999995.0
SHIB/USD,2026-01-28,7.84e-06,7.86e-06,7.69e-06,7.79e-06,109919590622.0
SHIB/USD,2026-01-29,7.8e-06,7.81e-06,7.2e-06,7.35e-06,181412264044.0
SHIB/USD,2026-01-30,7.34e-06,7.37e-06,7.06e-06,7.23e-06,133814465048.0
SHIB/USD,2026-01-31,7.23e-06,7.23e-06,6.17e-06,6.8e-06,266288992897.0
SHIB/USD,2026-02-01,6.8e-06,6.91e-06,6.47e-06,6.61e-06,254342936570.0
SHIB/USD,2026-02-02,6.62e-06,7.03e-06,6.45e-06,6.87e-06,232115719829.0
SHIB/USD,2026-02-03,6.87e-06,7.03e-06,6.48e-06,6.7e-06,239664412366.0
SHIB/USD,2026-02-04,6.69e-06,6.82e-06,6.48e-06,6.62e-06,101422034109.0
SHIB/USD,2026-02-05,6.63e-06,6.67e-06,5.57e-06,5.6e-06,254706520620.0
SHIB/USD,2026-02-06,5.64e-06,6.42e-06,5.08e-06,6.33e-06,298291594998.0
SHIB/USD,2026-02-07,6.32e-06,6.42e-06,6.01e-06,6.32e-06,159568116952.0
SHIB/USD,2026-02-08,6.32e-06,6.32e-06,6.06e-06,6.11e-06,107081723507.0
SHIB/USD,2026-02-09,6.12e-06,6.21e-06,5.9e-06,6.11e-06,105326092805.0
SHIB/USD,2026-02-10,6.12e-06,6.13e-06,5.95e-06,6.02e-06,110019566364.0
SHIB/USD,2026-02-11,6.02e-06,6.06e-06,5.75e-06,5.91e-06,131886443089.0
SHIB/USD,2026-02-12,5.91e-06,6.18e-06,5.91e-06,6.05e-06,120690761608.0
SHIB/USD,2026-02-13,6.05e-06,6.4e-06,5.94e-06,6.32e-06,126516496202.0
SHIB/USD,2026-02-14,6.32e-06,7.25e-06,6.3e-06,7.03e-06,155077433523.0
SHIB/USD,2026-02-15,7.03e-06,7.15e-06,6.42e-06,6.54e-06,126413310677.0
SHIB/USD,2026-02-16,6.54e-06,6.7e-06,6.42e-06,6.57e-06,149774238900.0
SHIB/USD,2026-02-17,6.58e-06,6.6e-06,6.41e-06,6.51e-06,83202255305.0
SHIB/USD,2026-02-18,6.51e-06,6.56e-06,6.26e-06,6.3e-06,43252023711.0
SHIB/USD,2026-02-19,6.3e-06,6.34e-06,6.11e-06,6.21e-06,62883531514.0
SHIB/USD,2026-02-20,6.21e-06,6.53e-06,6.17e-06,6.44e-06,64106221644.0
SHIB/USD,2026-02-21,6.43e-06,6.61e-06,6.37e-06,6.39e-06,78209056027.0
SHIB/USD,2026-02-22,6.38e-06,6.38e-06,6.14e-06,6.2e-06,58503599635.0
SHIB/USD,2026-02-23,6.2e-06,6.24e-06,5.91e-06,6.01e-06,82498248473.0
SHIB/USD,2026-02-24,6.02e-06,6.05e-06,5.87e-06,5.9e-06,61767236852.0
SHIB/USD,2026-02-25,5.9e-06,6.52e-06,5.89e-06,6.24e-06,84950074442.0
SHIB/USD,2026-02-26,6.24e-06,6.27e-06,5.91e-06,5.97e-06,52861395531.0
SHIB/USD,2026-02-27,5.97e-06,6.08e-06,5.69e-06,5.79e-06,47771521879.0
SHIB/USD,2026-02-28,5.8e-06,5.85e-06,5.44e-06,5.78e-06,60309924852.0
SHIB/USD,2026-03-01,5.79e-06,5.96e-06,5.44e-06,5.54e-06,71450514830.0
SHIB/USD,2026-03-02,5.54e-06,5.8e-06,5.45e-06,5.51e-06,125952629935.0
SHIB/USD,2026-03-03,5.51e-06,5.57e-06,5.26e-06,5.47e-06,77542498343.0
SHIB/USD,2026-03-04,5.48e-06,5.87e-06,5.41e-06,5.71e-06,92473268606.0
SHIB/USD,2026-03-05,5.71e-06,5.72e-06,5.44e-06,5.53e-06,50022079592.0
SHIB/USD,2026-03-06,5.54e-06,5.61e-06,5.31e-06,5.41e-06,64380120999.0
SHIB/USD,2026-03-07,5.41e-06,5.44e-06,5.29e-06,5.33e-06,78805478914.0
SHIB/USD,2026-03-08,5.33e-06,5.39e-06,5.24e-06,5.28e-06,58181884459.0
SHIB/USD,2026-03-09,5.29e-06,5.58e-06,5.28e-06,5.42e-06,44973192864.0
SHIB/USD,2026-03-10,5.43e-06,6.08e-06,5.41e-06,5.66e-06,176301213910.0
SHIB/USD,2026-03-11,5.66e-06,5.89e-06,5.59e-06,5.74e-06,63712650833.0
SHIB/USD,2026-03-12,5.74e-06,6.07e-06,5.69e-06,5.92e-06,214406666118.0
SHIB/USD,2026-03-13,5.91e-06,6.28e-06,5.89e-06,5.94e-06,103181544805.0
SHIB/USD,2026-03-14,5.93e-06,5.99e-06,5.83e-06,5.89e-06,75693391504.0
SHIB/USD,2026-03-15,5.89e-06,5.97e-06,5.8e-06,5.95e-06,60688035967.0
SHIB/USD,2026-03-16,5.96e-06,6.44e-06,5.94e-06,6.18e-06,196775123428.0
SHIB/USD,2026-03-17,6.18e-06,6.26e-06,5.96e-06,6.07e-06,51186681691.0
SHIB/USD,2026-03-18,6.08e-06,6.22e-06,5.71e-06,5.82e-06,39553548271.0
SHIB/USD,2026-03-19,5.82e-06,5.86e-06,5.63e-06,5.81e-06,55424395621.0
SHIB/USD,2026-03-20,5.81e-06,6.21e-06,5.8e-06,5.96e-06,80073770043.0
SHIB/USD,2026-03-21,5.97e-06,6.08e-06,5.82e-06,5.86e-06,27591460293.0
SHIB/USD,2026-03-22,5.86e-06,5.89e-06,5.65e-06,5.7e-06,57093241553.0
SHIB/USD,2026-03-23,5.71e-06,6.21e-06,5.7e-06,6.09e-06,100150147233.0
SHIB/USD,2026-03-24,6.12e-06,6.24e-06,5.99e-06,6.2e-06,45327488093.0
SHIB/USD,2026-03-25,6.19e-06,6.27e-06,6.09e-06,6.13e-06,47657440295.0
SHIB/USD,2026-03-26,6.13e-06,6.13e-06,5.84e-06,5.93e-06,43083005739.0
SHIB/USD,2026-03-27,5.92e-06,5.96e-06,5.73e-06,5.78e-06,27568878527.0
SHIB/USD,2026-03-28,5.78e-06,5.98e-06,5.72e-06,5.83e-06,25164939138.0
SHIB/USD,2026-03-29,5.82e-06,5.86e-06,5.65e-06,5.77e-06,25146475807.0
SHIB/USD,2026-03-30,5.79e-06,6.15e-06,5.78e-06,5.93e-06,55342594868.0
SHIB/USD,2026-03-31,5.92e-06,6.01e-06,5.83e-06,5.94e-06,34269378225.0
SHIB/USD,2026-04-01,5.95e-06,6.12e-06,5.89e-06,6.01e-06,94014908736.0
SHIB/USD,2026-04-02,6e-06,6.05e-06,5.77e-06,5.86e-06,69497387140.0
SHIB/USD,2026-04-03,5.87e-06,6.08e-06,5.83e-06,5.99e-06,53329666470.0
SHIB/USD,2026-04-04,5.98e-06,6.05e-06,5.86e-06,5.98e-06,29598090538.0
SHIB/USD,2026-04-05,5.99e-06,6e-06,5.8e-06,6e-06,71942527495.0
SHIB/USD,2026-04-06,6.02e-06,6.1e-06,5.81e-06,5.84e-06,58920550021.0
SHIB/USD,2026-04-07,5.83e-06,6.18e-06,5.79e-06,6.14e-06,147107754664.0
SHIB/USD,2026-04-08,6.14e-06,6.17e-06,5.93e-06,5.94e-06,55968844959.0
SHIB/USD,2026-04-09,5.93e-06,6.06e-06,5.82e-06,5.91e-06,55729619809.0
SHIB/USD,2026-04-10,5.91e-06,6.06e-06,5.86e-06,5.96e-06,96005714609.0
SHIB/USD,2026-04-11,5.98e-06,6.07e-06,5.89e-06,5.95e-06,79085549249.0
SHIB/USD,2026-04-12,5.95e-06,5.95e-06,5.75e-06,5.77e-06,63681534732.0
SHIB/USD,2026-04-13,5.78e-06,6.02e-06,5.75e-06,6.01e-06,125386978524.0
SHIB/USD,2026-04-14,6.01e-06,6.02e-06,5.81e-06,5.83e-06,47499490111.0
SHIB/USD,2026-04-15,5.83e-06,6.01e-06,5.82e-06,5.97e-06,62264155049.0
SHIB/USD,2026-04-16,5.98e-06,6.38e-06,5.94e-06,6.28e-06,62990043918.0
SHIB/USD,2026-04-17,6.26e-06,6.49e-06,6.09e-06,6.31e-06,60524779333.0
SHIB/USD,2026-04-18,6.31e-06,6.32e-06,6.03e-06,6.07e-06,43437197015.0
SHIB/USD,2026-04-19,6.07e-06,6.11e-06,5.87e-06,5.91e-06,41503160859.0
SHIB/USD,2026-04-20,5.89e-06,6.07e-06,5.89e-06,6e-06,23555555011.0
SHIB/USD,2026-04-21,6.01e-06,6.14e-06,5.97e-06,6.1e-06,24918514864.0
SHIB/USD,2026-04-22,6.1e-06,6.3e-06,6.07e-06,6.11e-06,36704473113.0
SHIB/USD,2026-04-23,6.11e-06,6.2e-06,6.03e-06,6.15e-06,27693985682.0
SHIB/USD,2026-04-24,6.16e-06,6.28e-06,6.1e-06,6.21e-06,35227103216.0
SHIB/USD,2026-04-25,6.21e-06,6.25e-06,6.13e-06,6.18e-06,33880498710.0
SHIB/USD,2026-04-26,6.16e-06,6.25e-06,6.14e-06,6.22e-06,30887304133.0
SHIB/USD,2026-04-27,6.22e-06,6.33e-06,6.04e-06,6.13e-06,51498225435.0
SHIB/USD,2026-04-28,6.14e-06,6.2e-06,6.06e-06,6.14e-06,58019087126.0
SHIB/USD,2026-04-29,6.15e-06,6.56e-06,6e-06,6.16e-06,101986475617.0
SHIB/USD,2026-04-30,6.16e-06,6.38e-06,6.16e-06,6.22e-06,53941645273.0
SHIB/USD,2026-05-01,6.22e-06,6.4e-06,6.22e-06,6.28e-06,62197423332.0
SHIB/USD,2026-05-02,6.27e-06,6.33e-06,6.23e-06,6.27e-06,32450114084.0
SHIB/USD,2026-05-03,6.27e-06,6.28e-06,6.16e-06,6.16e-06,61600265393.0
SHIB/USD,2026-05-04,6.16e-06,6.35e-06,6.13e-06,6.19e-06,90565236127.0
SHIB/USD,2026-05-05,6.2e-06,6.44e-06,6.17e-06,6.35e-06,174178968005.0
SHIB/USD,2026-05-06,6.34e-06,6.53e-06,6.31e-06,6.41e-06,109850883322.0
SHIB/USD,2026-05-07,6.42e-06,6.42e-06,6.23e-06,6.28e-06,94847021344.0
SHIB/USD,2026-05-08,6.28e-06,6.49e-06,6.22e-06,6.45e-06,80747007325.0
SHIB/USD,2026-05-09,6.46e-06,6.51e-06,6.35e-06,6.37e-06,41652788951.0
SHIB/USD,2026-05-10,6.36e-06,6.68e-06,6.31e-06,6.6e-06,140521333742.0
SHIB/USD,2026-05-11,6.61e-06,6.7e-06,6.45e-06,6.6e-06,147892469637.0
SHIB/USD,2026-05-12,6.59e-06,6.64e-06,6.32e-06,6.42e-06,123564789271.0
SHIB/USD,2026-05-13,6.42e-06,6.56e-06,6.21e-06,6.27e-06,134213011096.0
SHIB/USD,2026-05-14,6.27e-06,6.48e-06,6.22e-06,6.36e-06,130102036956.0
SHIB/USD,2026-05-15,6.37e-06,6.39e-06,6.03e-06,6.13e-06,110627357370.0
SHIB/USD,2026-05-16,6.13e-06,6.14e-06,5.85e-06,5.86e-06,73509656400.0
SHIB/USD,2026-05-17,5.86e-06,5.88e-06,5.58e-06,5.74e-06,168449797028.0
SHIB/USD,2026-05-18,5.72e-06,5.77e-06,5.63e-06,5.75e-06,144729474673.0
SHIB/USD,2026-05-19,5.76e-06,5.8e-06,5.66e-06,5.69e-06,32203294689.0
SHIB/USD,2026-05-20,5.69e-06,5.83e-06,5.67e-06,5.78e-06,49613651568.0
SHIB/USD,2026-05-21,5.78e-06,5.87e-06,5.73e-06,5.84e-06,38976119570.0
SHIB/USD,2026-05-22,5.84e-06,5.89e-06,5.63e-06,5.66e-06,35470228854.0
SHIB/USD,2026-05-23,5.65e-06,5.77e-06,5.48e-06,5.67e-06,50780395841.0
SHIB/USD,2026-05-24,5.68e-06,5.69e-06,5.49e-06,5.58e-06,39528932596.0
SHIB/USD,2026-05-25,5.59e-06,5.67e-06,5.53e-06,5.56e-06,22828586604.0
SHIB/USD,2026-05-26,5.56e-06,5.66e-06,5.48e-06,5.53e-06,60217513867.0
SHIB/USD,2026-05-27,5.52e-06,5.56e-06,5.39e-06,5.43e-06,51131124484.0
SHIB/USD,2026-05-28,5.43e-06,5.45e-06,5.24e-06,5.36e-06,69541565220.0
SHIB/USD,2026-05-29,5.36e-06,5.41e-06,5.32e-06,5.41e-06,9848652394.0
BCH/USD,2025-01-15,438.14,463.61,430.89,461.09,858.82817876
BCH/USD,2025-01-16,463.01,470.96,446.54,462.14,463.56264445
BCH/USD,2025-01-17,465.97,499.99,465.97,489.68,802.77355539
BCH/USD,2025-01-18,490.43,494.27,458.99,466.09,640.61977681
BCH/USD,2025-01-19,464.65,471.3,417.99,426.25,1358.95352662
BCH/USD,2025-01-20,426.67,482.24,415.25,430.68,647.99128401
BCH/USD,2025-01-21,428.12,454.14,420.42,446.55,437.78584931
BCH/USD,2025-01-22,447.04,451.18,434.0,434.0,181.50836905
BCH/USD,2025-01-23,435.18,447.26,426.23,437.36,430.3946859
BCH/USD,2025-01-24,438.31,441.84,426.54,430.3,556.40220928
BCH/USD,2025-01-25,432.82,454.33,431.17,446.04,264.10922546
BCH/USD,2025-01-26,445.3,448.01,424.73,424.83,92.01065072
BCH/USD,2025-01-27,424.01,428.61,396.72,427.23,430.49813691
BCH/USD,2025-01-28,427.98,431.19,406.94,408.36,1348.66002002
BCH/USD,2025-01-29,412.47,421.65,404.86,414.74,207.94200162
BCH/USD,2025-01-30,415.22,439.16,414.06,434.92,898.39298955
BCH/USD,2025-01-31,434.73,445.0,419.88,423.98,631.6604316
BCH/USD,2025-02-01,423.56,430.59,400.26,405.69,280.23842749
BCH/USD,2025-02-02,403.29,410.25,342.18,360.2,1042.00211891
BCH/USD,2025-02-03,357.72,358.0,272.6,353.46,6023.69758344
BCH/USD,2025-02-04,354.24,355.53,320.95,329.93,1685.20643004
BCH/USD,2025-02-05,329.61,338.17,324.55,327.91,675.82847731
BCH/USD,2025-02-06,327.58,335.31,314.52,315.01,685.82815914
BCH/USD,2025-02-07,318.91,335.0,308.79,318.3,578.04370549
BCH/USD,2025-02-08,318.23,324.42,315.58,323.38,139.88032806
BCH/USD,2025-02-09,322.43,329.18,313.68,323.04,1309.16381708
BCH/USD,2025-02-10,325.86,333.92,316.11,328.77,341.29345125
BCH/USD,2025-02-11,329.47,343.91,326.33,331.4,210.11135139
BCH/USD,2025-02-12,330.71,346.3,322.13,343.23,466.46109226
BCH/USD,2025-02-13,343.32,345.14,327.89,335.52,457.67046243
BCH/USD,2025-02-14,334.6,350.51,334.6,341.51,622.19698466
BCH/USD,2025-02-15,341.4,345.59,331.55,332.96,865.62631563
BCH/USD,2025-02-16,333.3,334.89,326.38,326.47,324.79243003
BCH/USD,2025-02-17,327.29,336.8,317.94,323.92,600.67995179
BCH/USD,2025-02-18,324.06,324.87,308.01,316.01,1635.83596799
BCH/USD,2025-02-19,316.74,324.13,311.89,323.14,706.90317398
BCH/USD,2025-02-20,322.56,327.0,321.01,326.09,331.67722892
BCH/USD,2025-02-21,326.61,334.23,309.9,313.58,627.86290872
BCH/USD,2025-02-22,312.87,322.65,312.78,321.07,127.04290457
BCH/USD,2025-02-23,320.99,332.3,320.97,328.04,156.73430394
BCH/USD,2025-02-24,328.83,329.32,288.07,291.74,816.29574995
BCH/USD,2025-02-25,293.72,296.6,275.81,291.68,880.30178851
BCH/USD,2025-02-26,291.4,300.46,284.64,293.91,789.11461452
BCH/USD,2025-02-27,294.36,303.13,290.2,296.76,728.9796262
BCH/USD,2025-02-28,296.57,319.79,269.93,315.6,5643.02743997
BCH/USD,2025-03-01,316.53,324.0,307.82,311.0,1047.79566459
BCH/USD,2025-03-02,310.66,341.62,309.96,334.21,1377.99983409
BCH/USD,2025-03-03,334.42,356.04,311.66,320.77,2995.87236106
BCH/USD,2025-03-04,320.61,329.78,292.0,320.8,1513.92263016
BCH/USD,2025-03-05,321.67,399.09,321.59,390.63,8058.84212509
BCH/USD,2025-03-06,391.62,420.3,384.8,394.64,2936.44892118
BCH/USD,2025-03-07,395.03,409.07,383.7,388.64,2730.29130301
BCH/USD,2025-03-08,389.52,395.34,377.41,385.39,1507.36080024
BCH/USD,2025-03-09,384.73,386.1,356.37,357.86,929.97494901
BCH/USD,2025-03-10,357.02,370.69,331.25,331.25,1564.39338526
BCH/USD,2025-03-11,331.85,349.44,317.77,339.41,940.88367288
BCH/USD,2025-03-12,340.45,360.23,330.04,354.17,2504.79306908
BCH/USD,2025-03-13,353.4,354.9,324.31,326.34,717.69909466
BCH/USD,2025-03-14,325.98,334.96,325.86,331.2,1378.267602
BCH/USD,2025-03-15,331.61,353.0,328.47,342.83,1822.43074448
BCH/USD,2025-03-16,342.35,342.35,325.61,333.02,594.14781392
BCH/USD,2025-03-17,335.26,341.98,331.47,338.04,1125.12547103
BCH/USD,2025-03-18,336.23,343.55,330.25,334.83,738.58720323
BCH/USD,2025-03-19,335.47,346.86,332.51,345.72,868.01470295
BCH/USD,2025-03-20,346.05,349.94,330.11,333.63,672.68643985
BCH/USD,2025-03-21,333.54,335.32,320.3,322.99,853.19155926
BCH/USD,2025-03-22,322.64,325.88,320.97,322.29,445.85107623
BCH/USD,2025-03-23,321.97,325.69,320.84,325.38,197.25579826
BCH/USD,2025-03-24,324.95,336.92,321.6,332.56,1929.29674873
BCH/USD,2025-03-25,332.39,339.32,327.31,336.31,907.41873867
BCH/USD,2025-03-26,336.54,341.81,328.57,333.82,3377.0222208
BCH/USD,2025-03-27,335.4,339.72,321.1,324.49,3487.17658736
BCH/USD,2025-03-28,323.36,327.93,304.82,307.73,2387.97410762
BCH/USD,2025-03-29,307.41,308.85,298.82,303.28,359.31646767
BCH/USD,2025-03-30,302.82,307.95,294.36,298.86,211.19131931
BCH/USD,2025-03-31,298.93,305.6,289.71,303.44,672.25825985
BCH/USD,2025-04-01,304.17,318.34,302.5,308.51,1828.88055672
BCH/USD,2025-04-02,307.93,316.73,290.74,292.92,1225.5113596
BCH/USD,2025-04-03,291.82,307.41,291.63,300.54,1322.9294461
BCH/USD,2025-04-04,301.49,309.68,294.43,301.36,1360.38727991
BCH/USD,2025-04-05,300.82,304.23,297.15,303.72,540.15696067
BCH/USD,2025-04-06,304.7,307.83,265.56,271.95,1220.14613388
BCH/USD,2025-04-07,271.59,280.46,250.0,275.43,1163.97972693
BCH/USD,2025-04-08,275.31,284.11,267.35,268.95,949.4930167
BCH/USD,2025-04-09,266.89,311.03,259.0,301.04,2247.55809527
BCH/USD,2025-04-10,301.23,303.98,282.56,290.12,1490.1741628
BCH/USD,2025-04-11,290.0,315.76,290.0,312.95,1545.67662423
BCH/USD,2025-04-12,312.92,359.39,311.37,345.4,1757.83627994
BCH/USD,2025-04-13,343.77,353.23,336.64,343.44,1052.30488293
BCH/USD,2025-04-14,343.1,372.88,323.01,323.43,2488.31035075
BCH/USD,2025-04-15,323.53,336.93,317.82,319.62,1831.33055729
BCH/USD,2025-04-16,319.39,325.61,314.44,321.58,757.29947061
BCH/USD,2025-04-17,321.96,340.2,321.9,333.71,1342.45265289
BCH/USD,2025-04-18,333.96,344.83,328.04,335.05,2060.29299645
BCH/USD,2025-04-19,335.65,339.9,333.06,335.45,1239.16267142
BCH/USD,2025-04-20,335.86,342.63,332.28,336.03,450.87837527
BCH/USD,2025-04-21,336.81,347.98,335.75,344.29,2610.47101286
BCH/USD,2025-04-22,344.86,364.55,337.0,362.76,2723.83040649
BCH/USD,2025-04-23,362.52,363.71,353.86,357.86,981.10103783
BCH/USD,2025-04-24,359.27,367.29,343.96,356.28,1665.40059635
BCH/USD,2025-04-25,356.51,384.56,349.33,373.27,3035.60672722
BCH/USD,2025-04-26,373.87,376.32,355.52,355.52,789.21959859
BCH/USD,2025-04-27,355.57,359.91,345.53,346.16,555.78687791
BCH/USD,2025-04-28,345.13,369.65,342.01,363.85,1746.7118161
BCH/USD,2025-04-29,364.32,378.09,361.31,362.74,1728.04214685
BCH/USD,2025-04-30,364.24,369.39,355.61,366.15,1079.14884875
BCH/USD,2025-05-01,366.43,374.57,360.44,360.98,1056.69537276
BCH/USD,2025-05-02,360.29,386.29,360.01,382.62,1548.60105252
BCH/USD,2025-05-03,383.11,383.18,362.64,363.34,1407.61368865
BCH/USD,2025-05-04,362.71,370.9,353.36,355.9,641.99517311
BCH/USD,2025-05-05,356.73,360.86,349.3,353.53,525.98049695
BCH/USD,2025-05-06,353.57,373.72,350.51,373.11,979.60439446
BCH/USD,2025-05-07,375.03,391.52,355.72,383.88,2250.67711687
BCH/USD,2025-05-08,384.29,430.35,381.9,421.81,4257.25457441
BCH/USD,2025-05-09,421.98,427.72,403.0,415.94,1764.33215784
BCH/USD,2025-05-10,413.13,432.56,410.37,430.91,876.56234622
BCH/USD,2025-05-11,430.44,430.44,402.97,407.63,1514.02489029
BCH/USD,2025-05-12,409.02,418.95,397.65,410.53,1436.11935227
BCH/USD,2025-05-13,410.35,415.55,392.18,410.92,2065.28427251
BCH/USD,2025-05-14,411.31,413.66,398.97,402.87,1921.52203441
BCH/USD,2025-05-15,403.37,405.0,384.86,396.19,739.25536593
BCH/USD,2025-05-16,395.94,403.82,393.86,396.23,181.59127596
BCH/USD,2025-05-17,396.38,401.72,386.82,392.34,319.62398172
BCH/USD,2025-05-18,392.22,408.0,390.2,406.1,1004.37434412
BCH/USD,2025-05-19,406.95,408.5,376.07,392.99,1948.65183662
BCH/USD,2025-05-20,393.03,398.31,384.56,393.94,255.6089189
BCH/USD,2025-05-21,394.13,411.84,391.13,407.32,1364.36806787
BCH/USD,2025-05-22,408.65,445.74,408.65,443.6,2168.66352484
BCH/USD,2025-05-23,444.1,461.59,424.86,426.09,1506.04540618
BCH/USD,2025-05-24,427.2,432.73,420.08,421.49,358.80736546
BCH/USD,2025-05-25,421.75,426.86,408.08,422.99,305.87762375
BCH/USD,2025-05-26,422.81,426.82,414.06,416.12,131.93350079
BCH/USD,2025-05-27,416.49,424.38,408.54,415.17,184.4860614
BCH/USD,2025-05-28,414.07,426.86,405.01,425.1,616.58201332
BCH/USD,2025-05-29,424.91,428.03,406.58,408.97,455.78171703
BCH/USD,2025-05-30,409.9,414.57,395.31,398.52,466.49141815
BCH/USD,2025-05-31,398.71,422.0,390.14,414.38,426.78117267
BCH/USD,2025-06-01,415.08,415.24,397.74,403.53,419.55455972
BCH/USD,2025-06-02,403.72,406.52,397.98,404.74,240.87582096
BCH/USD,2025-06-03,402.85,409.0,400.38,400.9,301.56137725
BCH/USD,2025-06-04,401.56,409.73,398.36,401.0,352.34502743
BCH/USD,2025-06-05,401.53,405.12,378.01,385.46,385.72671959
BCH/USD,2025-06-06,385.28,399.86,381.22,396.33,312.57907091
BCH/USD,2025-06-07,396.13,411.58,394.71,409.31,407.44734149
BCH/USD,2025-06-08,409.85,419.15,406.53,411.51,233.94644849
BCH/USD,2025-06-09,411.9,429.78,410.91,425.29,683.90054245
BCH/USD,2025-06-10,425.02,443.03,418.48,437.95,1181.05686942
BCH/USD,2025-06-11,438.1,446.44,422.43,428.4,1584.91583362
BCH/USD,2025-06-12,428.09,441.4,423.88,425.75,1000.37322445
BCH/USD,2025-06-13,424.23,453.6,399.52,448.73,1988.4667061
BCH/USD,2025-06-14,449.03,449.98,421.78,430.93,1110.30408655
BCH/USD,2025-06-15,431.93,469.05,431.93,460.27,1713.85896622
BCH/USD,2025-06-16,459.66,475.61,451.7,464.1,1747.52554075
BCH/USD,2025-06-17,462.94,482.67,457.58,464.55,1394.96839796
BCH/USD,2025-06-18,464.83,480.73,457.88,459.76,945.15212247
BCH/USD,2025-06-19,459.99,502.27,453.75,497.55,2384.27577339
BCH/USD,2025-06-20,497.04,504.93,473.05,474.22,1417.78456236
BCH/USD,2025-06-21,473.07,478.17,458.69,467.3,1889.87808135
BCH/USD,2025-06-22,468.55,470.5,437.6,455.62,1505.68066334
BCH/USD,2025-06-23,455.09,469.67,437.91,463.07,1339.91768917
BCH/USD,2025-06-24,462.59,467.14,449.22,454.0,964.92641998
BCH/USD,2025-06-25,453.82,494.53,453.82,482.53,5817.95854033
BCH/USD,2025-06-26,482.75,505.61,482.36,489.38,6302.01819379
BCH/USD,2025-06-27,490.63,510.05,485.64,505.05,6349.15798682
BCH/USD,2025-06-28,504.99,504.99,487.39,492.48,1172.55895337
BCH/USD,2025-06-29,491.09,508.97,488.88,504.48,632.30358839
BCH/USD,2025-06-30,503.58,521.85,488.49,506.25,2852.51706255
BCH/USD,2025-07-01,507.08,527.75,498.75,500.68,2134.13562689
BCH/USD,2025-07-02,500.55,512.5,499.19,510.98,2009.80904951
BCH/USD,2025-07-03,511.05,514.64,491.19,496.63,2177.93968958
BCH/USD,2025-07-04,496.55,496.55,469.79,484.13,2841.17661246
BCH/USD,2025-07-05,483.8,489.62,481.31,489.62,870.32707102
BCH/USD,2025-07-06,488.64,500.23,483.13,491.64,842.50381843
BCH/USD,2025-07-07,491.4,500.48,489.08,496.46,694.55589216
BCH/USD,2025-07-08,496.35,507.55,494.05,501.32,1138.63603704
BCH/USD,2025-07-09,501.51,516.62,500.11,514.46,2150.58060496
BCH/USD,2025-07-10,514.42,521.46,502.15,518.66,2338.0234152
BCH/USD,2025-07-11,518.7,538.68,514.35,531.45,2044.8821076
BCH/USD,2025-07-12,530.84,534.45,503.32,506.66,2263.80914015
BCH/USD,2025-07-13,506.63,513.5,501.62,507.87,1343.20183687
BCH/USD,2025-07-14,508.01,526.73,498.4,505.04,6120.52094511
BCH/USD,2025-07-15,505.09,505.71,482.38,498.05,2867.63012501
BCH/USD,2025-07-16,498.01,509.0,492.03,499.59,980.19483154
BCH/USD,2025-07-17,499.0,505.08,487.64,499.9,2573.31131361
BCH/USD,2025-07-18,500.5,542.38,500.37,515.12,2875.46979889
BCH/USD,2025-07-19,515.52,522.77,502.64,513.71,707.97396037
BCH/USD,2025-07-20,513.88,553.13,510.37,547.64,3991.84767329
BCH/USD,2025-07-21,548.44,548.51,517.16,523.16,2730.29130121
BCH/USD,2025-07-22,523.05,535.74,512.8,527.52,2634.36147674
BCH/USD,2025-07-23,525.7,529.88,498.72,512.47,1710.6576457
BCH/USD,2025-07-24,511.91,528.55,491.04,512.11,4199.30510457
BCH/USD,2025-07-25,511.66,568.33,510.22,557.04,3691.98959663
BCH/USD,2025-07-26,557.16,563.01,551.68,558.99,826.83026469
BCH/USD,2025-07-27,559.25,606.72,555.75,589.79,3311.75846842
BCH/USD,2025-07-28,589.9,606.0,569.49,572.34,4209.38740755
BCH/USD,2025-07-29,572.38,586.36,560.01,563.38,2308.279242
BCH/USD,2025-07-30,563.75,594.47,550.0,590.01,2222.78392817
BCH/USD,2025-07-31,590.57,596.76,560.72,562.02,3187.62258575
BCH/USD,2025-08-01,561.24,574.73,528.03,535.39,2089.33115947
BCH/USD,2025-08-02,534.77,543.9,518.12,520.21,1093.61029134
BCH/USD,2025-08-03,519.11,547.45,514.66,544.79,1149.00693357
BCH/USD,2025-08-04,544.97,581.22,544.97,574.02,2516.4078269
BCH/USD,2025-08-05,575.72,584.17,541.9,551.89,2052.59402636
BCH/USD,2025-08-06,550.39,573.34,548.78,570.56,820.97241642
BCH/USD,2025-08-07,571.18,584.96,568.41,582.62,3689.3846585
BCH/USD,2025-08-08,582.27,589.11,573.48,585.86,1119.59933648
BCH/USD,2025-08-09,586.19,591.86,566.07,566.49,1410.85514114
BCH/USD,2025-08-10,566.6,585.91,559.18,571.24,1575.6686358
BCH/USD,2025-08-11,570.11,599.08,569.9,578.41,3288.37260178
BCH/USD,2025-08-12,580.98,626.24,579.33,618.79,3844.69772554
BCH/USD,2025-08-13,620.08,632.86,601.63,617.3,2760.60896969
BCH/USD,2025-08-14,616.2,627.12,559.88,593.36,2271.67037271
BCH/USD,2025-08-15,593.0,602.17,580.5,592.97,859.79222682
BCH/USD,2025-08-16,592.32,597.9,577.53,588.35,635.71943717
BCH/USD,2025-08-17,587.27,591.77,582.21,582.55,696.24702285
BCH/USD,2025-08-18,582.42,582.85,561.38,569.51,1224.01158731
BCH/USD,2025-08-19,569.33,572.45,547.54,548.17,510.30351915
BCH/USD,2025-08-20,548.6,562.76,543.34,560.54,565.16737549
BCH/USD,2025-08-21,560.97,564.42,550.34,553.92,570.77423257
BCH/USD,2025-08-22,555.72,607.54,550.69,599.58,2464.51719153
BCH/USD,2025-08-23,601.44,601.44,584.33,591.43,1155.79879621
BCH/USD,2025-08-24,591.78,599.74,583.18,583.18,934.76569833
BCH/USD,2025-08-25,582.83,588.48,537.62,543.71,1465.41379459
BCH/USD,2025-08-26,542.3,555.55,532.75,550.96,2469.52904729
BCH/USD,2025-08-27,550.68,563.35,544.54,549.76,1454.22462292
BCH/USD,2025-08-28,550.23,566.64,548.4,557.71,1390.17846464
BCH/USD,2025-08-29,558.05,559.96,528.19,530.78,2891.27638607
BCH/USD,2025-08-30,529.6,554.29,524.7,552.76,1848.6824833
BCH/USD,2025-08-31,553.38,554.55,542.33,544.5,2265.59830731
BCH/USD,2025-09-01,543.33,551.06,530.15,544.66,1222.201072
BCH/USD,2025-09-02,544.1,587.04,543.88,585.44,2907.59340165
BCH/USD,2025-09-03,584.91,605.71,578.69,603.98,2579.40697995
BCH/USD,2025-09-04,603.75,604.5,584.06,586.82,1867.85448278
BCH/USD,2025-09-05,586.57,622.0,584.96,606.79,3314.18972744
BCH/USD,2025-09-06,607.14,616.73,583.97,595.41,2384.73589177
BCH/USD,2025-09-07,595.16,608.29,593.44,603.27,1286.99912731
BCH/USD,2025-09-08,603.0,605.97,585.75,588.64,1520.41501288
BCH/USD,2025-09-09,588.44,591.08,574.82,580.33,1913.29228955
BCH/USD,2025-09-10,580.58,591.2,577.29,580.7,1085.37675162
BCH/USD,2025-09-11,580.69,603.98,576.8,596.25,3482.79535455
BCH/USD,2025-09-12,597.2,601.91,587.86,598.6,2957.12746456
BCH/USD,2025-09-13,598.5,605.64,594.49,598.66,2124.59283683
BCH/USD,2025-09-14,598.69,605.01,588.58,601.8,1741.71977529
BCH/USD,2025-09-15,601.58,607.88,588.3,593.97,2169.31755375
BCH/USD,2025-09-16,594.06,601.96,589.04,598.84,928.74398918
BCH/USD,2025-09-17,598.67,625.62,590.84,616.36,2772.57284976
BCH/USD,2025-09-18,616.18,650.89,612.53,624.78,3526.78586845
BCH/USD,2025-09-19,624.62,632.53,598.25,601.13,2406.96772763
BCH/USD,2025-09-20,601.01,606.86,589.88,595.17,1996.01125544
BCH/USD,2025-09-21,594.7,602.41,593.97,594.34,1130.17429245
BCH/USD,2025-09-22,593.65,594.81,552.03,567.85,3060.79592364
BCH/USD,2025-09-23,567.95,570.13,554.4,556.85,840.0485687
BCH/USD,2025-09-24,557.08,563.92,549.01,556.65,988.16890211
BCH/USD,2025-09-25,557.14,557.56,533.77,535.91,3365.61099954
BCH/USD,2025-09-26,536.8,551.34,534.77,548.27,1190.31091599
BCH/USD,2025-09-27,547.86,548.27,540.1,543.94,928.61025236
BCH/USD,2025-09-28,543.92,558.42,536.25,556.49,1173.99583588
BCH/USD,2025-09-29,556.86,563.26,550.7,561.2,1144.93376712
BCH/USD,2025-09-30,561.06,563.43,549.74,560.41,2698.66377816
BCH/USD,2025-10-01,560.68,599.2,559.72,592.82,3265.21928358
BCH/USD,2025-10-02,593.03,597.53,581.78,595.22,3191.83050674
BCH/USD,2025-10-03,594.92,615.7,591.41,608.73,2839.47294224
BCH/USD,2025-10-04,608.94,609.54,584.79,590.24,1672.79286336
BCH/USD,2025-10-05,590.2,612.31,588.16,594.56,1627.68138018
BCH/USD,2025-10-06,593.7,606.6,593.28,599.11,755.87179815
BCH/USD,2025-10-07,599.18,599.89,574.6,576.67,1679.58641013
BCH/USD,2025-10-08,577.59,588.03,574.88,583.42,844.16181892
BCH/USD,2025-10-09,583.72,594.43,569.05,580.25,1771.58338434
BCH/USD,2025-10-10,581.8,600.67,467.55,516.14,7448.48681484
BCH/USD,2025-10-11,513.77,541.08,478.62,500.33,5005.43068511
BCH/USD,2025-10-12,500.56,545.97,495.86,541.58,2268.61366687
BCH/USD,2025-10-13,541.46,549.64,533.82,546.58,1349.36897198
BCH/USD,2025-10-14,546.28,547.15,509.1,538.46,3315.7298462
BCH/USD,2025-10-15,539.59,546.17,516.32,522.59,1530.37532185
BCH/USD,2025-10-16,523.0,529.78,501.91,504.73,1677.43636332
BCH/USD,2025-10-17,504.58,509.6,444.17,469.94,3578.04369051
BCH/USD,2025-10-18,470.26,479.99,462.54,468.5,1680.1397216
BCH/USD,2025-10-19,468.53,479.14,457.25,472.75,2551.64151465
BCH/USD,2025-10-20,472.7,486.63,467.33,479.09,2487.52977267
BCH/USD,2025-10-21,478.84,515.15,464.28,481.64,5629.46278505
BCH/USD,2025-10-22,481.03,484.63,463.96,473.18,2979.01858449
BCH/USD,2025-10-23,473.52,491.4,472.88,480.41,2708.70724107
BCH/USD,2025-10-24,480.72,507.83,478.58,503.02,1875.67547284
BCH/USD,2025-10-25,503.16,512.82,496.19,508.43,1219.69801685
BCH/USD,2025-10-26,508.75,564.76,508.35,558.66,3313.8170873
BCH/USD,2025-10-27,559.35,572.2,553.3,555.65,3944.69914031
BCH/USD,2025-10-28,555.36,570.57,550.47,557.9,3470.00634386
BCH/USD,2025-10-29,557.8,566.49,548.74,555.99,2831.91536921
BCH/USD,2025-10-30,556.18,575.3,528.14,541.64,2855.62324369
BCH/USD,2025-10-31,540.85,568.08,532.86,535.43,2125.3068263
BCH/USD,2025-11-01,534.74,561.29,530.89,554.48,1093.87295431
BCH/USD,2025-11-02,552.76,555.52,523.5,537.0,2176.71483806
BCH/USD,2025-11-03,536.99,536.99,489.44,505.01,2183.56240165
BCH/USD,2025-11-04,503.35,511.73,461.72,480.19,2774.47215181
BCH/USD,2025-11-05,479.58,493.64,461.76,489.86,1075.74376067
BCH/USD,2025-11-06,488.93,489.67,465.0,471.93,739.66999052
BCH/USD,2025-11-07,472.39,524.03,470.41,511.5,2268.22869532
BCH/USD,2025-11-08,512.89,514.89,485.73,495.46,655.57341297
BCH/USD,2025-11-09,494.53,507.12,489.01,503.36,809.49594095
BCH/USD,2025-11-10,503.41,524.35,500.91,517.11,999.84657159
BCH/USD,2025-11-11,517.58,531.66,503.84,505.49,1728.84323778
BCH/USD,2025-11-12,506.77,531.82,499.03,507.36,1921.36037999
BCH/USD,2025-11-13,507.77,530.89,493.98,508.25,2530.46419131
BCH/USD,2025-11-14,508.44,515.52,475.42,479.27,1915.68657437
BCH/USD,2025-11-15,480.47,518.6,480.25,502.1,1897.71095257
BCH/USD,2025-11-16,502.13,503.52,472.78,482.99,2257.34171065
BCH/USD,2025-11-17,483.0,514.9,480.62,490.52,2537.47465858
BCH/USD,2025-11-18,489.58,536.93,476.72,523.56,2394.43233088
BCH/USD,2025-11-19,523.2,523.2,470.77,485.93,2417.58618432
BCH/USD,2025-11-20,485.72,512.5,473.77,479.95,3234.71064295
BCH/USD,2025-11-21,481.61,546.87,446.63,532.21,3568.47469424
BCH/USD,2025-11-22,533.9,567.25,521.35,556.04,2310.99814619
BCH/USD,2025-11-23,556.72,557.18,536.73,538.98,1464.72179777
BCH/USD,2025-11-24,538.15,563.16,537.26,549.46,1147.46502634
BCH/USD,2025-11-25,549.13,549.22,516.57,527.22,1456.00338642
BCH/USD,2025-11-26,527.31,548.2,525.89,543.97,1738.01350215
BCH/USD,2025-11-27,544.26,550.09,531.58,532.33,935.31199396
BCH/USD,2025-11-28,532.4,554.63,531.01,549.14,2164.91731281
BCH/USD,2025-11-29,548.65,548.65,517.6,521.45,1682.87905764
BCH/USD,2025-11-30,520.85,561.76,518.33,540.7,2116.27124083
BCH/USD,2025-12-01,540.59,543.78,508.96,522.39,2238.35643724
BCH/USD,2025-12-02,523.2,558.45,519.84,545.45,2385.2249752
BCH/USD,2025-12-03,545.75,606.99,543.83,590.87,5260.37748094
BCH/USD,2025-12-04,592.15,598.01,565.92,575.01,1985.33804579
BCH/USD,2025-12-05,576.25,583.84,557.56,560.02,3473.56912664
BCH/USD,2025-12-06,559.66,596.71,558.36,583.76,2981.36554049
BCH/USD,2025-12-07,583.61,604.9,569.4,598.53,2450.46387413
BCH/USD,2025-12-08,597.71,605.2,576.23,579.19,2189.06765514
BCH/USD,2025-12-09,579.28,591.14,570.39,584.52,1308.12872022
BCH/USD,2025-12-10,586.89,588.85,559.05,573.1,1966.78731909
BCH/USD,2025-12-11,572.74,576.61,552.17,575.17,1628.91688113
BCH/USD,2025-12-12,574.17,587.49,568.39,582.12,1617.81532195
BCH/USD,2025-12-13,581.82,586.78,569.07,580.26,894.04248366
BCH/USD,2025-12-14,578.9,585.21,554.42,558.18,1234.80572345
BCH/USD,2025-12-15,558.21,573.18,519.74,536.13,2291.98774324
BCH/USD,2025-12-16,536.33,556.9,528.12,546.07,1453.54346642
BCH/USD,2025-12-17,545.2,568.16,541.03,546.26,1468.95500004
BCH/USD,2025-12-18,546.2,578.21,528.32,565.78,3355.26117696
BCH/USD,2025-12-19,565.48,630.68,557.26,624.49,4786.04698199
BCH/USD,2025-12-20,624.65,625.0,588.53,592.02,1844.73235784
BCH/USD,2025-12-21,591.12,602.35,576.98,590.17,1102.79587917
BCH/USD,2025-12-22,591.4,598.38,574.17,590.04,1907.50161502
BCH/USD,2025-12-23,589.99,593.26,570.5,572.27,1177.24838023
BCH/USD,2025-12-24,572.1,579.58,562.98,568.46,1371.34912443
BCH/USD,2025-12-25,568.24,599.49,566.39,589.68,2438.25603904
BCH/USD,2025-12-26,589.07,613.22,586.96,593.8,3021.47893878
BCH/USD,2025-12-27,594.26,624.74,592.74,622.51,2462.36589252
BCH/USD,2025-12-28,622.59,636.6,610.36,621.78,3143.16750163
BCH/USD,2025-12-29,621.48,626.18,592.34,598.69,3165.24583213
BCH/USD,2025-12-30,598.1,606.9,591.52,595.25,1050.20999835
BCH/USD,2025-12-31,594.45,602.36,592.51,598.75,861.22070759
BCH/USD,2026-01-01,599.15,605.0,585.75,592.49,1105.09245476
BCH/USD,2026-01-02,592.56,617.48,584.94,609.51,2007.63350885
BCH/USD,2026-01-03,609.87,663.24,608.26,654.09,4841.93057174
BCH/USD,2026-01-04,654.97,661.68,635.87,638.49,3641.74611772
BCH/USD,2026-01-05,638.89,668.23,638.89,645.43,3403.36968516
BCH/USD,2026-01-06,645.19,656.5,624.43,638.57,2466.321989
BCH/USD,2026-01-07,637.45,637.45,622.12,629.0,923.02126037
BCH/USD,2026-01-08,628.78,652.47,619.53,631.58,2290.79045926
BCH/USD,2026-01-09,631.62,641.29,624.73,633.69,795.37642332
BCH/USD,2026-01-10,633.51,651.61,630.64,643.28,1300.08947633
BCH/USD,2026-01-11,643.18,664.67,640.14,647.68,1963.69462494
BCH/USD,2026-01-12,647.75,659.36,611.58,621.19,2175.63831873
BCH/USD,2026-01-13,620.59,625.39,604.87,616.77,1991.77528908
BCH/USD,2026-01-14,615.92,618.94,593.4,597.34,4201.61939059
BCH/USD,2026-01-15,597.62,629.22,574.88,590.43,6614.72258754
BCH/USD,2026-01-16,590.66,606.19,589.6,599.41,2388.68793846
BCH/USD,2026-01-17,599.6,602.29,588.9,593.8,1110.26228185
BCH/USD,2026-01-18,593.79,601.36,587.67,591.01,1351.51170226
BCH/USD,2026-01-19,590.13,594.33,563.14,583.69,2714.66732453
BCH/USD,2026-01-20,583.25,586.56,564.21,572.36,2981.48140022
BCH/USD,2026-01-21,574.35,597.15,569.45,584.1,4396.26244527
BCH/USD,2026-01-22,583.92,602.92,583.92,598.64,2672.40634553
BCH/USD,2026-01-23,598.32,600.69,585.82,594.88,1731.94898799
BCH/USD,2026-01-24,595.03,598.08,589.83,593.26,1125.20092009
BCH/USD,2026-01-25,592.7,594.87,564.46,571.25,2557.62365228
BCH/USD,2026-01-26,571.46,582.44,570.68,578.1,1320.91879571
BCH/USD,2026-01-27,577.78,602.71,576.99,599.49,2471.32710044
BCH/USD,2026-01-28,599.28,600.96,588.66,590.24,1554.44205903
BCH/USD,2026-01-29,589.54,589.9,547.78,553.51,2408.48288525
BCH/USD,2026-01-30,553.69,558.68,532.86,552.24,3426.54708935
BCH/USD,2026-01-31,552.2,552.96,468.01,505.98,6172.31964026
BCH/USD,2026-02-01,506.97,537.68,505.69,515.64,6184.44840838
BCH/USD,2026-02-02,515.68,543.5,496.97,539.09,5731.21902973
BCH/USD,2026-02-03,539.18,541.38,509.07,526.36,3573.15635204
BCH/USD,2026-02-04,526.33,538.17,514.26,531.42,3369.71752487
BCH/USD,2026-02-05,531.24,540.85,452.02,453.11,5692.12750111
BCH/USD,2026-02-06,452.87,541.39,425.0,523.28,7454.02524383
BCH/USD,2026-02-07,522.61,540.46,514.09,525.24,3798.07664795
BCH/USD,2026-02-08,524.74,539.9,516.88,526.87,1968.98811133
BCH/USD,2026-02-09,526.14,537.79,510.98,532.61,1976.70656891
BCH/USD,2026-02-10,533.09,533.7,511.95,524.01,4160.83728776
BCH/USD,2026-02-11,524.16,527.57,507.59,515.63,3283.05460784
BCH/USD,2026-02-12,515.93,520.61,493.62,502.53,2771.93264943
BCH/USD,2026-02-13,502.49,570.72,499.49,563.65,4810.32738724
BCH/USD,2026-02-14,564.09,572.04,557.05,562.76,2212.58743173
BCH/USD,2026-02-15,562.6,565.99,549.95,553.27,1614.25857508
BCH/USD,2026-02-16,553.49,581.03,551.64,568.95,3354.00829642
BCH/USD,2026-02-17,569.16,577.39,550.41,562.99,3733.77450051
BCH/USD,2026-02-18,563.19,569.58,550.5,557.71,2240.36635028
BCH/USD,2026-02-19,557.66,564.47,538.61,560.16,3892.06503579
BCH/USD,2026-02-20,559.42,569.78,541.39,562.34,4645.328657
BCH/USD,2026-02-21,562.53,577.76,558.55,564.31,3529.67697785
BCH/USD,2026-02-22,563.76,585.46,559.4,570.49,3163.73418844
BCH/USD,2026-02-23,570.58,570.75,487.57,495.69,8969.24225759
BCH/USD,2026-02-24,495.6,499.08,471.01,484.96,5803.96163943
BCH/USD,2026-02-25,484.8,519.95,484.24,493.06,7821.39672627
BCH/USD,2026-02-26,493.14,505.69,476.87,478.5,5863.15261732
BCH/USD,2026-02-27,478.12,490.49,455.22,461.41,6472.43246363
BCH/USD,2026-02-28,461.38,467.45,440.0,457.81,5694.15402348
BCH/USD,2026-03-01,458.12,466.76,432.26,441.75,4093.9964946
BCH/USD,2026-03-02,441.74,454.16,436.34,445.12,3514.57808549
BCH/USD,2026-03-03,445.62,449.96,432.57,443.72,2587.36274895
BCH/USD,2026-03-04,444.37,476.63,439.07,467.12,5627.05953899
BCH/USD,2026-03-05,467.19,467.71,454.88,461.52,3905.71981763
BCH/USD,2026-03-06,461.53,463.32,442.21,449.78,2409.30114377
BCH/USD,2026-03-07,449.97,453.81,445.59,450.32,1084.11164049
BCH/USD,2026-03-08,450.84,455.24,440.53,442.98,1304.86962577
BCH/USD,2026-03-09,443.41,456.0,442.97,444.51,3137.92563845
BCH/USD,2026-03-10,444.43,454.07,443.02,447.05,3256.56623683
BCH/USD,2026-03-11,446.36,461.02,445.92,454.94,2304.22584104
BCH/USD,2026-03-12,454.94,461.32,451.78,454.95,898.06442453
BCH/USD,2026-03-13,454.93,474.79,454.81,460.9,3177.88011824
BCH/USD,2026-03-14,460.54,468.47,454.44,467.77,1063.07364739
BCH/USD,2026-03-15,467.77,470.29,460.75,469.51,1844.5619104
BCH/USD,2026-03-16,470.11,483.8,465.29,478.82,1858.6253198
BCH/USD,2026-03-17,478.73,480.95,470.46,470.46,1178.73962132
BCH/USD,2026-03-18,471.11,472.72,447.0,457.07,1459.02859324
BCH/USD,2026-03-19,456.96,460.22,450.09,455.74,2075.41199994
BCH/USD,2026-03-20,456.11,475.23,456.09,474.37,1592.20226549
BCH/USD,2026-03-21,474.68,476.93,460.11,462.05,925.19221646
BCH/USD,2026-03-22,460.54,470.79,458.01,467.25,1050.36876241
BCH/USD,2026-03-23,467.73,485.2,462.95,477.82,2176.24513585
BCH/USD,2026-03-24,478.28,479.32,468.77,477.97,2086.27861546
BCH/USD,2026-03-25,477.62,479.95,471.41,473.64,673.76660993
BCH/USD,2026-03-26,473.24,473.46,458.61,461.69,1567.46095281
BCH/USD,2026-03-27,461.67,473.03,458.24,472.5,3475.43579939
BCH/USD,2026-03-28,472.71,483.52,470.57,480.64,1978.23957563
BCH/USD,2026-03-29,480.78,484.02,446.6,451.92,2988.76991912
BCH/USD,2026-03-30,451.83,466.84,450.33,459.75,3478.02720172
BCH/USD,2026-03-31,459.76,477.24,459.6,466.07,4994.88716208
BCH/USD,2026-04-01,465.47,466.0,453.76,454.92,4189.85667553
BCH/USD,2026-04-02,455.3,455.76,439.79,444.22,1966.88996832
BCH/USD,2026-04-03,444.3,446.35,439.75,442.86,653.05661247
BCH/USD,2026-04-04,442.87,444.69,440.86,441.06,595.20330302
BCH/USD,2026-04-05,440.86,441.62,420.55,428.27,1940.26984674
BCH/USD,2026-04-06,429.02,440.53,428.88,435.36,2326.56264312
BCH/USD,2026-04-07,435.47,448.01,430.01,446.27,2055.85930633
BCH/USD,2026-04-08,446.18,449.62,440.12,441.53,1271.86234361
BCH/USD,2026-04-09,441.38,446.41,434.18,442.86,1720.42574636
BCH/USD,2026-04-10,443.25,446.82,434.54,443.78,1710.62418255
BCH/USD,2026-04-11,443.89,445.29,436.86,437.67,1232.65538211
BCH/USD,2026-04-12,437.87,438.15,420.05,421.28,1400.51254611
BCH/USD,2026-04-13,421.48,440.66,421.48,438.39,1756.70889954
BCH/USD,2026-04-14,438.41,444.45,434.1,436.35,1514.28775711
BCH/USD,2026-04-15,436.97,443.32,427.89,440.87,1324.52580252
BCH/USD,2026-04-16,441.38,456.86,434.28,454.82,2064.53510414
BCH/USD,2026-04-17,454.94,462.05,447.07,453.6,1794.53695825
BCH/USD,2026-04-18,453.59,456.18,443.72,443.89,991.48197171
BCH/USD,2026-04-19,443.85,446.02,434.2,435.44,1096.46046622
BCH/USD,2026-04-20,435.98,446.32,435.98,443.75,837.03580438
BCH/USD,2026-04-21,444.02,449.24,440.6,448.37,881.80818376
BCH/USD,2026-04-22,449.22,473.93,447.61,460.86,1952.04346334
BCH/USD,2026-04-23,460.93,461.11,453.42,460.6,805.53238899
BCH/USD,2026-04-24,459.95,461.6,454.64,456.5,737.37338023
BCH/USD,2026-04-25,456.37,456.63,452.26,453.08,262.29117596
BCH/USD,2026-04-26,453.29,455.53,450.55,455.06,523.73679842
BCH/USD,2026-04-27,455.58,457.77,446.76,449.69,863.5678095
BCH/USD,2026-04-28,449.9,453.73,443.09,453.4,740.0109341
BCH/USD,2026-04-29,453.54,455.22,442.0,447.78,584.92423714
BCH/USD,2026-04-30,447.4,448.84,440.16,441.41,1038.20829781
BCH/USD,2026-05-01,440.93,457.93,440.87,450.43,998.07008874
BCH/USD,2026-05-02,450.75,453.2,444.59,445.47,673.1011533
BCH/USD,2026-05-03,445.67,447.39,442.44,443.1,335.57053025
BCH/USD,2026-05-04,442.88,450.34,437.29,443.85,1540.62194311
BCH/USD,2026-05-05,443.86,464.28,443.05,461.25,2975.78683822
BCH/USD,2026-05-06,461.4,488.69,458.38,465.63,5265.50764782
BCH/USD,2026-05-07,466.33,466.33,448.3,449.94,2353.45063858
BCH/USD,2026-05-08,450.1,454.14,447.94,450.51,1782.1419163
BCH/USD,2026-05-09,450.63,453.74,448.73,450.01,649.98221766
BCH/USD,2026-05-10,449.84,465.07,449.18,464.29,1409.19089942
BCH/USD,2026-05-11,464.96,464.96,447.9,450.17,886.83193227
BCH/USD,2026-05-12,449.7,449.94,436.37,439.53,1423.87544281
BCH/USD,2026-05-13,439.53,444.53,430.0,434.12,1075.70882283
BCH/USD,2026-05-14,434.23,438.92,431.47,434.72,858.77627373
BCH/USD,2026-05-15,435.21,437.31,423.71,426.54,1885.92708846
BCH/USD,2026-05-16,426.54,427.82,410.59,415.75,1963.31486068
BCH/USD,2026-05-17,415.73,416.57,399.16,404.7,1547.50964176
BCH/USD,2026-05-18,404.05,404.08,348.3,378.48,14291.00231559
BCH/USD,2026-05-19,378.51,386.42,361.2,369.97,3218.91708325
BCH/USD,2026-05-20,370.17,374.73,363.87,373.01,1843.51534354
BCH/USD,2026-05-21,372.85,383.19,372.81,380.25,1940.54269561
BCH/USD,2026-05-22,380.42,381.55,358.79,360.21,2405.32243054
BCH/USD,2026-05-23,360.86,364.1,342.64,355.9,2229.23238223
BCH/USD,2026-05-24,355.33,357.3,332.64,346.53,1598.10341628
BCH/USD,2026-05-25,346.95,351.83,343.77,351.66,588.30987036
BCH/USD,2026-05-26,351.47,354.64,342.3,342.92,1397.96271337
BCH/USD,2026-05-27,343.12,346.81,331.75,334.11,1973.93268739
BCH/USD,2026-05-28,335.07,335.57,293.15,299.95,7997.56629022
BCH/USD,2026-05-29,299.78,309.96,299.38,301.59,965.92235017
ALGO/USD,2025-01-15,0.37046,0.44985,0.37044,0.44763,699026.40238297
ALGO/USD,2025-01-16,0.44164,0.48313,0.43231,0.46269,520235.72885256
ALGO/USD,2025-01-17,0.4655,0.49214,0.46438,0.46822,326451.3020289
ALGO/USD,2025-01-18,0.455,0.45764,0.43592,0.44527,312527.22946047
ALGO/USD,2025-01-19,0.44043,0.4525,0.39011,0.39011,141539.65918226
ALGO/USD,2025-01-20,0.39046,0.4792,0.39046,0.43164,88954.20338322
ALGO/USD,2025-01-21,0.41885,0.4387,0.4062,0.43155,75415.8348813
ALGO/USD,2025-01-22,0.42257,0.4295,0.40434,0.40567,68161.11327317
ALGO/USD,2025-01-23,0.4022,0.41695,0.39011,0.41288,98656.81125777
ALGO/USD,2025-01-24,0.41073,0.42183,0.398,0.39953,158476.21832617
ALGO/USD,2025-01-25,0.39862,0.40803,0.3974,0.40742,23239.80772414
ALGO/USD,2025-01-26,0.40835,0.41312,0.381,0.381,60715.61606032
ALGO/USD,2025-01-27,0.381,0.38474,0.3495,0.38293,187328.96292762
ALGO/USD,2025-01-28,0.3902,0.3902,0.3587,0.36093,135839.43366981
ALGO/USD,2025-01-29,0.36606,0.38081,0.3549,0.37414,28628.43582394
ALGO/USD,2025-01-30,0.37669,0.39296,0.37669,0.39205,16355.77581638
ALGO/USD,2025-01-31,0.38451,0.40223,0.37762,0.38239,89875.32326724
ALGO/USD,2025-02-01,0.37851,0.37851,0.3486,0.3486,221392.09544166
ALGO/USD,2025-02-02,0.3401,0.34538,0.28555,0.29955,201790.27113198
ALGO/USD,2025-02-03,0.29252,0.31351,0.22,0.3132,174494.81958553
ALGO/USD,2025-02-04,0.31452,0.31738,0.28133,0.2853,32282.89190382
ALGO/USD,2025-02-05,0.29067,0.29891,0.27947,0.28248,199739.35939452
ALGO/USD,2025-02-06,0.28806,0.29568,0.26541,0.26708,109049.13514709
ALGO/USD,2025-02-07,0.26989,0.2876,0.25962,0.25962,97562.28092323
ALGO/USD,2025-02-08,0.26467,0.27576,0.26456,0.27355,13204.70828526
ALGO/USD,2025-02-09,0.27645,0.28116,0.27159,0.27159,8498.69217362
ALGO/USD,2025-02-10,0.28243,0.29153,0.2715,0.28877,69637.41251052
ALGO/USD,2025-02-11,0.28938,0.30999,0.28766,0.28766,267778.10293597
ALGO/USD,2025-02-12,0.28386,0.30426,0.28234,0.30426,110447.61422432
ALGO/USD,2025-02-13,0.30273,0.30286,0.28754,0.29466,115783.96008095
ALGO/USD,2025-02-14,0.29371,0.30833,0.29088,0.29771,64732.5100786
ALGO/USD,2025-02-15,0.29757,0.29757,0.28227,0.28227,9310.95949945
ALGO/USD,2025-02-16,0.28225,0.28225,0.27531,0.27635,30483.58657449
ALGO/USD,2025-02-17,0.27716,0.28174,0.2703,0.27319,21452.81590054
ALGO/USD,2025-02-18,0.26333,0.26333,0.24623,0.25703,246062.45784021
ALGO/USD,2025-02-19,0.25734,0.26453,0.25706,0.26078,44851.16749158
ALGO/USD,2025-02-20,0.2667,0.2721,0.26322,0.27097,51042.23490327
ALGO/USD,2025-02-21,0.27819,0.28939,0.25574,0.26395,52986.15177882
ALGO/USD,2025-02-22,0.26901,0.26936,0.26408,0.26833,63293.70249245
ALGO/USD,2025-02-23,0.26532,0.26606,0.25603,0.25985,55520.99000854
ALGO/USD,2025-02-24,0.25922,0.25922,0.22794,0.22833,106696.3656736
ALGO/USD,2025-02-25,0.22555,0.23566,0.21,0.2321,419064.10173541
ALGO/USD,2025-02-26,0.23136,0.24159,0.22943,0.2365,82861.53157251
ALGO/USD,2025-02-27,0.23642,0.2421,0.23293,0.23606,25916.84757733
ALGO/USD,2025-02-28,0.23563,0.24019,0.21247,0.23806,49842.42198954
ALGO/USD,2025-03-01,0.2366,0.25645,0.23389,0.25404,191610.1233914
ALGO/USD,2025-03-02,0.25321,0.30764,0.24503,0.2899,205154.35016571
ALGO/USD,2025-03-03,0.29863,0.29863,0.23625,0.24062,743169.20686017
ALGO/USD,2025-03-04,0.23878,0.2427,0.21773,0.23708,313880.96313594
ALGO/USD,2025-03-05,0.24017,0.25494,0.24017,0.25186,75097.09521772
ALGO/USD,2025-03-06,0.24868,0.25391,0.24199,0.24408,87027.72445208
ALGO/USD,2025-03-07,0.24067,0.2463,0.22607,0.23581,235353.78287803
ALGO/USD,2025-03-08,0.23141,0.23548,0.22333,0.22466,73219.69516503
ALGO/USD,2025-03-09,0.22117,0.22117,0.2,0.20176,235847.80896604
ALGO/USD,2025-03-10,0.20102,0.21189,0.1811,0.18484,215225.8593427
ALGO/USD,2025-03-11,0.18,0.19999,0.17546,0.19343,183361.779035
ALGO/USD,2025-03-12,0.19079,0.20076,0.18647,0.19529,36909.54346065
ALGO/USD,2025-03-13,0.19549,0.19923,0.18876,0.193,53515.08273104
ALGO/USD,2025-03-14,0.19465,0.20431,0.19465,0.19959,100629.96410688
ALGO/USD,2025-03-15,0.20013,0.20337,0.19864,0.20025,27030.37381488
ALGO/USD,2025-03-16,0.19789,0.20122,0.18543,0.18592,156046.32601807
ALGO/USD,2025-03-17,0.1895,0.19294,0.18801,0.19084,78107.72644472
ALGO/USD,2025-03-18,0.19116,0.19117,0.1801,0.18574,187494.59994488
ALGO/USD,2025-03-19,0.18725,0.20057,0.18563,0.19959,133557.20004166
ALGO/USD,2025-03-20,0.20031,0.20164,0.19306,0.19691,109854.63256817
ALGO/USD,2025-03-21,0.1949,0.1949,0.18835,0.18971,23784.74331393
ALGO/USD,2025-03-22,0.18678,0.19119,0.18649,0.18966,38226.30520796
ALGO/USD,2025-03-23,0.18873,0.19178,0.18778,0.19069,25506.57474426
ALGO/USD,2025-03-24,0.19202,0.20705,0.19152,0.20349,64175.21104029
ALGO/USD,2025-03-25,0.20182,0.21471,0.20123,0.21411,82731.55376788
ALGO/USD,2025-03-26,0.21436,0.21761,0.20534,0.20712,75609.90315386
ALGO/USD,2025-03-27,0.21146,0.21532,0.20638,0.21521,243406.15062065
ALGO/USD,2025-03-28,0.21377,0.21424,0.19683,0.19801,338334.55391003
ALGO/USD,2025-03-29,0.20056,0.20056,0.181,0.18304,127458.30366573
ALGO/USD,2025-03-30,0.18613,0.18635,0.1775,0.17975,254443.2109209
ALGO/USD,2025-03-31,0.17911,0.18019,0.17544,0.1801,132274.02785219
ALGO/USD,2025-04-01,0.18064,0.19323,0.17963,0.18917,189801.28776809
ALGO/USD,2025-04-02,0.1865,0.195,0.175,0.175,54201.18204908
ALGO/USD,2025-04-03,0.17623,0.18291,0.16895,0.1804,228877.03315971
ALGO/USD,2025-04-04,0.18076,0.19,0.1767,0.18783,292973.2978255
ALGO/USD,2025-04-05,0.18649,0.18847,0.18142,0.1823,47264.59146428
ALGO/USD,2025-04-06,0.185,0.185,0.1592,0.1592,56038.21274376
ALGO/USD,2025-04-07,0.156,0.17,0.14787,0.1663,127885.83677716
ALGO/USD,2025-04-08,0.16877,0.17346,0.15344,0.15344,32921.28816138
ALGO/USD,2025-04-09,0.16027,0.18399,0.15986,0.18295,65461.09620238
ALGO/USD,2025-04-10,0.18045,0.18164,0.17095,0.17478,86295.03414814
ALGO/USD,2025-04-11,0.17621,0.185,0.17621,0.18197,39826.05838499
ALGO/USD,2025-04-12,0.17858,0.2,0.17858,0.19056,81740.21963342
ALGO/USD,2025-04-13,0.18625,0.19426,0.18,0.18445,10985.51113977
ALGO/USD,2025-04-14,0.189,0.2,0.18681,0.19057,30249.03074794
ALGO/USD,2025-04-15,0.195,0.198,0.17912,0.17912,52919.16229916
ALGO/USD,2025-04-16,0.18152,0.1856,0.17774,0.18222,95614.21478926
ALGO/USD,2025-04-17,0.18206,0.1898,0.18206,0.18768,66604.43214358
ALGO/USD,2025-04-18,0.18576,0.19181,0.18576,0.19136,81433.87786188
ALGO/USD,2025-04-19,0.19402,0.19461,0.19064,0.19393,31669.06865877
ALGO/USD,2025-04-20,0.19396,0.1964,0.1897,0.1964,23772.2157173
ALGO/USD,2025-04-21,0.19676,0.2028,0.1925,0.19295,12833.02177941
ALGO/USD,2025-04-22,0.19139,0.20923,0.19139,0.20923,20465.09497797
ALGO/USD,2025-04-23,0.20999,0.21999,0.20966,0.21409,37663.37895157
ALGO/USD,2025-04-24,0.21387,0.22999,0.21013,0.22551,19707.21676157
ALGO/USD,2025-04-25,0.22299,0.23949,0.22168,0.23846,109189.37974914
ALGO/USD,2025-04-26,0.23289,0.23852,0.22875,0.23008,42548.08592252
ALGO/USD,2025-04-27,0.2329,0.2329,0.22012,0.22417,37747.56313789
ALGO/USD,2025-04-28,0.21847,0.23555,0.21755,0.23257,160144.62019021
ALGO/USD,2025-04-29,0.22996,0.23548,0.22996,0.2349,107115.30444709
ALGO/USD,2025-04-30,0.22801,0.22892,0.21382,0.22032,219052.05711317
ALGO/USD,2025-05-01,0.21918,0.22751,0.21918,0.21918,47629.21443411
ALGO/USD,2025-05-02,0.22422,0.22422,0.21336,0.21337,98661.83987502
ALGO/USD,2025-05-03,0.212,0.212,0.206,0.2102,104796.15276753
ALGO/USD,2025-05-04,0.20583,0.20961,0.19985,0.20034,31945.42016553
ALGO/USD,2025-05-05,0.19802,0.204,0.19491,0.1977,306505.24944264
ALGO/USD,2025-05-06,0.19892,0.2017,0.19139,0.20003,65443.40055017
ALGO/USD,2025-05-07,0.19947,0.20146,0.19403,0.19888,1689224.9647839
ALGO/USD,2025-05-08,0.19891,0.22649,0.19891,0.22286,6157482.46214455
ALGO/USD,2025-05-09,0.22483,0.24808,0.22483,0.23126,103470.45694966
ALGO/USD,2025-05-10,0.2311,0.2532,0.2311,0.25318,169085.26735674
ALGO/USD,2025-05-11,0.25618,0.25618,0.23806,0.24081,98572.46201511
ALGO/USD,2025-05-12,0.24433,0.25751,0.22588,0.24505,276498.10334246
ALGO/USD,2025-05-13,0.23855,0.25077,0.22795,0.2473,121356.75150664
ALGO/USD,2025-05-14,0.25014,0.25014,0.23399,0.23626,88123.41735166
ALGO/USD,2025-05-15,0.23919,0.23919,0.22,0.227,72545.61785951
ALGO/USD,2025-05-16,0.2292,0.2304,0.2225,0.22305,64446.31605479
ALGO/USD,2025-05-17,0.217,0.2215,0.21365,0.2176,78039.32023001
ALGO/USD,2025-05-18,0.21756,0.23093,0.21133,0.225,63781.49810927
ALGO/USD,2025-05-19,0.21549,0.22215,0.21025,0.22215,25914.35386675
ALGO/USD,2025-05-20,0.22313,0.22391,0.21626,0.22391,115608.35831905
ALGO/USD,2025-05-21,0.22388,0.22849,0.22388,0.22849,30937.92764761
ALGO/USD,2025-05-22,0.23103,0.24271,0.23103,0.23691,52850.41331676
ALGO/USD,2025-05-23,0.24145,0.24843,0.23018,0.23018,71155.01599296
ALGO/USD,2025-05-24,0.22395,0.22891,0.22,0.22,50714.51168608
ALGO/USD,2025-05-25,0.21756,0.21777,0.2118,0.21471,205194.53971338
ALGO/USD,2025-05-26,0.22148,0.23219,0.21627,0.21735,230998.95506702
ALGO/USD,2025-05-27,0.21944,0.22764,0.215,0.22267,190363.26086853
ALGO/USD,2025-05-28,0.22229,0.22362,0.2125,0.21881,92206.43461025
ALGO/USD,2025-05-29,0.22027,0.22448,0.20918,0.20994,301810.69197984
ALGO/USD,2025-05-30,0.21025,0.21061,0.1925,0.1925,124199.73239423
ALGO/USD,2025-05-31,0.19,0.19676,0.18642,0.19514,44268.24426606
ALGO/USD,2025-06-01,0.19388,0.19781,0.19024,0.19609,173835.30877097
ALGO/USD,2025-06-02,0.19581,0.19984,0.19038,0.19897,66066.74022672
ALGO/USD,2025-06-03,0.2,0.20339,0.19753,0.19799,99758.02434676
ALGO/USD,2025-06-04,0.19846,0.20099,0.18997,0.19172,149191.23247061
ALGO/USD,2025-06-05,0.19168,0.19381,0.17777,0.18185,504734.32174011
ALGO/USD,2025-06-06,0.18119,0.19222,0.18088,0.18739,108310.07167196
ALGO/USD,2025-06-07,0.18953,0.19371,0.18878,0.1913,283806.95672477
ALGO/USD,2025-06-08,0.19048,0.19368,0.18745,0.19011,58458.27629209
ALGO/USD,2025-06-09,0.19002,0.19919,0.18793,0.19919,76670.09503976
ALGO/USD,2025-06-10,0.19999,0.21206,0.19723,0.20736,149100.28235525
ALGO/USD,2025-06-11,0.20773,0.20916,0.19617,0.19679,167018.37857904
ALGO/USD,2025-06-12,0.19666,0.19739,0.17965,0.18179,210848.8346824
ALGO/USD,2025-06-13,0.17606,0.18537,0.16884,0.18105,224578.7024972
ALGO/USD,2025-06-14,0.18081,0.18088,0.17523,0.17622,80736.32724437
ALGO/USD,2025-06-15,0.17698,0.17898,0.17429,0.17596,46948.69737875
ALGO/USD,2025-06-16,0.17826,0.18662,0.17563,0.17563,160474.83995341
ALGO/USD,2025-06-17,0.17589,0.17778,0.16752,0.16934,86398.2771298
ALGO/USD,2025-06-18,0.17013,0.17208,0.16539,0.17015,121864.15589543
ALGO/USD,2025-06-19,0.1709,0.1719,0.16759,0.16917,77761.87435686
ALGO/USD,2025-06-20,0.17045,0.17215,0.162,0.16731,302277.6750254
ALGO/USD,2025-06-21,0.16676,0.16902,0.1593,0.1594,120428.06337195
ALGO/USD,2025-06-22,0.16347,0.16519,0.15426,0.15985,265523.95298493
ALGO/USD,2025-06-23,0.16078,0.17939,0.15899,0.17933,77491.57194121
ALGO/USD,2025-06-24,0.18062,0.18363,0.17748,0.1825,107187.21303735
ALGO/USD,2025-06-25,0.18282,0.18428,0.1769,0.1769,60019.12918289
ALGO/USD,2025-06-26,0.17749,0.17992,0.17072,0.17237,54483.89618254
ALGO/USD,2025-06-27,0.1724,0.17498,0.16952,0.17464,108330.09069546
ALGO/USD,2025-06-28,0.17423,0.17712,0.17311,0.17626,28889.2051115
ALGO/USD,2025-06-29,0.1757,0.18706,0.1757,0.1865,42914.70340093
ALGO/USD,2025-06-30,0.18599,0.18728,0.17695,0.18505,47849.53894437
ALGO/USD,2025-07-01,0.18549,0.1913,0.17,0.17097,229079.99661984
ALGO/USD,2025-07-02,0.17146,0.18374,0.17118,0.18288,184888.84352431
ALGO/USD,2025-07-03,0.18186,0.18867,0.18186,0.1822,74945.01397035
ALGO/USD,2025-07-04,0.18205,0.18298,0.17206,0.17353,73979.14747317
ALGO/USD,2025-07-05,0.17405,0.17831,0.173,0.17514,25767.60272228
ALGO/USD,2025-07-06,0.17363,0.17824,0.17363,0.17717,14189.63581684
ALGO/USD,2025-07-07,0.17728,0.17939,0.17381,0.17635,41159.11202176
ALGO/USD,2025-07-08,0.17555,0.18012,0.17339,0.17894,73645.97122237
ALGO/USD,2025-07-09,0.17895,0.19259,0.17895,0.19224,85477.56448417
ALGO/USD,2025-07-10,0.19322,0.21285,0.19197,0.21003,135403.90904762
ALGO/USD,2025-07-11,0.21259,0.234,0.21042,0.21857,325839.1558461
ALGO/USD,2025-07-12,0.21722,0.22793,0.21279,0.21786,80175.68475141
ALGO/USD,2025-07-13,0.22154,0.27019,0.21807,0.26407,3691702.21520043
ALGO/USD,2025-07-14,0.26443,0.30871,0.26276,0.2801,935160.30468541
ALGO/USD,2025-07-15,0.28097,0.29554,0.26953,0.28466,292907.40462437
ALGO/USD,2025-07-16,0.28343,0.29999,0.2758,0.28477,267687.06186761
ALGO/USD,2025-07-17,0.28351,0.32887,0.27819,0.32138,327836.88740354
ALGO/USD,2025-07-18,0.32368,0.33459,0.28991,0.2938,682357.60680321
ALGO/USD,2025-07-19,0.29436,0.29661,0.28267,0.29174,148384.53888462
ALGO/USD,2025-07-20,0.29039,0.30904,0.28475,0.29112,262598.44398281
ALGO/USD,2025-07-21,0.29105,0.31379,0.29071,0.29913,156977.77345745
ALGO/USD,2025-07-22,0.29869,0.29908,0.27978,0.29593,38254.46558864
ALGO/USD,2025-07-23,0.29231,0.29334,0.26,0.26808,97271.88444168
ALGO/USD,2025-07-24,0.26994,0.2728,0.25201,0.26165,175746.62556947
ALGO/USD,2025-07-25,0.25668,0.27016,0.25396,0.26665,418654.33845855
ALGO/USD,2025-07-26,0.26494,0.28072,0.26494,0.27483,185192.36092952
ALGO/USD,2025-07-27,0.27444,0.29,0.27442,0.28461,123429.78562516
ALGO/USD,2025-07-28,0.28641,0.28698,0.26552,0.26756,323448.74015884
ALGO/USD,2025-07-29,0.266,0.27274,0.25708,0.26006,86310.04357723
ALGO/USD,2025-07-30,0.26133,0.266,0.24028,0.25059,78173.74595206
ALGO/USD,2025-07-31,0.25514,0.26723,0.24376,0.24376,457175.57927344
ALGO/USD,2025-08-01,0.241,0.24451,0.23,0.23613,250692.2890756
ALGO/USD,2025-08-02,0.23564,0.24041,0.22441,0.22787,150478.73095421
ALGO/USD,2025-08-03,0.22566,0.24573,0.22336,0.24291,253484.00876086
ALGO/USD,2025-08-04,0.24993,0.25282,0.24153,0.24848,64888.08039851
ALGO/USD,2025-08-05,0.2479,0.24818,0.2354,0.23641,36246.47546224
ALGO/USD,2025-08-06,0.23429,0.2453,0.23074,0.24313,117431.31494243
ALGO/USD,2025-08-07,0.24258,0.26941,0.24202,0.26421,259229.72035999
ALGO/USD,2025-08-08,0.26366,0.26868,0.25702,0.26548,161899.1507256
ALGO/USD,2025-08-09,0.26566,0.27693,0.26566,0.27091,99336.75407725
ALGO/USD,2025-08-10,0.26978,0.27562,0.26107,0.26578,47493.70263239
ALGO/USD,2025-08-11,0.26522,0.28,0.25155,0.25307,124748.31545028
ALGO/USD,2025-08-12,0.25535,0.276,0.25,0.27123,109969.56498127
ALGO/USD,2025-08-13,0.2724,0.28108,0.26866,0.28092,125733.02745494
ALGO/USD,2025-08-14,0.28337,0.28981,0.24995,0.25499,627254.74850392
ALGO/USD,2025-08-15,0.255,0.26845,0.24628,0.25512,57309.13705713
ALGO/USD,2025-08-16,0.25513,0.26389,0.25252,0.26155,38825.34110696
ALGO/USD,2025-08-17,0.26007,0.27269,0.26007,0.26902,57235.21224685
ALGO/USD,2025-08-18,0.26398,0.26719,0.2498,0.25534,99396.60081954
ALGO/USD,2025-08-19,0.25183,0.25683,0.23746,0.23837,88514.49821058
ALGO/USD,2025-08-20,0.24,0.26606,0.23803,0.25707,509055.73934364
ALGO/USD,2025-08-21,0.25657,0.25657,0.24694,0.24816,87905.86565515
ALGO/USD,2025-08-22,0.24793,0.26907,0.24089,0.26602,176909.80442016
ALGO/USD,2025-08-23,0.2663,0.26648,0.25761,0.26361,77435.11841594
ALGO/USD,2025-08-24,0.26362,0.28612,0.25324,0.27332,168572.81640986
ALGO/USD,2025-08-25,0.26565,0.27345,0.2429,0.24401,36769.29813244
ALGO/USD,2025-08-26,0.24655,0.26368,0.24655,0.25455,82275.83060767
ALGO/USD,2025-08-27,0.25219,0.26006,0.2493,0.2493,17619.23612888
ALGO/USD,2025-08-28,0.24892,0.25592,0.24892,0.25306,56189.46548864
ALGO/USD,2025-08-29,0.25252,0.25727,0.23271,0.23664,69700.97862502
ALGO/USD,2025-08-30,0.23637,0.23899,0.23012,0.23293,187073.89236676
ALGO/USD,2025-08-31,0.23726,0.25855,0.23202,0.23202,37927.80108833
ALGO/USD,2025-09-01,0.23222,0.25386,0.223,0.223,147300.842233
ALGO/USD,2025-09-02,0.22805,0.2453,0.22683,0.23437,75816.31119279
ALGO/USD,2025-09-03,0.23347,0.24215,0.23031,0.23561,34851.03673881
ALGO/USD,2025-09-04,0.23031,0.23731,0.22565,0.22864,24689.35756379
ALGO/USD,2025-09-05,0.23049,0.23649,0.22732,0.23011,29855.18086689
ALGO/USD,2025-09-06,0.23042,0.23042,0.22503,0.22806,59253.58379312
ALGO/USD,2025-09-07,0.22801,0.23357,0.22763,0.2308,96015.93166669
ALGO/USD,2025-09-08,0.23058,0.23904,0.23023,0.23682,60107.37259688
ALGO/USD,2025-09-09,0.23641,0.24306,0.23266,0.23408,159012.45576399
ALGO/USD,2025-09-10,0.23573,0.24158,0.23393,0.23918,169870.05435372
ALGO/USD,2025-09-11,0.23979,0.24451,0.23875,0.24451,67818.66791322
ALGO/USD,2025-09-12,0.24493,0.24951,0.24079,0.248,301610.08721923
ALGO/USD,2025-09-13,0.24778,0.27288,0.24778,0.25305,742172.04950377
ALGO/USD,2025-09-14,0.24976,0.25677,0.23894,0.24161,147400.84143568
ALGO/USD,2025-09-15,0.23985,0.24261,0.22834,0.23306,148158.06461549
ALGO/USD,2025-09-16,0.2331,0.24843,0.23074,0.23769,45093.28264483
ALGO/USD,2025-09-17,0.23758,0.24715,0.232,0.24391,122225.83659378
ALGO/USD,2025-09-18,0.24384,0.25064,0.24149,0.24765,130300.65399537
ALGO/USD,2025-09-19,0.24665,0.253,0.23605,0.23605,80625.60064585
ALGO/USD,2025-09-20,0.23385,0.24245,0.23321,0.23522,28806.18545246
ALGO/USD,2025-09-21,0.23566,0.23711,0.23,0.2318,53906.64481681
ALGO/USD,2025-09-22,0.2318,0.2318,0.20506,0.2136,210443.1795223
ALGO/USD,2025-09-23,0.21333,0.21739,0.20962,0.21136,93219.36354156
ALGO/USD,2025-09-24,0.21319,0.21789,0.21026,0.21316,130546.49568172
ALGO/USD,2025-09-25,0.21144,0.22052,0.2,0.202,328354.64577201
ALGO/USD,2025-09-26,0.20434,0.21878,0.20003,0.20912,341855.26541731
ALGO/USD,2025-09-27,0.20824,0.20824,0.20482,0.20584,43546.81960287
ALGO/USD,2025-09-28,0.20526,0.22317,0.2002,0.20831,207573.85100368
ALGO/USD,2025-09-29,0.20741,0.2168,0.2041,0.20779,268031.61073089
ALGO/USD,2025-09-30,0.20838,0.21616,0.20152,0.2077,99080.99956743
ALGO/USD,2025-10-01,0.20757,0.22173,0.20576,0.21995,225526.10644253
ALGO/USD,2025-10-02,0.2218,0.22762,0.21928,0.22502,84902.86584047
ALGO/USD,2025-10-03,0.22388,0.2303,0.22116,0.2266,134517.9822072
ALGO/USD,2025-10-04,0.2248,0.2256,0.21633,0.21968,192345.14525439
ALGO/USD,2025-10-05,0.22009,0.23,0.2181,0.22,155436.49870986
ALGO/USD,2025-10-06,0.21818,0.23244,0.21675,0.22903,192168.4979867
ALGO/USD,2025-10-07,0.22882,0.23037,0.21924,0.21924,207864.76988058
ALGO/USD,2025-10-08,0.21966,0.22658,0.21564,0.22475,68335.61505079
ALGO/USD,2025-10-09,0.22414,0.22414,0.21393,0.22132,103885.93434716
ALGO/USD,2025-10-10,0.22112,0.22998,0.18,0.18,476267.43037456
ALGO/USD,2025-10-11,0.175,0.19954,0.175,0.1817,316815.37255753
ALGO/USD,2025-10-12,0.18092,0.21,0.18036,0.20287,80353.85902925
ALGO/USD,2025-10-13,0.20114,0.21999,0.2,0.21372,132762.28851208
ALGO/USD,2025-10-14,0.2123,0.2123,0.19214,0.20597,207168.03613845
ALGO/USD,2025-10-15,0.20485,0.20968,0.195,0.19637,187107.82069767
ALGO/USD,2025-10-16,0.19756,0.20679,0.18516,0.18516,164581.82084744
ALGO/USD,2025-10-17,0.18563,0.19901,0.17,0.17707,350134.47985602
ALGO/USD,2025-10-18,0.179,0.18285,0.17793,0.18005,58304.73606278
ALGO/USD,2025-10-19,0.17948,0.18756,0.17704,0.18333,83990.58077071
ALGO/USD,2025-10-20,0.1798,0.19344,0.1798,0.18743,63910.60522045
ALGO/USD,2025-10-21,0.18456,0.1929,0.17824,0.18543,104887.63452436
ALGO/USD,2025-10-22,0.18187,0.18324,0.17724,0.17796,31351.05911061
ALGO/USD,2025-10-23,0.17914,0.18421,0.17809,0.18119,109055.35482039
ALGO/USD,2025-10-24,0.18193,0.1862,0.18096,0.18587,210852.91363303
ALGO/USD,2025-10-25,0.18399,0.18618,0.18248,0.18505,4927.95755667
ALGO/USD,2025-10-26,0.18328,0.19469,0.18328,0.1916,83557.01746849
ALGO/USD,2025-10-27,0.19214,0.19311,0.18561,0.18561,74757.03677826
ALGO/USD,2025-10-28,0.18832,0.19929,0.18194,0.18498,218126.16806749
ALGO/USD,2025-10-29,0.18458,0.19841,0.18158,0.18578,320285.59676511
ALGO/USD,2025-10-30,0.18349,0.18592,0.16833,0.17194,134769.57171945
ALGO/USD,2025-10-31,0.17391,0.18261,0.17391,0.17755,226356.61100073
ALGO/USD,2025-11-01,0.17579,0.18015,0.17537,0.17883,118682.15548083
ALGO/USD,2025-11-02,0.17849,0.1846,0.17519,0.17574,30945.68782084
ALGO/USD,2025-11-03,0.17,0.18894,0.15558,0.16015,894493.27070753
ALGO/USD,2025-11-04,0.15522,0.18747,0.14611,0.1547,277736.36018485
ALGO/USD,2025-11-05,0.15319,0.16208,0.14913,0.16208,39405.7592354
ALGO/USD,2025-11-06,0.16063,0.16135,0.15579,0.15747,15169.6204414
ALGO/USD,2025-11-07,0.1574,0.18576,0.1574,0.18239,487098.65447473
ALGO/USD,2025-11-08,0.18199,0.18199,0.17533,0.17623,207865.12947536
ALGO/USD,2025-11-09,0.17688,0.18605,0.17,0.18605,288941.69999833
ALGO/USD,2025-11-10,0.18098,0.1911,0.17984,0.19,319638.66613545
ALGO/USD,2025-11-11,0.18696,0.18895,0.17874,0.1804,281410.10135563
ALGO/USD,2025-11-12,0.17759,0.19039,0.17101,0.17168,181153.14247914
ALGO/USD,2025-11-13,0.17249,0.17782,0.163,0.16888,112839.86958125
ALGO/USD,2025-11-14,0.16665,0.16665,0.15812,0.16057,171651.61214434
ALGO/USD,2025-11-15,0.16329,0.16667,0.16311,0.1657,18001.98039398
ALGO/USD,2025-11-16,0.16382,0.16865,0.15581,0.16865,189573.42178038
ALGO/USD,2025-11-17,0.15967,0.16104,0.15037,0.1521,104326.56072265
ALGO/USD,2025-11-18,0.15271,0.16158,0.15158,0.15637,82433.48458032
ALGO/USD,2025-11-19,0.15631,0.16936,0.1459,0.15084,137903.40096164
ALGO/USD,2025-11-20,0.15208,0.15655,0.14118,0.14508,409808.19261687
ALGO/USD,2025-11-21,0.14364,0.15017,0.13112,0.13639,378649.75190292
ALGO/USD,2025-11-22,0.13758,0.14292,0.13266,0.13536,100588.65484553
ALGO/USD,2025-11-23,0.13525,0.14578,0.13525,0.14578,78859.92450484
ALGO/USD,2025-11-24,0.14174,0.14795,0.14089,0.14646,146847.19708777
ALGO/USD,2025-11-25,0.1435,0.14506,0.14063,0.1436,171597.21010555
ALGO/USD,2025-11-26,0.14649,0.15025,0.14181,0.14605,133282.29475309
ALGO/USD,2025-11-27,0.14593,0.14696,0.14413,0.145,86814.12215908
ALGO/USD,2025-11-28,0.14449,0.14651,0.14187,0.14348,90387.88946583
ALGO/USD,2025-11-29,0.14361,0.14361,0.139,0.14129,133949.53681339
ALGO/USD,2025-11-30,0.14124,0.14126,0.13708,0.13735,77180.6131828
ALGO/USD,2025-12-01,0.13643,0.14585,0.1288,0.13084,189941.54821638
ALGO/USD,2025-12-02,0.1304,0.14071,0.12903,0.13825,118203.78739438
ALGO/USD,2025-12-03,0.13908,0.14407,0.13813,0.14378,28045.04547216
ALGO/USD,2025-12-04,0.14314,0.14335,0.13784,0.13867,175291.53129365
ALGO/USD,2025-12-05,0.13913,0.13913,0.13132,0.13208,43869.42175601
ALGO/USD,2025-12-06,0.13261,0.13513,0.13204,0.1343,83872.68809674
ALGO/USD,2025-12-07,0.13451,0.13603,0.1307,0.13187,397441.32164621
ALGO/USD,2025-12-08,0.13428,0.13588,0.13343,0.13444,86645.00373265
ALGO/USD,2025-12-09,0.1339,0.1413,0.13236,0.13825,334126.11795033
ALGO/USD,2025-12-10,0.13805,0.1404,0.13531,0.13531,120990.17097302
ALGO/USD,2025-12-11,0.13399,0.137,0.12703,0.13026,383277.6290295
ALGO/USD,2025-12-12,0.12844,0.13738,0.12174,0.12346,105351.9795714
ALGO/USD,2025-12-13,0.12241,0.12323,0.12111,0.12207,224230.10540313
ALGO/USD,2025-12-14,0.12269,0.13058,0.11827,0.11901,551896.60999875
ALGO/USD,2025-12-15,0.122,0.12359,0.1124,0.1125,146426.0048149
ALGO/USD,2025-12-16,0.1139,0.12201,0.11302,0.11658,101018.83969502
ALGO/USD,2025-12-17,0.11662,0.12359,0.1109,0.1111,354546.1120264
ALGO/USD,2025-12-18,0.1111,0.11517,0.10555,0.10771,496086.18021316
ALGO/USD,2025-12-19,0.107,0.11593,0.107,0.11514,157010.68679463
ALGO/USD,2025-12-20,0.11398,0.11491,0.11338,0.11387,115620.4618386
ALGO/USD,2025-12-21,0.11532,0.11532,0.111,0.11179,16962.48491076
ALGO/USD,2025-12-22,0.11191,0.11601,0.11123,0.1118,55123.78165564
ALGO/USD,2025-12-23,0.11219,0.11297,0.10927,0.11295,116587.57510714
ALGO/USD,2025-12-24,0.11189,0.11237,0.11039,0.11153,66551.38546423
ALGO/USD,2025-12-25,0.11455,0.11828,0.11393,0.11445,105093.04042324
ALGO/USD,2025-12-26,0.11931,0.12,0.11684,0.118,149109.96847532
ALGO/USD,2025-12-27,0.11715,0.11973,0.11674,0.11973,17478.12994256
ALGO/USD,2025-12-28,0.11957,0.12121,0.11879,0.11879,64601.39725851
ALGO/USD,2025-12-29,0.12009,0.12186,0.11632,0.11754,320965.86213974
ALGO/USD,2025-12-30,0.11729,0.1176,0.11392,0.11466,93119.92110159
ALGO/USD,2025-12-31,0.11439,0.11439,0.11055,0.11073,50280.82445105
ALGO/USD,2026-01-01,0.11047,0.12022,0.11,0.12022,47377.70383687
ALGO/USD,2026-01-02,0.1204,0.12713,0.11938,0.12713,138632.60046943
ALGO/USD,2026-01-03,0.12713,0.13981,0.12449,0.13554,12610.62721185
ALGO/USD,2026-01-04,0.13458,0.1365,0.13375,0.1365,52759.77387158
ALGO/USD,2026-01-05,0.1365,0.13974,0.13414,0.13969,53762.70019146
ALGO/USD,2026-01-06,0.13969,0.14531,0.13653,0.1422,245858.49807099
ALGO/USD,2026-01-07,0.14028,0.1422,0.13527,0.13539,37180.69346879
ALGO/USD,2026-01-08,0.13613,0.13649,0.12998,0.1327,30970.97475601
ALGO/USD,2026-01-09,0.13404,0.13452,0.13268,0.13332,5686.53944445
ALGO/USD,2026-01-10,0.133,0.1352,0.13163,0.13483,14712.96606516
ALGO/USD,2026-01-11,0.13429,0.13536,0.13321,0.13321,25105.66825974
ALGO/USD,2026-01-12,0.13279,0.13777,0.12811,0.12911,42249.95185825
ALGO/USD,2026-01-13,0.13047,0.14116,0.12959,0.1379,248692.1498975
ALGO/USD,2026-01-14,0.14022,0.14022,0.13608,0.13689,134719.74317561
ALGO/USD,2026-01-15,0.13632,0.13632,0.12711,0.12711,88464.62311499
ALGO/USD,2026-01-16,0.12846,0.13239,0.12512,0.1304,206317.29472945
ALGO/USD,2026-01-17,0.13254,0.13454,0.13211,0.13275,47464.52560766
ALGO/USD,2026-01-18,0.13148,0.13148,0.12312,0.12339,50536.00814096
ALGO/USD,2026-01-19,0.11387,0.12259,0.11387,0.12121,58028.80327162
ALGO/USD,2026-01-20,0.13,0.13,0.11445,0.11445,100739.67334967
ALGO/USD,2026-01-21,0.11522,0.12103,0.11483,0.12008,42284.88279643
ALGO/USD,2026-01-22,0.12011,0.12011,0.1155,0.11775,25482.15161651
ALGO/USD,2026-01-23,0.12104,0.12265,0.1196,0.12256,12850.60859729
ALGO/USD,2026-01-24,0.12032,0.12058,0.11845,0.12058,1582.20906811
ALGO/USD,2026-01-25,0.1175,0.1181,0.11272,0.11489,37647.13527978
ALGO/USD,2026-01-26,0.11759,0.12585,0.11759,0.12387,58987.90094513
ALGO/USD,2026-01-27,0.12316,0.12316,0.1187,0.12086,77432.3670817
ALGO/USD,2026-01-28,0.12246,0.12562,0.1197,0.12562,182963.43323274
ALGO/USD,2026-01-29,0.1258,0.12747,0.1131,0.11396,99162.62443943
ALGO/USD,2026-01-30,0.111,0.1135,0.10979,0.1135,96421.64111367
ALGO/USD,2026-01-31,0.112,0.11218,0.09533,0.10256,187283.06763717
ALGO/USD,2026-02-01,0.10468,0.10515,0.10063,0.1007,46732.08277228
ALGO/USD,2026-02-02,0.10191,0.10693,0.09959,0.10482,72046.51992205
ALGO/USD,2026-02-03,0.10467,0.11002,0.10082,0.10629,299672.51456253
ALGO/USD,2026-02-04,0.10601,0.10911,0.1012,0.1028,521000.71467027
ALGO/USD,2026-02-05,0.10258,0.10522,0.08825,0.08903,196916.43037511
ALGO/USD,2026-02-06,0.08742,0.10317,0.082,0.10017,76582.71026605
ALGO/USD,2026-02-07,0.09993,0.09993,0.09631,0.09868,13884.56245189
ALGO/USD,2026-02-08,0.09788,0.09854,0.09607,0.09607,4450.03180988
ALGO/USD,2026-02-09,0.09689,0.09696,0.09384,0.09625,70287.00768781
ALGO/USD,2026-02-10,0.09552,0.09552,0.09114,0.09195,245252.97181992
ALGO/USD,2026-02-11,0.09141,0.09232,0.08825,0.08919,458416.35166081
ALGO/USD,2026-02-12,0.09024,0.09187,0.08939,0.09034,110017.04117773
ALGO/USD,2026-02-13,0.09155,0.09509,0.09076,0.09509,79968.39022978
ALGO/USD,2026-02-14,0.09626,0.10066,0.09626,0.10045,113388.89926755
ALGO/USD,2026-02-15,0.09888,0.10058,0.09459,0.09599,96885.71086563
ALGO/USD,2026-02-16,0.09566,0.09669,0.09379,0.09479,33639.47062109
ALGO/USD,2026-02-17,0.09435,0.09435,0.09274,0.09295,62656.36438478
ALGO/USD,2026-02-18,0.09346,0.09414,0.09058,0.09063,64081.05872356
ALGO/USD,2026-02-19,0.0912,0.09174,0.08738,0.08872,114231.76847133
ALGO/USD,2026-02-20,0.08956,0.09536,0.08823,0.09107,139275.01115395
ALGO/USD,2026-02-21,0.09047,0.09091,0.08972,0.09059,71739.90752577
ALGO/USD,2026-02-22,0.08878,0.08894,0.08622,0.08715,47804.99142212
ALGO/USD,2026-02-23,0.08555,0.0872,0.08297,0.08407,186977.15773429
ALGO/USD,2026-02-24,0.08401,0.08461,0.083,0.08461,33507.89748169
ALGO/USD,2026-02-25,0.08385,0.09471,0.08385,0.09059,202852.88045436
ALGO/USD,2026-02-26,0.09026,0.09081,0.08821,0.0883,123042.90206748
ALGO/USD,2026-02-27,0.08806,0.08952,0.08613,0.08613,79094.358398
ALGO/USD,2026-02-28,0.08665,0.08761,0.08215,0.08761,357473.37331175
ALGO/USD,2026-03-01,0.08703,0.08993,0.08438,0.08564,124957.44829139
ALGO/USD,2026-03-02,0.08642,0.08981,0.0857,0.08826,53281.72868636
ALGO/USD,2026-03-03,0.0864,0.08738,0.085,0.08643,64304.07282319
ALGO/USD,2026-03-04,0.08588,0.09008,0.0856,0.08966,130144.16399313
ALGO/USD,2026-03-05,0.08863,0.08926,0.08623,0.08816,34260.77304393
ALGO/USD,2026-03-06,0.08771,0.08772,0.08413,0.08413,50854.31021393
ALGO/USD,2026-03-07,0.08463,0.09345,0.08301,0.08301,78489.01163075
ALGO/USD,2026-03-08,0.08268,0.0833,0.08153,0.08172,205113.64793214
ALGO/USD,2026-03-09,0.08249,0.0843,0.08249,0.08314,136442.41038869
ALGO/USD,2026-03-10,0.08349,0.08957,0.08349,0.08559,394345.31973405
ALGO/USD,2026-03-11,0.08549,0.08739,0.08437,0.08668,142730.89203772
ALGO/USD,2026-03-12,0.08639,0.08923,0.08485,0.08913,98549.36145086
ALGO/USD,2026-03-13,0.09039,0.09682,0.09036,0.09305,425381.1627537
ALGO/USD,2026-03-14,0.09442,0.09712,0.09052,0.09052,65458.01470944
ALGO/USD,2026-03-15,0.09001,0.09882,0.08994,0.09285,135465.19302697
ALGO/USD,2026-03-16,0.09357,0.09748,0.09357,0.09729,94824.60521681
ALGO/USD,2026-03-17,0.09745,0.09745,0.09423,0.09453,69508.54024939
ALGO/USD,2026-03-18,0.09531,0.09676,0.08945,0.09033,36366.60200918
ALGO/USD,2026-03-19,0.0909,0.09455,0.08719,0.08889,62313.80501878
ALGO/USD,2026-03-20,0.08978,0.0966,0.08915,0.08922,71563.75601212
ALGO/USD,2026-03-21,0.09,0.09006,0.08717,0.08717,38269.53604842
ALGO/USD,2026-03-22,0.08652,0.08763,0.08595,0.08606,80483.99241495
ALGO/USD,2026-03-23,0.08613,0.08882,0.08463,0.08712,182557.77294943
ALGO/USD,2026-03-24,0.08747,0.08851,0.08559,0.08717,78806.85648
ALGO/USD,2026-03-25,0.08756,0.08818,0.08656,0.08718,48889.23950459
ALGO/USD,2026-03-26,0.08822,0.08822,0.08352,0.08416,493749.87963194
ALGO/USD,2026-03-27,0.0848,0.0848,0.0809,0.08149,213467.53324106
ALGO/USD,2026-03-28,0.08138,0.08302,0.08138,0.0821,93133.44966938
ALGO/USD,2026-03-29,0.08131,0.08207,0.08,0.08106,508474.67022941
ALGO/USD,2026-03-30,0.08177,0.08409,0.08177,0.08296,81583.80858419
ALGO/USD,2026-03-31,0.08313,0.09423,0.08313,0.09276,71190.74078529
ALGO/USD,2026-04-01,0.09481,0.11,0.09481,0.10266,217888.11067597
ALGO/USD,2026-04-02,0.10075,0.10951,0.09909,0.107,492817.69712406
ALGO/USD,2026-04-03,0.1068,0.12592,0.1068,0.12087,412254.71421509
ALGO/USD,2026-04-04,0.12216,0.12515,0.11858,0.12,417828.0400298
ALGO/USD,2026-04-05,0.117,0.12355,0.11433,0.12355,168075.54791021
ALGO/USD,2026-04-06,0.11901,0.12538,0.119,0.119,46023.03999482
ALGO/USD,2026-04-07,0.11829,0.11829,0.11121,0.11694,93111.17064706
ALGO/USD,2026-04-08,0.11693,0.12462,0.11459,0.11486,163176.08627481
ALGO/USD,2026-04-09,0.11276,0.1292,0.1096,0.11417,132963.89818006
ALGO/USD,2026-04-10,0.11225,0.12984,0.1098,0.11,201121.01123464
ALGO/USD,2026-04-11,0.11,0.12,0.10701,0.11,17148.35282277
ALGO/USD,2026-04-12,0.10561,0.10581,0.10251,0.1032,74935.46342967
ALGO/USD,2026-04-13,0.10179,0.10713,0.10178,0.10713,123553.62692769
ALGO/USD,2026-04-14,0.11,0.11451,0.10701,0.10776,71310.57579598
ALGO/USD,2026-04-15,0.11107,0.11436,0.11105,0.11328,152862.67845232
ALGO/USD,2026-04-16,0.11249,0.11507,0.11075,0.11469,94781.27430745
ALGO/USD,2026-04-17,0.11481,0.12153,0.11058,0.1109,68755.1462027
ALGO/USD,2026-04-18,0.11126,0.1181,0.10754,0.10829,165081.30220761
ALGO/USD,2026-04-19,0.10633,0.10705,0.1018,0.1018,37055.69348971
ALGO/USD,2026-04-20,0.10237,0.10644,0.10116,0.10415,54487.88533007
ALGO/USD,2026-04-21,0.10418,0.11605,0.10197,0.10197,63179.47782449
ALGO/USD,2026-04-22,0.10283,0.10625,0.10283,0.10318,82306.30675369
ALGO/USD,2026-04-23,0.10196,0.10453,0.10107,0.10453,86135.5861581
ALGO/USD,2026-04-24,0.1063,0.1106,0.10598,0.10932,36225.56015601
ALGO/USD,2026-04-25,0.11155,0.11913,0.11155,0.11582,88884.12836767
ALGO/USD,2026-04-26,0.11558,0.1204,0.11558,0.11889,23173.12462886
ALGO/USD,2026-04-27,0.1186,0.11876,0.11499,0.11685,147470.3855017
ALGO/USD,2026-04-28,0.11654,0.11694,0.11094,0.1138,121357.34690191
ALGO/USD,2026-04-29,0.11186,0.1134,0.10885,0.11031,173910.04493748
ALGO/USD,2026-04-30,0.11144,0.11185,0.11008,0.11095,83884.690093
ALGO/USD,2026-05-01,0.11046,0.1105,0.10749,0.10852,538414.80500326
ALGO/USD,2026-05-02,0.10664,0.11263,0.10601,0.1118,195272.43457719
ALGO/USD,2026-05-03,0.11326,0.11841,0.11245,0.11454,211422.19892642
ALGO/USD,2026-05-04,0.11298,0.11607,0.11219,0.11261,170465.59243726
ALGO/USD,2026-05-05,0.11401,0.12165,0.11401,0.12064,227760.76834366
ALGO/USD,2026-05-06,0.11852,0.12946,0.11852,0.11941,163250.49037568
ALGO/USD,2026-05-07,0.11964,0.13,0.11909,0.12889,167106.90293643
ALGO/USD,2026-05-08,0.12657,0.13806,0.1255,0.13332,278489.29472555
ALGO/USD,2026-05-09,0.1355,0.13551,0.12852,0.12852,83841.53978519
ALGO/USD,2026-05-10,0.1283,0.13838,0.12614,0.12907,144799.96233188
ALGO/USD,2026-05-11,0.12878,0.12878,0.1219,0.12318,159168.1148419
ALGO/USD,2026-05-12,0.12099,0.12686,0.12,0.12216,314811.6718961
ALGO/USD,2026-05-13,0.1221,0.12534,0.11672,0.11775,99691.27095452
ALGO/USD,2026-05-14,0.11932,0.12135,0.11643,0.11993,340513.11115954
ALGO/USD,2026-05-15,0.11943,0.11943,0.11237,0.11288,111970.51955849
ALGO/USD,2026-05-16,0.11429,0.11429,0.10934,0.11148,107837.28539796
ALGO/USD,2026-05-17,0.11042,0.11046,0.1075,0.1075,125647.37394862
ALGO/USD,2026-05-18,0.10733,0.109,0.10524,0.109,116148.40419383
ALGO/USD,2026-05-19,0.10885,0.11442,0.10705,0.11244,288580.4689792
ALGO/USD,2026-05-20,0.11356,0.12163,0.11356,0.11732,367072.27027046
ALGO/USD,2026-05-21,0.1172,0.11836,0.11359,0.11445,30345.92164745
ALGO/USD,2026-05-22,0.1138,0.11956,0.11223,0.11223,68160.25341059
ALGO/USD,2026-05-23,0.11173,0.11475,0.10936,0.11475,55332.57912752
ALGO/USD,2026-05-24,0.1132,0.1135,0.11089,0.11089,56714.36759228
ALGO/USD,2026-05-25,0.11387,0.11501,0.11195,0.11253,113432.03859777
ALGO/USD,2026-05-26,0.11255,0.11359,0.10816,0.10816,111175.17443722
ALGO/USD,2026-05-27,0.10952,0.10952,0.10619,0.10623,113700.38978768
ALGO/USD,2026-05-28,0.10636,0.1155,0.10387,0.1155,578204.07488989
ALGO/USD,2026-05-29,0.11563,0.12005,0.1128,0.11915,286845.01893626
AAVE/USD,2025-01-15,296.01,324.09,286.29,320.49,718.13187652
AAVE/USD,2025-01-16,318.66,320.05,305.27,311.23,912.19445278
AAVE/USD,2025-01-17,311.8,336.09,311.8,336.09,869.75607574
AAVE/USD,2025-01-18,334.41,341.29,306.8,316.71,769.67762562
AAVE/USD,2025-01-19,315.2,347.82,292.47,309.1,3849.22239092
AAVE/USD,2025-01-20,306.26,364.04,296.58,338.03,5705.24128465
AAVE/USD,2025-01-21,338.42,378.4,328.37,370.56,4643.55242465
AAVE/USD,2025-01-22,369.55,370.03,345.56,347.25,1490.16579172
AAVE/USD,2025-01-23,348.52,349.6,324.95,337.67,1998.88034857
AAVE/USD,2025-01-24,340.16,357.86,328.95,334.96,1652.28126743
AAVE/USD,2025-01-25,334.61,338.04,325.82,325.82,594.45641781
AAVE/USD,2025-01-26,328.35,335.87,316.02,316.21,1091.76102404
AAVE/USD,2025-01-27,314.82,320.0,287.95,301.8,2353.48950124
AAVE/USD,2025-01-28,304.74,307.19,280.99,281.91,1943.74903767
AAVE/USD,2025-01-29,284.62,300.79,282.18,291.21,3993.50122568
AAVE/USD,2025-01-30,290.18,321.92,287.68,315.76,2163.00791874
AAVE/USD,2025-01-31,317.04,348.21,313.14,332.55,2815.08339881
AAVE/USD,2025-02-01,332.76,332.76,295.0,298.25,524.30354812
AAVE/USD,2025-02-02,295.51,304.5,246.86,258.55,3083.18631177
AAVE/USD,2025-02-03,258.09,285.0,192.83,276.35,3601.21212587
AAVE/USD,2025-02-04,276.44,278.03,249.7,272.14,1785.90348594
AAVE/USD,2025-02-05,272.6,283.49,256.6,259.23,1563.83562297
AAVE/USD,2025-02-06,259.34,265.98,239.49,241.78,2638.16533009
AAVE/USD,2025-02-07,242.44,261.3,231.44,238.38,1306.91467634
AAVE/USD,2025-02-08,237.67,241.02,231.51,239.69,517.48567033
AAVE/USD,2025-02-09,239.46,252.0,229.57,239.16,472.75341689
AAVE/USD,2025-02-10,245.79,256.53,235.99,249.94,790.03433834
AAVE/USD,2025-02-11,254.16,261.72,242.51,243.87,1214.91895685
AAVE/USD,2025-02-12,243.73,260.17,233.27,252.68,2341.57857357
AAVE/USD,2025-02-13,252.91,257.94,246.93,255.87,5402.69775389
AAVE/USD,2025-02-14,254.64,269.79,253.43,262.6,3584.87856016
AAVE/USD,2025-02-15,260.42,263.46,250.0,253.72,5679.70173411
AAVE/USD,2025-02-16,253.24,258.67,250.16,254.09,5429.27413311
AAVE/USD,2025-02-17,254.9,278.58,250.0,264.71,8132.85464173
AAVE/USD,2025-02-18,261.57,263.24,241.63,249.16,12251.63044912
AAVE/USD,2025-02-19,248.84,257.91,248.41,253.14,2219.48705863
AAVE/USD,2025-02-20,252.77,263.33,252.54,261.83,2059.05714282
AAVE/USD,2025-02-21,261.52,268.53,238.33,242.84,4687.30251111
AAVE/USD,2025-02-22,242.84,252.0,239.59,247.25,6490.64162266
AAVE/USD,2025-02-23,246.8,254.02,244.0,246.63,493.93921081
AAVE/USD,2025-02-24,248.4,248.4,206.7,210.61,5245.04625522
AAVE/USD,2025-02-25,211.65,213.3,189.73,204.93,3011.92006992
AAVE/USD,2025-02-26,205.0,211.47,192.87,202.46,6812.70037065
AAVE/USD,2025-02-27,202.58,209.6,196.38,203.68,755.7484695
AAVE/USD,2025-02-28,203.81,204.0,178.28,192.38,994.79712754
AAVE/USD,2025-03-01,192.1,196.94,183.73,195.01,1367.43075927
AAVE/USD,2025-03-02,194.86,226.94,190.49,223.65,2619.41907156
AAVE/USD,2025-03-03,224.22,224.22,177.83,181.6,2042.83297832
AAVE/USD,2025-03-04,181.78,216.71,167.89,205.84,2091.26187459
AAVE/USD,2025-03-05,207.88,225.99,204.78,221.98,1784.26668707
AAVE/USD,2025-03-06,223.83,239.33,208.43,208.46,2450.36507397
AAVE/USD,2025-03-07,208.34,211.57,196.24,196.67,1782.31215311
AAVE/USD,2025-03-08,196.79,198.7,185.81,195.79,3085.68324812
AAVE/USD,2025-03-09,195.61,198.51,176.36,178.1,2150.29519131
AAVE/USD,2025-03-10,179.47,201.14,176.07,181.05,1353.8608885
AAVE/USD,2025-03-11,179.43,185.51,166.79,181.45,1598.32384505
AAVE/USD,2025-03-12,182.07,182.53,164.27,174.49,800.76075295
AAVE/USD,2025-03-13,175.2,175.73,160.26,164.45,824.33401945
AAVE/USD,2025-03-14,162.67,176.79,162.43,173.49,898.89659346
AAVE/USD,2025-03-15,174.17,176.68,171.84,172.95,193.72936591
AAVE/USD,2025-03-16,172.56,173.89,163.0,163.61,1024.80912786
AAVE/USD,2025-03-17,164.82,176.63,164.78,175.56,245.57907201
AAVE/USD,2025-03-18,174.27,174.27,164.95,169.58,348.1963667
AAVE/USD,2025-03-19,170.62,184.35,169.91,183.03,1465.59713764
AAVE/USD,2025-03-20,182.5,182.9,172.01,177.43,1410.01923319
AAVE/USD,2025-03-21,178.65,182.26,174.07,178.77,1090.88019874
AAVE/USD,2025-03-22,179.54,183.06,178.98,180.13,148.19360156
AAVE/USD,2025-03-23,180.97,186.28,180.08,184.79,469.10445282
AAVE/USD,2025-03-24,184.0,194.4,182.12,189.68,1796.72663265
AAVE/USD,2025-03-25,187.91,190.79,186.07,186.07,1233.8429722
AAVE/USD,2025-03-26,186.8,190.16,175.78,176.9,938.95188502
AAVE/USD,2025-03-27,177.56,185.62,177.56,184.69,765.12330223
AAVE/USD,2025-03-28,184.52,186.6,168.67,175.48,1432.72857457
AAVE/USD,2025-03-29,175.7,180.32,166.01,167.52,657.86316222
AAVE/USD,2025-03-30,168.15,169.42,161.42,163.21,1849.69350661
AAVE/USD,2025-03-31,163.61,164.06,152.3,159.8,1244.22438804
AAVE/USD,2025-04-01,159.65,170.81,159.21,167.09,971.49757967
AAVE/USD,2025-04-02,163.92,168.56,150.0,150.09,426.20840109
AAVE/USD,2025-04-03,150.15,154.0,146.46,150.74,294.62138249
AAVE/USD,2025-04-04,151.11,153.64,144.94,151.48,270.09472493
AAVE/USD,2025-04-05,153.93,155.25,149.54,152.82,237.18679294
AAVE/USD,2025-04-06,152.25,152.25,127.4,129.68,450.5914057
AAVE/USD,2025-04-07,128.68,136.0,115.06,132.05,2030.72798883
AAVE/USD,2025-04-08,131.9,135.97,123.53,125.2,2079.75241989
AAVE/USD,2025-04-09,124.61,144.61,119.92,143.48,923.07951775
AAVE/USD,2025-04-10,143.01,143.01,128.36,132.05,829.67447145
AAVE/USD,2025-04-11,131.91,139.08,131.91,137.31,236.84193722
AAVE/USD,2025-04-12,135.96,149.98,134.1,147.89,623.05543816
AAVE/USD,2025-04-13,147.9,147.92,138.02,138.71,307.2283199
AAVE/USD,2025-04-14,140.79,147.1,136.97,137.25,445.54966501
AAVE/USD,2025-04-15,137.58,141.73,133.61,134.12,141.70700006
AAVE/USD,2025-04-16,133.89,136.52,130.78,134.59,258.71984899
AAVE/USD,2025-04-17,134.88,141.41,134.88,139.22,147.66361957
AAVE/USD,2025-04-18,138.29,140.77,137.84,139.24,175.79597108
AAVE/USD,2025-04-19,138.11,142.26,138.11,142.03,103.67533056
AAVE/USD,2025-04-20,141.78,143.16,137.13,140.82,115.23840076
AAVE/USD,2025-04-21,141.98,146.0,139.71,142.37,235.42162243
AAVE/USD,2025-04-22,143.0,158.2,140.87,158.2,476.29373753
AAVE/USD,2025-04-23,159.13,168.82,158.13,168.02,647.16320385
AAVE/USD,2025-04-24,168.09,170.26,159.59,167.86,753.03052364
AAVE/USD,2025-04-25,167.3,170.65,163.48,166.62,244.05818959
AAVE/USD,2025-04-26,169.49,172.98,165.01,172.94,138.56601843
AAVE/USD,2025-04-27,173.46,178.27,166.23,167.15,106.51137385
AAVE/USD,2025-04-28,166.82,174.94,162.43,167.04,1309.05651158
AAVE/USD,2025-04-29,166.08,170.73,164.04,164.04,264.39527777
AAVE/USD,2025-04-30,165.58,166.8,155.77,164.63,617.63367259
AAVE/USD,2025-05-01,165.16,179.38,164.79,173.19,630.14199275
AAVE/USD,2025-05-02,173.11,179.08,171.11,174.73,3458.9155246
AAVE/USD,2025-05-03,174.57,180.99,170.26,178.21,2871.8257224
AAVE/USD,2025-05-04,177.12,178.24,171.71,172.23,127.5954691
AAVE/USD,2025-05-05,173.0,180.91,169.64,176.79,734.1871871
AAVE/USD,2025-05-06,177.93,179.03,163.47,178.0,3047.63777723
AAVE/USD,2025-05-07,178.0,179.62,167.35,171.83,3725.18501752
AAVE/USD,2025-05-08,172.43,207.32,172.33,205.32,2986.19631479
AAVE/USD,2025-05-09,206.34,219.69,202.92,210.63,793.64392285
AAVE/USD,2025-05-10,211.65,230.0,210.15,228.98,1615.24790046
AAVE/USD,2025-05-11,229.53,229.53,215.08,220.52,323.65186867
AAVE/USD,2025-05-12,221.85,228.9,212.38,221.38,1661.92523693
AAVE/USD,2025-05-13,220.11,237.67,211.45,235.21,830.53715882
AAVE/USD,2025-05-14,236.12,239.07,224.51,229.53,1323.53503316
AAVE/USD,2025-05-15,229.96,235.19,217.76,223.5,573.80716535
AAVE/USD,2025-05-16,225.78,245.0,221.97,232.22,835.64233783
AAVE/USD,2025-05-17,231.09,231.09,220.0,220.0,277.08542223
AAVE/USD,2025-05-18,222.28,244.04,219.42,231.97,844.63065036
AAVE/USD,2025-05-19,233.45,249.57,214.29,247.51,1087.10673224
AAVE/USD,2025-05-20,250.0,270.14,247.03,258.81,1117.15023356
AAVE/USD,2025-05-21,258.38,262.03,243.71,248.55,973.76830162
AAVE/USD,2025-05-22,247.29,259.82,247.29,257.34,1184.17283171
AAVE/USD,2025-05-23,257.15,263.8,240.0,256.58,2269.5810429
AAVE/USD,2025-05-24,255.99,275.92,252.74,261.63,931.53792225
AAVE/USD,2025-05-25,263.01,270.37,257.74,266.94,257.19422974
AAVE/USD,2025-05-26,269.45,276.16,260.23,267.14,873.43259896
AAVE/USD,2025-05-27,264.85,282.46,264.27,271.72,1092.00047998
AAVE/USD,2025-05-28,270.53,274.75,260.91,264.26,2031.1571278
AAVE/USD,2025-05-29,263.63,274.24,249.31,250.4,1811.73361387
AAVE/USD,2025-05-30,250.48,256.13,240.33,251.93,1544.48580347
AAVE/USD,2025-05-31,251.24,254.54,242.52,247.34,545.45097598
AAVE/USD,2025-06-01,243.7,253.86,237.89,246.45,1277.21827992
AAVE/USD,2025-06-02,246.05,258.06,239.28,257.09,1591.205209
AAVE/USD,2025-06-03,257.44,272.73,255.45,266.35,2042.75147902
AAVE/USD,2025-06-04,266.58,275.53,263.31,264.61,886.16144175
AAVE/USD,2025-06-05,265.05,267.07,240.28,242.79,3095.62042284
AAVE/USD,2025-06-06,241.29,255.29,230.0,251.36,705.26097521
AAVE/USD,2025-06-07,249.78,260.27,249.78,258.52,249.14636267
AAVE/USD,2025-06-08,256.67,257.08,252.49,253.6,228.74045652
AAVE/USD,2025-06-09,251.85,285.0,251.22,283.22,1575.36624921
AAVE/USD,2025-06-10,285.18,317.95,284.03,308.16,3313.88681566
AAVE/USD,2025-06-11,306.59,325.0,301.05,304.54,987.18407787
AAVE/USD,2025-06-12,301.78,308.91,288.48,294.85,2219.43285944
AAVE/USD,2025-06-13,292.65,292.65,263.47,290.1,1623.53839397
AAVE/USD,2025-06-14,288.46,290.41,268.51,277.3,521.70308404
AAVE/USD,2025-06-15,275.8,277.77,267.28,274.89,185.78067129
AAVE/USD,2025-06-16,273.34,293.9,272.73,275.0,1140.45981752
AAVE/USD,2025-06-17,273.98,282.98,262.26,268.27,730.49637699
AAVE/USD,2025-06-18,267.27,269.91,255.55,259.37,1956.64096888
AAVE/USD,2025-06-19,259.95,266.43,249.23,255.74,1938.58038139
AAVE/USD,2025-06-20,255.13,264.68,242.05,247.39,2124.83985572
AAVE/USD,2025-06-21,247.0,250.0,227.54,234.05,1012.52837859
AAVE/USD,2025-06-22,235.61,238.37,214.04,227.36,3663.96247378
AAVE/USD,2025-06-23,227.7,258.14,222.72,257.46,3071.272249
AAVE/USD,2025-06-24,257.14,269.07,254.23,263.91,2130.83542886
AAVE/USD,2025-06-25,262.88,270.89,254.53,255.23,1805.21577506
AAVE/USD,2025-06-26,255.99,263.82,249.57,251.42,2043.64833064
AAVE/USD,2025-06-27,250.83,266.78,249.29,259.58,1704.42608583
AAVE/USD,2025-06-28,259.74,261.52,253.41,261.52,325.72312016
AAVE/USD,2025-06-29,260.42,280.77,257.19,278.78,1628.82740345
AAVE/USD,2025-06-30,278.85,284.22,268.94,274.38,2665.13378029
AAVE/USD,2025-07-01,276.58,277.43,259.78,260.29,509.42263846
AAVE/USD,2025-07-02,259.94,283.0,258.14,276.26,685.76261554
AAVE/USD,2025-07-03,276.53,284.83,273.41,279.36,622.99566654
AAVE/USD,2025-07-04,279.99,282.53,259.05,266.23,713.99003689
AAVE/USD,2025-07-05,266.18,276.68,265.41,273.41,234.66195312
AAVE/USD,2025-07-06,272.45,291.49,270.27,287.02,656.16698818
AAVE/USD,2025-07-07,287.33,290.55,277.93,282.39,851.51878918
AAVE/USD,2025-07-08,283.57,294.75,277.64,293.27,1305.62922431
AAVE/USD,2025-07-09,292.3,306.8,291.36,302.29,2043.23213663
AAVE/USD,2025-07-10,302.44,315.38,292.88,308.96,2417.21370454
AAVE/USD,2025-07-11,308.64,317.83,295.11,297.73,1469.08487709
AAVE/USD,2025-07-12,297.4,305.24,292.9,302.55,842.22968026
AAVE/USD,2025-07-13,301.21,317.58,300.97,306.76,1232.75372302
AAVE/USD,2025-07-14,305.53,331.58,305.53,314.7,1587.61612483
AAVE/USD,2025-07-15,314.27,331.21,305.45,325.87,2777.01108203
AAVE/USD,2025-07-16,327.11,334.76,322.04,323.45,1063.71798586
AAVE/USD,2025-07-17,323.45,331.84,312.64,321.59,2436.1373302
AAVE/USD,2025-07-18,321.98,338.24,313.21,324.38,4652.84990074
AAVE/USD,2025-07-19,325.15,325.15,312.26,317.3,765.97624954
AAVE/USD,2025-07-20,319.27,334.88,319.19,324.63,1734.2488328
AAVE/USD,2025-07-21,323.5,334.63,318.55,323.28,1182.48495616
AAVE/USD,2025-07-22,321.82,323.95,301.2,310.73,1551.75838697
AAVE/USD,2025-07-23,309.2,311.24,283.37,290.01,1464.49016128
AAVE/USD,2025-07-24,291.11,294.8,277.28,286.03,1678.26491715
AAVE/USD,2025-07-25,286.17,294.91,281.07,293.56,382.41061073
AAVE/USD,2025-07-26,294.78,299.42,293.71,294.82,282.23700442
AAVE/USD,2025-07-27,294.53,305.0,294.31,304.89,310.74724788
AAVE/USD,2025-07-28,304.19,308.86,285.97,288.05,641.57851986
AAVE/USD,2025-07-29,290.74,295.31,279.32,282.39,2344.73775053
AAVE/USD,2025-07-30,282.38,284.53,264.22,274.23,1272.3068008
AAVE/USD,2025-07-31,273.95,280.01,260.24,260.98,2804.44702966
AAVE/USD,2025-08-01,261.17,262.62,249.47,255.34,3539.44781901
AAVE/USD,2025-08-02,255.19,257.73,244.43,249.37,1328.24629046
AAVE/USD,2025-08-03,249.28,260.45,246.67,259.97,879.06050356
AAVE/USD,2025-08-04,259.7,270.97,259.7,268.54,873.87141102
AAVE/USD,2025-08-05,267.14,267.14,250.58,255.49,1156.83787861
AAVE/USD,2025-08-06,255.36,263.95,251.4,262.42,3584.15264073
AAVE/USD,2025-08-07,263.91,286.22,262.96,285.41,698.2859061
AAVE/USD,2025-08-08,284.11,294.91,279.49,290.88,1596.30711962
AAVE/USD,2025-08-09,291.78,311.08,290.34,308.34,1384.27252198
AAVE/USD,2025-08-10,307.97,310.84,298.53,308.28,702.18286211
AAVE/USD,2025-08-11,307.31,312.48,291.32,293.27,2223.39556931
AAVE/USD,2025-08-12,293.25,323.71,292.59,322.4,1598.25319756
AAVE/USD,2025-08-13,322.15,335.39,316.98,333.4,2230.27538072
AAVE/USD,2025-08-14,331.9,340.27,304.32,315.01,1689.98914077
AAVE/USD,2025-08-15,312.65,316.31,293.99,300.42,822.56841196
AAVE/USD,2025-08-16,300.57,301.39,290.58,296.77,433.7597071
AAVE/USD,2025-08-17,294.66,310.28,294.64,303.71,214.62799889
AAVE/USD,2025-08-18,302.96,303.71,285.44,291.28,622.00893555
AAVE/USD,2025-08-19,287.5,291.8,275.82,276.97,1478.12423541
AAVE/USD,2025-08-20,278.91,299.04,276.92,299.04,840.94549955
AAVE/USD,2025-08-21,297.63,304.59,294.44,300.3,915.37986029
AAVE/USD,2025-08-22,300.07,346.24,294.34,343.73,1997.91049303
AAVE/USD,2025-08-23,346.18,385.0,340.09,356.72,3283.27122726
AAVE/USD,2025-08-24,357.35,359.5,343.78,348.67,1871.62056245
AAVE/USD,2025-08-25,348.79,350.0,310.56,318.24,1422.40221654
AAVE/USD,2025-08-26,318.85,338.81,314.6,336.45,2517.35867196
AAVE/USD,2025-08-27,333.5,334.26,319.59,320.4,1075.90317739
AAVE/USD,2025-08-28,320.51,328.22,312.98,317.09,1157.05733447
AAVE/USD,2025-08-29,317.75,320.26,304.19,318.99,2323.1111547
AAVE/USD,2025-08-30,318.92,319.31,310.48,319.31,1085.91357899
AAVE/USD,2025-08-31,321.41,324.03,315.37,315.37,333.07705761
AAVE/USD,2025-09-01,315.34,318.42,299.69,302.87,1369.57940716
AAVE/USD,2025-09-02,304.95,318.14,304.04,315.75,937.99209767
AAVE/USD,2025-09-03,315.85,328.83,313.28,328.11,1004.50830609
AAVE/USD,2025-09-04,328.04,331.22,306.55,307.16,1854.84547598
AAVE/USD,2025-09-05,306.49,313.29,298.66,302.25,707.37564636
AAVE/USD,2025-09-06,303.28,304.5,297.84,298.48,165.06854508
AAVE/USD,2025-09-07,299.1,304.05,298.2,301.46,302.08999369
AAVE/USD,2025-09-08,301.84,308.0,298.76,302.81,444.51597181
AAVE/USD,2025-09-09,303.81,309.96,295.07,297.97,831.56042401
AAVE/USD,2025-09-10,297.98,305.7,295.81,300.24,1864.50364812
AAVE/USD,2025-09-11,300.12,310.11,299.64,309.77,2347.91808308
AAVE/USD,2025-09-12,309.71,321.88,308.32,321.66,861.74838801
AAVE/USD,2025-09-13,321.22,321.22,310.91,313.89,777.75246245
AAVE/USD,2025-09-14,315.37,315.5,303.12,306.18,395.21502352
AAVE/USD,2025-09-15,306.08,310.09,295.67,299.15,461.13149231
AAVE/USD,2025-09-16,298.92,301.81,289.78,299.02,1560.48032869
AAVE/USD,2025-09-17,298.76,308.5,291.05,306.17,2686.19334763
AAVE/USD,2025-09-18,306.2,312.47,304.48,309.4,412.51518973
AAVE/USD,2025-09-19,309.42,312.06,297.0,299.16,1338.12848838
AAVE/USD,2025-09-20,299.68,300.29,295.21,297.18,631.71484097
AAVE/USD,2025-09-21,297.34,299.0,293.55,294.5,127.10404395
AAVE/USD,2025-09-22,293.0,293.0,252.41,270.56,3383.36438898
AAVE/USD,2025-09-23,271.21,280.19,263.49,274.89,2221.8570905
AAVE/USD,2025-09-24,275.02,280.74,268.79,278.05,2963.12619286
AAVE/USD,2025-09-25,278.14,279.36,256.27,260.25,2871.48501278
AAVE/USD,2025-09-26,260.25,272.84,256.71,271.06,2901.10169951
AAVE/USD,2025-09-27,271.02,272.33,265.76,266.61,1243.80579105
AAVE/USD,2025-09-28,266.88,277.16,261.43,275.22,1107.83376386
AAVE/USD,2025-09-29,275.21,280.25,269.23,277.19,1825.55581687
AAVE/USD,2025-09-30,277.18,278.98,266.48,274.67,1376.68220621
AAVE/USD,2025-10-01,272.9,288.0,270.09,287.05,2924.09654604
AAVE/USD,2025-10-02,287.21,294.42,279.41,288.28,1760.01126084
AAVE/USD,2025-10-03,288.95,299.71,284.33,290.89,2318.27921493
AAVE/USD,2025-10-04,290.38,290.99,280.5,283.37,568.45697665
AAVE/USD,2025-10-05,283.09,296.05,281.45,285.93,1069.03855799
AAVE/USD,2025-10-06,285.7,301.5,283.1,297.42,1382.9962113
AAVE/USD,2025-10-07,297.09,298.23,275.96,276.72,2260.27834798
AAVE/USD,2025-10-08,276.75,287.09,274.76,285.42,1762.87205165
AAVE/USD,2025-10-09,285.51,286.44,268.87,273.73,2377.2474676
AAVE/USD,2025-10-10,274.09,279.72,174.57,225.38,3352.57095966
AAVE/USD,2025-10-11,225.26,244.33,217.79,234.71,4079.54939809
AAVE/USD,2025-10-12,234.71,256.17,225.61,251.22,2254.3076706
AAVE/USD,2025-10-13,251.13,263.13,245.81,261.33,1330.94077972
AAVE/USD,2025-10-14,261.69,263.79,238.66,255.78,1715.09903187
AAVE/USD,2025-10-15,255.31,262.54,237.12,242.44,4522.88816956
AAVE/USD,2025-10-16,241.18,245.68,222.6,223.4,5403.74330191
AAVE/USD,2025-10-17,223.43,227.03,200.49,206.32,7412.91166164
AAVE/USD,2025-10-18,206.08,217.0,205.65,214.48,4258.40469685
AAVE/USD,2025-10-19,214.35,229.94,212.17,222.54,4549.07094789
AAVE/USD,2025-10-20,221.9,235.18,218.0,229.07,3656.85085965
AAVE/USD,2025-10-21,228.91,236.67,218.41,218.66,3383.93796823
AAVE/USD,2025-10-22,218.66,225.01,208.94,216.52,6923.6877704
AAVE/USD,2025-10-23,216.35,228.13,216.22,224.43,1403.630822
AAVE/USD,2025-10-24,224.59,234.68,223.48,229.28,954.24703949
AAVE/USD,2025-10-25,228.45,228.55,225.46,226.42,333.5506706
AAVE/USD,2025-10-26,225.51,242.94,223.82,240.69,1819.59886144
AAVE/USD,2025-10-27,240.98,248.77,233.49,235.48,2473.56201447
AAVE/USD,2025-10-28,234.98,238.1,225.11,228.77,1313.42825828
AAVE/USD,2025-10-29,228.46,235.31,223.04,227.73,1786.79180842
AAVE/USD,2025-10-30,228.34,231.21,207.6,215.14,2355.81404536
AAVE/USD,2025-10-31,214.81,235.41,213.01,228.36,2837.74963485
AAVE/USD,2025-11-01,229.25,229.25,221.42,222.78,1065.97260571
AAVE/USD,2025-11-02,222.76,236.84,218.52,231.55,2292.80151471
AAVE/USD,2025-11-03,231.66,232.87,195.89,199.66,7150.28294459
AAVE/USD,2025-11-04,198.88,205.69,176.93,188.73,4193.06917931
AAVE/USD,2025-11-05,187.57,205.02,180.88,201.93,1961.02500378
AAVE/USD,2025-11-06,201.15,205.87,193.6,196.87,914.55589886
AAVE/USD,2025-11-07,198.46,212.29,190.04,207.95,1773.53508817
AAVE/USD,2025-11-08,208.92,210.93,198.54,202.52,1955.46634574
AAVE/USD,2025-11-09,202.74,214.55,196.99,212.08,963.29395697
AAVE/USD,2025-11-10,212.4,229.14,211.0,228.3,5906.1203381
AAVE/USD,2025-11-11,229.0,232.15,207.75,208.28,2148.81554827
AAVE/USD,2025-11-12,208.78,219.4,202.85,204.71,1404.57714434
AAVE/USD,2025-11-13,205.83,215.79,191.13,198.39,2265.70578815
AAVE/USD,2025-11-14,198.36,199.73,172.98,174.89,5241.25829598
AAVE/USD,2025-11-15,174.22,182.52,174.22,178.39,1804.75301158
AAVE/USD,2025-11-16,177.94,181.78,168.31,172.88,959.5691315
AAVE/USD,2025-11-17,172.52,181.38,164.96,169.04,3653.18351392
AAVE/USD,2025-11-18,169.11,179.47,165.0,178.22,3235.36452361
AAVE/USD,2025-11-19,177.34,178.93,163.92,174.4,1790.64015992
AAVE/USD,2025-11-20,173.28,179.23,159.5,164.36,2364.73212633
AAVE/USD,2025-11-21,164.54,167.34,147.85,157.44,2969.27029721
AAVE/USD,2025-11-22,157.89,163.3,155.22,161.13,2919.32227141
AAVE/USD,2025-11-23,161.13,171.5,160.37,167.04,1759.51582698
AAVE/USD,2025-11-24,166.5,180.0,165.64,178.43,2412.22542072
AAVE/USD,2025-11-25,177.48,181.13,174.23,178.94,2773.56339589
AAVE/USD,2025-11-26,179.08,188.0,174.79,185.88,3386.44444167
AAVE/USD,2025-11-27,185.51,187.84,181.97,186.08,2754.5660053
AAVE/USD,2025-11-28,185.8,188.96,182.7,185.51,1440.60780074
AAVE/USD,2025-11-29,185.55,186.5,181.61,182.39,457.78448819
AAVE/USD,2025-11-30,182.5,189.92,177.45,177.52,2846.97010477
AAVE/USD,2025-12-01,177.66,178.0,162.36,171.66,5634.85632405
AAVE/USD,2025-12-02,171.2,190.89,167.34,189.78,3304.58136677
AAVE/USD,2025-12-03,190.27,200.7,189.59,198.55,3463.47147626
AAVE/USD,2025-12-04,198.37,198.9,187.54,190.51,2182.31175089
AAVE/USD,2025-12-05,190.77,193.55,181.7,183.26,1256.44361503
AAVE/USD,2025-12-06,183.55,191.27,182.44,186.8,1307.53690553
AAVE/USD,2025-12-07,188.19,194.58,182.15,187.33,1060.24802028
AAVE/USD,2025-12-08,186.31,199.93,186.31,191.53,2002.40054322
AAVE/USD,2025-12-09,191.64,206.17,187.4,202.51,21658.10620039
AAVE/USD,2025-12-10,202.05,207.0,196.43,197.09,1459.04513753
AAVE/USD,2025-12-11,196.81,203.27,187.0,202.53,1463.67687363
AAVE/USD,2025-12-12,202.64,206.93,189.58,191.45,2886.59072425
AAVE/USD,2025-12-13,191.4,202.7,191.4,197.64,876.05358848
AAVE/USD,2025-12-14,197.67,197.97,186.0,188.86,1547.57289651
AAVE/USD,2025-12-15,189.35,196.55,179.41,192.94,2843.30151792
AAVE/USD,2025-12-16,192.84,193.1,183.64,185.54,1436.30113876
AAVE/USD,2025-12-17,185.82,192.62,176.93,179.56,1533.99145365
AAVE/USD,2025-12-18,179.51,185.25,169.53,173.6,2677.22087923
AAVE/USD,2025-12-19,173.34,186.81,171.84,181.48,1943.44302074
AAVE/USD,2025-12-20,181.53,183.06,179.86,179.89,684.79109255
AAVE/USD,2025-12-21,179.44,179.61,156.66,165.18,4851.52506305
AAVE/USD,2025-12-22,164.23,166.0,148.21,150.26,10599.56231816
AAVE/USD,2025-12-23,150.44,155.38,148.05,150.64,3415.29320289
AAVE/USD,2025-12-24,150.85,151.64,146.49,148.36,2487.56963978
AAVE/USD,2025-12-25,148.64,154.36,148.08,149.0,1801.7432923
AAVE/USD,2025-12-26,149.41,157.04,148.45,154.18,2735.93077465
AAVE/USD,2025-12-27,154.13,157.33,153.93,156.93,1557.53939291
AAVE/USD,2025-12-28,157.16,157.16,152.64,153.47,1310.14569521
AAVE/USD,2025-12-29,153.41,158.95,148.58,149.16,2448.47173288
AAVE/USD,2025-12-30,149.42,152.2,148.76,149.39,1442.82963805
AAVE/USD,2025-12-31,149.32,150.62,143.53,145.72,2021.81209205
AAVE/USD,2026-01-01,145.76,149.43,144.97,148.75,1206.12381272
AAVE/USD,2026-01-02,148.95,165.83,147.73,164.91,2824.54662586
AAVE/USD,2026-01-03,165.35,167.63,157.8,162.97,2453.13992541
AAVE/USD,2026-01-04,162.87,166.04,160.79,163.85,1611.3132892
AAVE/USD,2026-01-05,164.24,174.85,155.0,170.9,3350.14367336
AAVE/USD,2026-01-06,171.8,176.89,167.88,176.42,2322.58092863
AAVE/USD,2026-01-07,176.04,176.04,165.77,167.73,1591.25483417
AAVE/USD,2026-01-08,167.45,168.46,161.39,164.25,1179.55338484
AAVE/USD,2026-01-09,164.36,170.12,162.67,165.47,2473.27337369
AAVE/USD,2026-01-10,165.42,167.03,163.3,164.77,789.27809809
AAVE/USD,2026-01-11,164.72,171.34,164.51,167.64,1937.84568524
AAVE/USD,2026-01-12,167.56,171.23,161.05,164.94,2775.23608761
AAVE/USD,2026-01-13,165.21,179.76,164.76,177.51,1891.77244694
AAVE/USD,2026-01-14,177.81,179.94,173.95,178.55,2548.48539983
AAVE/USD,2026-01-15,178.41,178.47,169.34,171.74,4916.39531922
AAVE/USD,2026-01-16,171.66,176.46,168.51,175.25,3572.21138863
AAVE/USD,2026-01-17,175.34,177.19,173.44,173.84,2382.77763676
AAVE/USD,2026-01-18,173.79,177.22,168.73,168.73,2909.16084787
AAVE/USD,2026-01-19,168.61,168.61,159.66,163.9,3892.7137745
AAVE/USD,2026-01-20,163.9,164.29,152.37,152.99,9344.86866202
AAVE/USD,2026-01-21,153.27,163.28,151.9,159.16,12748.77277262
AAVE/USD,2026-01-22,159.38,161.58,155.04,157.1,6111.1318064
AAVE/USD,2026-01-23,156.7,161.08,154.8,156.96,4942.90983832
AAVE/USD,2026-01-24,156.98,157.85,155.12,156.02,2343.34121628
AAVE/USD,2026-01-25,155.98,156.44,145.48,147.59,4995.74878883
AAVE/USD,2026-01-26,147.75,155.01,147.53,154.12,6633.5407184
AAVE/USD,2026-01-27,154.06,159.6,152.77,158.77,5285.35845144
AAVE/USD,2026-01-28,158.8,163.57,156.39,159.97,8152.94821076
AAVE/USD,2026-01-29,160.08,160.08,142.96,147.06,11006.54281221
AAVE/USD,2026-01-30,147.05,147.46,135.14,137.81,20889.90687372
AAVE/USD,2026-01-31,137.63,138.37,115.9,128.83,26927.81872379
AAVE/USD,2026-02-01,128.99,130.23,121.46,124.05,20220.4536648
AAVE/USD,2026-02-02,124.29,130.84,120.33,128.25,26766.2479645
AAVE/USD,2026-02-03,128.41,130.64,120.81,125.0,24346.35154986
AAVE/USD,2026-02-04,125.09,128.55,119.37,123.42,26511.03469577
AAVE/USD,2026-02-05,123.54,125.17,98.68,100.6,57315.36689098
AAVE/USD,2026-02-06,101.1,115.26,92.78,113.98,42790.46336849
AAVE/USD,2026-02-07,113.84,116.22,110.22,114.01,15841.00570458
AAVE/USD,2026-02-08,113.86,114.99,111.21,112.59,4191.48422626
AAVE/USD,2026-02-09,112.44,114.9,108.89,112.56,12558.27600494
AAVE/USD,2026-02-10,112.63,113.09,107.91,109.4,16230.27074435
AAVE/USD,2026-02-11,109.39,113.84,104.69,107.49,27115.75464922
AAVE/USD,2026-02-12,107.52,115.44,105.65,114.87,30158.22179775
AAVE/USD,2026-02-13,114.98,120.41,109.67,118.86,18840.17891707
AAVE/USD,2026-02-14,118.84,130.88,118.43,128.21,19535.3325736
AAVE/USD,2026-02-15,128.0,131.78,122.62,125.69,13351.11979891
AAVE/USD,2026-02-16,125.6,129.15,123.24,126.98,10264.44175029
AAVE/USD,2026-02-17,127.03,130.67,123.88,126.5,12662.20686767
AAVE/USD,2026-02-18,126.61,128.75,120.79,122.93,20527.80099499
AAVE/USD,2026-02-19,122.84,125.03,120.09,124.76,10123.7856682
AAVE/USD,2026-02-20,124.79,126.85,114.76,115.91,19851.79887254
AAVE/USD,2026-02-21,115.75,124.86,114.67,121.55,14348.57815098
AAVE/USD,2026-02-22,121.34,121.49,117.19,117.94,4077.55435675
AAVE/USD,2026-02-23,118.0,119.7,111.32,114.58,13005.04484702
AAVE/USD,2026-02-24,114.76,116.48,111.52,114.42,7385.27045676
AAVE/USD,2026-02-25,114.43,124.18,113.92,119.2,20195.15727767
AAVE/USD,2026-02-26,119.06,120.5,110.79,114.56,15413.23673587
AAVE/USD,2026-02-27,114.41,121.6,110.28,113.0,12254.50381909
AAVE/USD,2026-02-28,112.95,113.6,104.93,111.99,14003.08370306
AAVE/USD,2026-03-01,112.13,118.72,110.66,113.62,13773.96476706
AAVE/USD,2026-03-02,113.64,126.91,112.3,122.18,16733.91584303
AAVE/USD,2026-03-03,122.41,122.93,107.96,111.12,8852.42240268
AAVE/USD,2026-03-04,111.06,118.95,109.35,116.0,16381.61035742
AAVE/USD,2026-03-05,115.97,119.81,114.09,116.82,22472.49901771
AAVE/USD,2026-03-06,116.81,118.48,109.37,110.93,7852.76766919
AAVE/USD,2026-03-07,110.97,111.37,108.37,108.75,3837.2253213
AAVE/USD,2026-03-08,108.9,109.53,103.84,105.6,7568.74118651
AAVE/USD,2026-03-09,105.55,109.26,104.93,106.62,11776.28010684
AAVE/USD,2026-03-10,106.82,114.76,106.52,111.64,12275.60431722
AAVE/USD,2026-03-11,111.72,113.95,108.95,110.1,7370.93035559
AAVE/USD,2026-03-12,110.33,112.88,107.01,111.65,6192.90501155
AAVE/USD,2026-03-13,111.37,118.93,111.27,112.2,7719.56343682
AAVE/USD,2026-03-14,112.34,113.41,109.89,111.21,4763.73629261
AAVE/USD,2026-03-15,111.03,117.88,110.03,116.15,5887.73567548
AAVE/USD,2026-03-16,116.44,124.82,116.05,122.34,14782.44601768
AAVE/USD,2026-03-17,122.19,123.53,119.48,119.77,5374.54568015
AAVE/USD,2026-03-18,119.88,122.03,112.78,115.22,6668.81235549
AAVE/USD,2026-03-19,115.25,119.11,110.8,111.59,4407.59055599
AAVE/USD,2026-03-20,111.6,113.31,108.49,111.26,2477.74898377
AAVE/USD,2026-03-21,111.48,112.55,107.76,108.35,2842.97849197
AAVE/USD,2026-03-22,108.09,110.13,105.0,106.38,2811.96967957
AAVE/USD,2026-03-23,106.49,112.1,104.65,110.4,6575.27621686
AAVE/USD,2026-03-24,110.46,112.37,107.95,112.31,4076.22061127
AAVE/USD,2026-03-25,112.38,116.39,95.0,112.56,23773.76527883
AAVE/USD,2026-03-26,112.18,112.72,104.01,104.91,6097.81734735
AAVE/USD,2026-03-27,105.17,106.69,97.63,98.65,5059.00232243
AAVE/USD,2026-03-28,98.4,98.58,96.19,96.63,3762.66772321
AAVE/USD,2026-03-29,96.94,97.88,90.0,95.36,4729.0788518
AAVE/USD,2026-03-30,95.31,99.84,95.3,96.39,5349.91646018
AAVE/USD,2026-03-31,96.8,99.2,95.39,98.11,3282.69923535
AAVE/USD,2026-04-01,97.95,100.98,96.89,98.0,5698.93321933
AAVE/USD,2026-04-02,98.12,98.9,92.33,94.27,8202.44667411
AAVE/USD,2026-04-03,94.44,95.8,93.94,94.77,2005.01112081
AAVE/USD,2026-04-04,94.64,95.42,94.32,94.5,1199.28313807
AAVE/USD,2026-04-05,94.51,94.71,90.66,93.86,5560.29457859
AAVE/USD,2026-04-06,94.21,97.98,92.64,93.02,5640.94405092
AAVE/USD,2026-04-07,93.22,96.97,85.81,95.92,17423.1202628
AAVE/USD,2026-04-08,95.8,96.37,91.43,91.96,10785.53601698
AAVE/USD,2026-04-09,91.96,93.21,89.42,90.53,11485.45882257
AAVE/USD,2026-04-10,90.47,95.43,89.23,93.61,14679.21663623
AAVE/USD,2026-04-11,93.59,96.65,91.02,94.76,8021.96836711
AAVE/USD,2026-04-12,94.46,94.69,88.87,89.99,10267.24555799
AAVE/USD,2026-04-13,89.8,103.71,89.8,103.25,15205.21901053
AAVE/USD,2026-04-14,103.34,104.12,97.35,100.09,9140.82797258
AAVE/USD,2026-04-15,100.47,108.84,98.92,105.5,15740.33490238
AAVE/USD,2026-04-16,105.58,117.58,103.34,115.6,32481.14673174
AAVE/USD,2026-04-17,115.5,118.89,110.34,114.88,18490.25078638
AAVE/USD,2026-04-18,114.87,116.04,99.48,101.16,42958.71179402
AAVE/USD,2026-04-19,101.09,101.33,88.8,90.3,57791.19565669
AAVE/USD,2026-04-20,90.6,95.03,86.52,90.72,48920.32514053
AAVE/USD,2026-04-21,90.6,95.63,90.04,91.82,16021.53223199
AAVE/USD,2026-04-22,92.13,96.23,91.64,94.04,12751.23444873
AAVE/USD,2026-04-23,94.15,95.3,91.03,94.42,14744.43156727
AAVE/USD,2026-04-24,94.35,96.69,92.48,94.31,14684.90126937
AAVE/USD,2026-04-25,94.43,96.36,93.72,94.14,7344.41235015
AAVE/USD,2026-04-26,94.04,97.75,93.13,96.53,6181.26589738
AAVE/USD,2026-04-27,96.53,100.8,95.24,97.53,18565.61234463
AAVE/USD,2026-04-28,97.63,98.35,95.65,96.54,6466.03927191
AAVE/USD,2026-04-29,96.35,98.69,92.0,93.25,7833.31828193
AAVE/USD,2026-04-30,93.13,93.77,91.69,92.79,3318.76927636
AAVE/USD,2026-05-01,92.92,94.03,91.49,91.9,11261.82559655
AAVE/USD,2026-05-02,92.24,93.76,91.74,93.17,1740.65930707
AAVE/USD,2026-05-03,93.34,93.51,91.86,92.54,3304.82756237
AAVE/USD,2026-05-04,92.28,94.97,91.11,92.31,6642.83180485
AAVE/USD,2026-05-05,92.33,94.27,92.19,93.63,4945.42355188
AAVE/USD,2026-05-06,93.49,96.62,92.37,94.27,8169.96088229
AAVE/USD,2026-05-07,94.25,94.33,91.74,92.44,5921.21522679
AAVE/USD,2026-05-08,92.31,96.53,91.97,95.87,6744.29191761
AAVE/USD,2026-05-09,95.69,99.52,94.12,95.75,5665.31907414
AAVE/USD,2026-05-10,95.84,103.41,94.82,102.09,18851.1671614
AAVE/USD,2026-05-11,102.09,102.78,98.71,101.33,6240.05080838
AAVE/USD,2026-05-12,101.2,101.2,94.79,96.67,10003.25315177
AAVE/USD,2026-05-13,96.65,99.82,94.4,96.02,8457.22902371
AAVE/USD,2026-05-14,96.56,101.11,95.44,98.26,9312.23217069
AAVE/USD,2026-05-15,98.49,99.0,92.35,92.81,10309.38973595
AAVE/USD,2026-05-16,92.75,93.35,87.93,90.03,7020.52304565
AAVE/USD,2026-05-17,90.18,91.55,86.73,89.2,3903.60555994
AAVE/USD,2026-05-18,89.11,89.84,87.06,89.43,4425.65915035
AAVE/USD,2026-05-19,89.45,89.99,87.24,87.38,1524.19501025
AAVE/USD,2026-05-20,87.29,89.08,86.63,88.0,4407.95142878
AAVE/USD,2026-05-21,88.02,90.11,87.65,87.99,5834.38519328
AAVE/USD,2026-05-22,88.08,89.48,84.71,86.03,6141.8828862
AAVE/USD,2026-05-23,86.08,89.0,82.68,86.59,8687.51905568
AAVE/USD,2026-05-24,86.69,87.79,83.85,85.56,8150.3692429
AAVE/USD,2026-05-25,85.7,87.33,85.17,86.32,9767.46675967
AAVE/USD,2026-05-26,86.32,88.38,85.01,85.65,15121.29417469
AAVE/USD,2026-05-27,85.68,86.8,82.83,83.16,11087.34141827
AAVE/USD,2026-05-28,83.29,83.32,78.04,80.73,14230.32659959
AAVE/USD,2026-05-29,81.0,82.27,80.28,82.22,829.21588858
